slug,mois,mois_num,tmin,tmax,rain_pct,precip_mm,sun_h,score,classe,source,sea_temp,beach_score,dew_point_mean,uv_index,wave_height_mean,swell_period_mean,aqi_mean,sun_source
ouagadougou,Janvier,1,17,33,0,0.0,8.7,8.5,rec,open-meteo,,,-2.8,6.6,,,84.0,observed
ouagadougou,Février,2,20,36,0,0.0,8.7,5.0,mid,open-meteo,,,-3.4,7.4,,,94.0,observed
ouagadougou,Mars,3,24,39,2,0.1,7.9,5.9,avoid,open-meteo,,,2.3,8.1,,,83.0,observed
ouagadougou,Avril,4,28,40,3,0.1,7.7,5.6,avoid,open-meteo,,,10.3,8.3,,,67.0,observed
ouagadougou,Mai,5,28,38,17,0.8,8.1,5.7,avoid,open-meteo,,,18.8,7.9,,,50.0,observed
ouagadougou,Juin,6,25,35,31,2.1,7.9,4.7,mid,open-meteo,,,21.1,7.8,,,40.0,observed
ouagadougou,Juillet,7,24,32,58,5.5,7.2,4.8,mid,open-meteo,,,22.0,6.9,,,24.0,observed
ouagadougou,Août,8,23,30,78,7.8,6.3,4.6,mid,open-meteo,,,22.3,6.7,,,20.0,observed
ouagadougou,Septembre,9,23,32,54,4.6,7.3,4.8,mid,open-meteo,,,22.5,7.2,,,22.0,observed
ouagadougou,Octobre,10,24,34,18,1.1,8.5,5.2,mid,open-meteo,,,19.4,6.9,,,34.0,observed
ouagadougou,Novembre,11,20,36,0,0.0,9.2,5.1,mid,open-meteo,,,8.1,6.6,,,93.0,observed
ouagadougou,Décembre,12,19,34,0,0.0,9.1,5.6,mid,open-meteo,,,1.0,6.1,,,233.0,observed
cotonou,Janvier,1,26,30,18,0.6,6.1,5.7,mid,open-meteo,29.6,9.0,23.0,7.8,0.92,9.7,77.0,observed
cotonou,Février,2,27,31,25,1.0,6.7,5.5,mid,open-meteo,28.9,8.7,24.4,8.3,0.96,9.8,91.0,observed
cotonou,Mars,3,27,30,43,2.1,6.9,5.3,mid,open-meteo,29.5,8.4,24.9,8.6,1.1,9.6,33.0,observed
cotonou,Avril,4,27,30,50,2.4,7.0,5.1,mid,open-meteo,30.3,8.2,24.8,8.2,1.21,9.1,23.0,observed
cotonou,Mai,5,26,30,64,4.6,6.3,4.8,mid,open-meteo,30.7,7.8,24.6,7.5,1.37,9.9,21.0,observed
cotonou,Juin,6,25,28,82,7.3,4.6,4.6,mid,open-meteo,29.7,7.2,23.6,7.0,1.39,8.6,21.0,observed
cotonou,Juillet,7,24,27,57,3.3,4.6,4.9,mid,open-meteo,27.3,7.1,22.9,7.0,1.6,10.1,22.0,observed
cotonou,Août,8,24,26,51,2.4,4.9,4.9,mid,open-meteo,25.6,6.9,22.6,7.8,1.58,10.0,19.0,observed
cotonou,Septembre,9,24,27,74,4.4,5.2,4.7,mid,open-meteo,26.4,6.9,23.1,7.9,1.48,9.0,18.0,observed
cotonou,Octobre,10,25,28,73,4.8,6.5,4.8,mid,open-meteo,28.1,7.5,23.9,7.2,1.23,9.2,20.0,observed
cotonou,Novembre,11,26,30,63,2.0,7.8,5.0,mid,open-meteo,29.6,8.3,24.4,7.8,1.07,8.9,44.0,observed
cotonou,Décembre,12,26,30,26,0.7,7.1,5.6,mid,open-meteo,29.0,8.8,23.5,7.4,0.98,9.5,92.0,observed
lome,Janvier,1,25,31,18,0.7,7.2,5.7,mid,open-meteo,29.2,8.9,22.8,7.9,0.77,8.4,71.0,observed
lome,Février,2,26,32,32,1.1,7.6,5.2,mid,open-meteo,28.7,8.5,24.3,8.6,0.81,9.0,85.0,observed
lome,Mars,3,26,31,41,1.7,7.4,5.3,mid,open-meteo,29.2,8.5,24.8,8.8,0.89,9.1,35.0,observed
lome,Avril,4,26,31,46,2.4,7.3,5.2,mid,open-meteo,30.2,8.4,24.7,8.6,0.96,8.9,25.0,observed
lome,Mai,5,26,30,67,5.2,7.0,4.8,mid,open-meteo,30.4,8.2,24.4,7.7,1.07,9.5,22.0,observed
lome,Juin,6,24,28,76,6.3,4.7,4.7,mid,open-meteo,28.9,7.4,23.4,7.1,1.18,8.5,22.0,observed
lome,Juillet,7,24,28,57,3.0,4.4,4.9,mid,open-meteo,26.1,7.6,22.7,6.7,1.24,9.4,26.0,observed
lome,Août,8,23,27,37,1.8,4.8,5.3,mid,open-meteo,24.4,7.4,22.3,7.4,1.21,9.6,23.0,observed
lome,Septembre,9,24,28,70,4.2,5.6,4.8,mid,open-meteo,25.5,7.4,22.9,7.8,1.13,8.9,20.0,observed
lome,Octobre,10,24,29,72,4.6,7.0,4.8,mid,open-meteo,27.7,7.9,23.7,7.4,1.02,8.7,20.0,observed
lome,Novembre,11,25,30,62,2.4,8.0,5.0,mid,open-meteo,29.3,8.4,24.2,7.9,0.89,8.7,40.0,observed
lome,Décembre,12,25,31,31,1.0,7.3,5.5,mid,open-meteo,28.8,8.7,23.3,7.5,0.84,9.2,85.0,observed
douala,Janvier,1,24,32,56,1.8,6.2,4.7,mid,open-meteo,30.5,8.3,23.6,7.9,0.16,7.0,61.0,observed
douala,Février,2,25,32,61,2.5,6.3,4.7,mid,open-meteo,30.9,8.1,24.1,8.3,0.17,6.9,66.0,observed
douala,Mars,3,24,32,81,7.1,5.5,4.4,mid,open-meteo,31.1,7.6,24.3,8.4,0.15,7.3,39.0,observed
douala,Avril,4,24,31,84,9.0,5.9,4.5,mid,open-meteo,31.4,7.6,24.4,8.2,0.13,8.5,28.0,observed
douala,Mai,5,24,30,91,10.9,5.7,4.4,mid,open-meteo,31.6,7.6,24.3,7.2,0.16,9.2,26.0,observed
douala,Juin,6,23,29,95,12.6,4.1,4.4,mid,open-meteo,30.0,7.7,23.5,7.2,0.16,7.6,24.0,observed
douala,Juillet,7,23,28,95,10.1,2.3,4.3,mid,open-meteo,28.4,7.4,22.9,7.1,0.2,9.3,22.0,observed
douala,Août,8,23,28,91,9.8,1.7,4.3,mid,open-meteo,27.7,7.4,22.8,6.7,0.2,8.8,21.0,observed
douala,Septembre,9,23,28,97,10.9,3.0,4.3,mid,open-meteo,28.9,7.4,23.2,7.4,0.16,7.7,20.0,observed
douala,Octobre,10,23,29,97,12.2,4.2,4.3,mid,open-meteo,29.4,7.7,23.6,6.7,0.14,8.3,21.0,observed
douala,Novembre,11,24,30,92,8.6,5.4,4.4,mid,open-meteo,30.1,8.0,23.8,7.3,0.16,7.5,30.0,observed
douala,Décembre,12,24,31,63,2.8,5.9,4.8,mid,open-meteo,30.3,8.4,23.9,7.3,0.17,8.4,57.0,observed
arusha,Janvier,1,16,27,53,4.0,7.5,7.8,rec,open-meteo,,,14.0,7.6,,,22.0,calibrated
arusha,Février,2,16,28,42,3.4,8.0,8.2,rec,open-meteo,,,13.9,8.7,,,20.0,calibrated
arusha,Mars,3,17,27,58,6.1,7.2,7.7,rec,open-meteo,,,14.7,8.9,,,18.0,calibrated
arusha,Avril,4,17,24,90,9.8,5.3,4.3,mid,open-meteo,,,16.3,7.7,,,13.0,calibrated
arusha,Mai,5,16,22,56,4.4,6.5,7.4,rec,open-meteo,,,14.6,7.3,,,18.0,calibrated
arusha,Juin,6,14,21,32,1.3,7.5,7.7,rec,open-meteo,,,12.4,7.2,,,20.0,calibrated
arusha,Juillet,7,14,21,31,1.2,7.6,7.8,rec,open-meteo,,,11.4,7.7,,,27.0,calibrated
arusha,Août,8,14,22,30,0.9,7.7,7.9,rec,open-meteo,,,11.4,8.4,,,24.0,calibrated
arusha,Septembre,9,14,25,19,0.9,8.5,8.5,rec,open-meteo,,,11.7,9.2,,,24.0,calibrated
arusha,Octobre,10,16,26,32,2.0,8.1,8.3,rec,open-meteo,,,13.0,9.1,,,23.0,calibrated
arusha,Novembre,11,16,26,57,3.9,7.2,7.7,rec,open-meteo,,,14.8,8.6,,,21.0,calibrated
arusha,Décembre,12,16,26,59,4.4,7.1,7.6,rec,open-meteo,,,14.9,7.6,,,24.0,calibrated
gondar,Janvier,1,11,24,2,0.1,9.4,9.0,rec,open-meteo,,,2.8,7.4,,,32.0,observed
gondar,Février,2,13,26,6,0.3,8.6,9.0,rec,open-meteo,,,3.5,8.1,,,30.0,observed
gondar,Mars,3,14,27,8,0.4,7.4,8.9,rec,open-meteo,,,2.4,8.5,,,34.0,observed
gondar,Avril,4,15,26,25,1.2,8.3,8.5,rec,open-meteo,,,4.7,8.8,,,39.0,observed
gondar,Mai,5,15,25,47,3.4,7.7,7.8,rec,open-meteo,,,9.3,8.0,,,38.0,observed
gondar,Juin,6,14,22,76,5.3,6.1,4.5,mid,open-meteo,,,12.6,8.0,,,51.0,observed
gondar,Juillet,7,13,20,98,9.1,3.7,1.2,avoid,open-meteo,,,14.0,7.4,,,26.0,observed
gondar,Août,8,13,20,99,10.4,4.5,1.2,avoid,open-meteo,,,14.0,6.9,,,19.0,observed
gondar,Septembre,9,12,21,73,7.1,6.8,4.4,mid,open-meteo,,,13.1,8.4,,,33.0,observed
gondar,Octobre,10,12,22,42,2.1,7.4,7.7,rec,open-meteo,,,10.6,7.9,,,29.0,observed
gondar,Novembre,11,12,23,15,0.7,8.0,8.4,rec,open-meteo,,,7.7,7.3,,,29.0,observed
gondar,Décembre,12,11,24,4,0.1,9.0,8.9,rec,open-meteo,,,4.9,7.1,,,34.0,observed
lalibela,Janvier,1,10,23,4,0.2,8.6,8.8,rec,open-meteo,,,2.2,7.6,,,30.0,calibrated
lalibela,Février,2,12,25,13,0.6,8.3,8.7,rec,open-meteo,,,4.0,8.2,,,29.0,calibrated
lalibela,Mars,3,13,25,18,0.8,8.2,8.5,rec,open-meteo,,,4.6,8.9,,,29.0,calibrated
lalibela,Avril,4,14,25,34,2.1,7.9,8.1,rec,open-meteo,,,6.3,8.7,,,32.0,calibrated
lalibela,Mai,5,13,25,37,4.0,8.0,8.0,rec,open-meteo,,,7.7,8.3,,,35.0,calibrated
lalibela,Juin,6,13,24,44,6.4,7.5,7.8,rec,open-meteo,,,7.8,8.0,,,49.0,calibrated
lalibela,Juillet,7,12,19,99,23.2,4.7,1.1,avoid,open-meteo,,,12.3,7.9,,,42.0,calibrated
lalibela,Août,8,12,19,100,25.4,4.6,1.1,avoid,open-meteo,,,12.4,7.6,,,26.0,calibrated
lalibela,Septembre,9,11,20,91,20.1,5.5,1.5,avoid,open-meteo,,,10.9,8.4,,,45.0,calibrated
lalibela,Octobre,10,11,22,36,2.6,7.8,7.8,rec,open-meteo,,,7.5,7.8,,,30.0,calibrated
lalibela,Novembre,11,11,22,9,0.5,8.6,8.5,rec,open-meteo,,,5.3,7.5,,,33.0,calibrated
lalibela,Décembre,12,10,23,2,0.1,8.6,8.8,rec,open-meteo,,,3.7,7.3,,,40.0,calibrated
corse,Janvier,1,-1,5,46,5.2,4.2,0.8,avoid,open-meteo,15.5,2.0,-1.2,2.2,,,25.0,calibrated
corse,Février,2,0,8,35,4.2,5.5,4.1,mid,open-meteo,14.4,2.5,-1.1,3.0,,,29.0,calibrated
corse,Mars,3,0,8,43,4.4,6.0,1.2,avoid,open-meteo,14.5,2.5,-0.1,4.7,,,32.0,calibrated
corse,Avril,4,3,12,43,3.4,6.8,4.2,mid,open-meteo,15.6,2.7,1.8,6.5,,,34.0,calibrated
corse,Mai,5,6,14,51,4.0,7.1,4.2,mid,open-meteo,18.7,3.3,5.9,6.8,,,32.0,calibrated
corse,Juin,6,12,21,30,1.6,8.6,7.9,rec,open-meteo,24.2,6.1,9.5,7.7,,,34.0,calibrated
corse,Juillet,7,15,24,23,1.0,8.7,8.4,rec,open-meteo,26.4,7.5,10.7,8.0,,,31.0,calibrated
corse,Août,8,15,24,27,1.4,8.0,8.2,rec,open-meteo,25.6,7.1,10.3,7.0,,,32.0,calibrated
corse,Septembre,9,11,19,40,2.8,6.5,7.3,rec,open-meteo,23.7,4.9,9.0,5.2,,,29.0,calibrated
corse,Octobre,10,8,15,38,4.0,5.7,4.3,mid,open-meteo,22.8,4.3,6.7,3.7,,,26.0,calibrated
corse,Novembre,11,3,9,47,6.1,4.5,1.0,avoid,open-meteo,20.0,3.0,3.3,2.9,,,28.0,calibrated
corse,Décembre,12,0,7,44,5.7,4.3,0.9,avoid,open-meteo,16.8,2.3,0.1,2.2,,,28.0,calibrated
costa-rica,Janvier,1,16,25,24,1.3,7.8,8.3,rec,open-meteo,,,14.4,8.3,,,19.0,calibrated
costa-rica,Février,2,16,26,18,1.0,8.1,8.6,rec,open-meteo,,,13.7,8.5,,,22.0,calibrated
costa-rica,Mars,3,16,27,25,1.1,8.0,8.5,rec,open-meteo,,,14.1,9.5,,,27.0,calibrated
costa-rica,Avril,4,17,27,54,3.8,6.9,7.8,rec,open-meteo,,,15.7,8.6,,,23.0,calibrated
costa-rica,Mai,5,17,26,86,12.1,4.5,4.4,mid,open-meteo,,,17.7,8.6,,,25.0,calibrated
costa-rica,Juin,6,17,24,94,13.0,3.8,4.2,mid,open-meteo,,,18.0,7.4,,,21.0,calibrated
costa-rica,Juillet,7,17,25,76,9.7,4.9,4.5,mid,open-meteo,,,17.4,8.1,,,17.0,calibrated
costa-rica,Août,8,17,25,85,12.6,4.7,4.4,mid,open-meteo,,,17.5,8.3,,,19.0,calibrated
costa-rica,Septembre,9,16,25,96,14.6,3.8,4.3,mid,open-meteo,,,17.8,7.8,,,19.0,calibrated
costa-rica,Octobre,10,16,24,94,17.7,3.8,4.2,mid,open-meteo,,,17.7,7.9,,,17.0,calibrated
costa-rica,Novembre,11,17,24,81,11.3,4.7,4.4,mid,open-meteo,,,17.2,5.9,,,16.0,calibrated
costa-rica,Décembre,12,16,24,37,2.8,7.3,7.9,rec,open-meteo,,,15.6,7.2,,,19.0,calibrated
cote-azur,Janvier,1,5,13,20,1.8,5.1,4.4,mid,open-meteo,14.9,4.0,2.8,2.1,0.74,4.8,20.0,observed
cote-azur,Février,2,6,14,23,2.5,6.1,4.4,mid,open-meteo,14.0,3.9,4.3,2.8,0.71,5.2,25.0,observed
cote-azur,Mars,3,8,15,23,2.6,7.0,4.5,mid,open-meteo,14.0,3.9,5.3,4.1,0.97,5.2,28.0,observed
cote-azur,Avril,4,10,18,28,2.5,7.5,7.4,rec,open-meteo,15.4,4.7,8.3,5.7,0.73,4.5,30.0,observed
cote-azur,Mai,5,14,21,31,2.0,8.6,7.8,rec,open-meteo,18.7,6.0,12.7,6.6,0.54,4.5,30.0,observed
cote-azur,Juin,6,19,26,21,1.3,10.2,8.8,rec,open-meteo,23.2,8.0,17.0,7.1,0.59,4.3,31.0,observed
cote-azur,Juillet,7,21,28,8,0.4,11.2,9.6,rec,open-meteo,26.5,9.2,18.9,7.3,0.35,4.2,35.0,observed
cote-azur,Août,8,22,29,11,0.6,10.2,9.2,rec,open-meteo,26.0,9.2,18.1,6.6,0.3,4.0,36.0,observed
cote-azur,Septembre,9,18,25,17,1.7,8.1,8.5,rec,open-meteo,24.3,7.8,14.7,4.8,0.68,4.4,28.0,observed
cote-azur,Octobre,10,14,21,26,3.9,6.0,7.7,rec,open-meteo,21.8,6.2,12.4,3.5,0.76,4.5,22.0,observed
cote-azur,Novembre,11,9,17,32,4.2,5.0,4.5,mid,open-meteo,18.4,4.6,7.3,2.3,0.72,4.9,24.0,observed
cote-azur,Décembre,12,6,14,22,2.8,4.5,4.3,mid,open-meteo,16.3,4.2,4.5,2.0,0.65,4.6,20.0,observed
crete,Janvier,1,7,15,43,2.9,3.9,4.2,mid,open-meteo,17.2,2.6,6.4,2.7,,,26.0,observed
crete,Février,2,8,16,37,2.5,4.7,4.3,mid,open-meteo,16.2,2.5,6.8,4.0,,,29.0,observed
crete,Mars,3,9,17,33,2.2,5.9,4.5,mid,open-meteo,16.1,2.8,7.2,5.9,,,37.0,observed
crete,Avril,4,12,21,20,1.2,7.8,8.0,rec,open-meteo,17.1,4.1,8.2,7.1,,,40.0,observed
crete,Mai,5,15,25,23,1.4,9.6,8.6,rec,open-meteo,19.1,5.7,11.4,7.6,,,43.0,observed
crete,Juin,6,20,29,14,0.8,11.9,9.4,rec,open-meteo,23.2,8.1,14.4,8.3,,,44.0,observed
crete,Juillet,7,23,31,5,0.2,11.9,9.4,rec,open-meteo,27.3,9.3,15.3,8.2,,,38.0,observed
crete,Août,8,22,31,7,0.3,11.1,6.5,mid,open-meteo,27.7,9.3,16.6,7.8,,,38.0,observed
crete,Septembre,9,20,28,15,0.8,9.2,9.1,rec,open-meteo,25.4,8.1,15.4,6.7,,,32.0,observed
crete,Octobre,10,16,24,21,1.1,6.7,8.2,rec,open-meteo,23.8,6.5,13.9,5.4,,,31.0,observed
crete,Novembre,11,13,20,29,1.9,4.8,7.5,rec,open-meteo,21.6,4.5,11.6,3.7,,,27.0,observed
crete,Décembre,12,9,16,42,2.8,3.7,4.3,mid,open-meteo,19.3,3.0,8.6,2.7,,,27.0,observed
dubai,Janvier,1,16,24,7,0.7,8.2,8.7,rec,open-meteo,21.8,7.0,12.5,5.4,0.8,4.7,66.0,observed
dubai,Février,2,17,24,7,0.6,8.9,8.8,rec,open-meteo,21.7,6.8,12.9,6.3,1.09,4.9,68.0,observed
dubai,Mars,3,19,28,7,0.5,9.3,9.4,rec,open-meteo,24.3,8.4,14.3,7.4,0.78,4.4,86.0,observed
dubai,Avril,4,22,32,3,0.5,10.5,8.9,rec,open-meteo,25.6,8.9,15.4,8.3,0.47,3.5,86.0,observed
dubai,Mai,5,25,37,0,0.0,11.3,5.0,mid,open-meteo,29.5,8.6,18.6,8.7,0.61,4.0,77.0,observed
dubai,Juin,6,28,39,0,0.0,11.5,3.4,avoid,open-meteo,32.6,7.8,22.1,8.9,0.41,3.7,89.0,observed
dubai,Juillet,7,31,41,1,0.1,11.0,2.8,avoid,open-meteo,34.6,6.8,23.5,8.8,0.56,4.4,118.0,observed
dubai,Août,8,30,41,0,0.0,10.8,2.8,avoid,open-meteo,34.7,6.8,23.0,8.7,0.43,3.6,126.0,observed
dubai,Septembre,9,28,39,0,0.0,10.3,3.2,avoid,open-meteo,33.9,7.3,22.6,8.1,0.4,4.3,101.0,observed
dubai,Octobre,10,25,35,2,0.1,9.7,5.3,mid,open-meteo,32.0,8.2,20.6,6.9,0.66,4.2,69.0,observed
dubai,Novembre,11,21,31,4,0.2,8.9,6.3,mid,open-meteo,27.9,9.1,16.7,5.7,0.62,4.5,66.0,observed
dubai,Décembre,12,17,26,4,0.3,8.3,9.1,rec,open-meteo,24.9,8.1,14.0,5.0,0.7,4.5,67.0,observed
dubrovnik,Janvier,1,3,12,43,6.2,4.2,4.1,mid,open-meteo,15.8,3.6,1.5,2.0,0.98,4.9,25.0,observed
dubrovnik,Février,2,5,13,39,6.4,5.1,4.2,mid,open-meteo,14.3,3.6,3.7,3.0,0.97,5.1,28.0,observed
dubrovnik,Mars,3,7,15,43,7.5,5.8,4.3,mid,open-meteo,14.6,3.5,4.7,4.2,1.13,5.0,33.0,observed
dubrovnik,Avril,4,10,18,35,4.2,6.9,7.3,rec,open-meteo,15.6,4.6,7.7,6.0,0.72,5.0,33.0,observed
dubrovnik,Mai,5,14,22,42,4.6,8.6,7.8,rec,open-meteo,18.8,5.9,12.8,6.7,0.75,4.4,37.0,observed
dubrovnik,Juin,6,19,28,24,1.8,10.4,9.0,rec,open-meteo,24.1,8.5,17.0,7.5,0.56,3.8,35.0,observed
dubrovnik,Juillet,7,21,30,12,1.4,11.2,6.4,mid,open-meteo,26.7,9.5,17.6,7.5,0.51,3.4,35.0,observed
dubrovnik,Août,8,22,30,17,1.7,10.5,6.2,mid,open-meteo,26.4,9.3,17.9,6.8,0.38,3.2,34.0,observed
dubrovnik,Septembre,9,18,26,29,4.8,10.3,8.6,rec,open-meteo,24.5,7.7,14.9,5.3,0.76,4.3,30.0,observed
dubrovnik,Octobre,10,13,21,31,6.2,6.1,7.6,rec,open-meteo,23.3,6.4,12.0,3.9,0.75,4.8,28.0,observed
dubrovnik,Novembre,11,10,17,51,11.9,4.5,4.3,mid,open-meteo,20.3,4.7,8.5,2.5,0.62,4.9,25.0,observed
dubrovnik,Décembre,12,6,14,41,7.2,4.0,4.2,mid,open-meteo,17.1,3.9,4.4,1.9,0.83,5.1,24.0,observed
edimbourg,Janvier,1,2,6,42,2.4,1.8,0.7,avoid,open-meteo,5.3,2.9,1.7,0.1,0.51,6.2,26.0,observed
edimbourg,Février,2,2,7,48,2.7,2.9,0.8,avoid,open-meteo,6.3,3.0,1.6,0.4,0.53,6.2,27.0,observed
edimbourg,Mars,3,3,9,47,2.4,3.8,1.0,avoid,open-meteo,6.2,3.1,2.3,0.9,0.56,6.5,27.0,observed
edimbourg,Avril,4,4,11,38,1.7,5.2,4.1,mid,open-meteo,9.5,3.6,3.1,2.0,0.5,5.0,29.0,observed
edimbourg,Mai,5,8,14,40,2.2,6.3,4.3,mid,open-meteo,12.1,3.6,6.7,3.0,0.34,5.4,30.0,observed
edimbourg,Juin,6,10,16,47,2.6,5.4,4.3,mid,open-meteo,15.9,3.8,9.2,3.9,0.32,4.3,24.0,observed
edimbourg,Juillet,7,12,18,53,2.9,5.5,4.4,mid,open-meteo,14.6,3.9,11.0,3.3,0.26,4.3,21.0,observed
edimbourg,Août,8,12,18,47,2.6,5.2,4.4,mid,open-meteo,16.6,4.2,11.0,3.2,0.39,3.8,22.0,observed
edimbourg,Septembre,9,10,16,46,2.6,4.3,4.2,mid,open-meteo,15.2,3.4,9.5,1.8,0.37,5.0,25.0,observed
edimbourg,Octobre,10,8,12,52,3.2,3.2,1.0,avoid,open-meteo,11.8,3.0,7.2,0.8,0.41,4.7,23.0,observed
edimbourg,Novembre,11,4,9,47,2.7,2.4,0.9,avoid,open-meteo,8.7,2.9,4.2,0.2,0.27,5.3,27.0,observed
edimbourg,Décembre,12,3,7,47,3.0,1.6,0.7,avoid,open-meteo,6.6,2.8,3.1,0.1,0.49,6.2,27.0,observed
florence,Janvier,1,2,11,36,2.6,0.1,1.0,avoid,open-meteo,,,2.8,1.8,,,38.0,observed
florence,Février,2,4,13,39,3.5,0.1,1.1,avoid,open-meteo,,,4.0,2.4,,,50.0,observed
florence,Mars,3,5,16,35,3.0,0.2,4.2,mid,open-meteo,,,4.8,3.8,,,37.0,observed
florence,Avril,4,8,19,34,2.7,0.2,4.4,mid,open-meteo,,,7.3,5.7,,,32.0,observed
florence,Mai,5,12,23,46,3.4,0.3,4.5,mid,open-meteo,,,12.0,6.3,,,30.0,observed
florence,Juin,6,16,29,25,1.8,0.3,7.7,rec,open-meteo,,,15.4,7.1,,,32.0,observed
florence,Juillet,7,19,32,17,1.0,0.3,4.9,mid,open-meteo,,,16.6,7.3,,,34.0,observed
florence,Août,8,19,32,21,1.6,0.3,4.8,mid,open-meteo,,,16.4,6.5,,,35.0,observed
florence,Septembre,9,16,26,32,3.8,0.2,7.5,rec,open-meteo,,,14.1,5.1,,,27.0,observed
florence,Octobre,10,12,21,37,3.4,0.2,4.5,mid,open-meteo,,,12.1,2.9,,,24.0,observed
florence,Novembre,11,7,16,44,4.7,0.1,4.1,mid,open-meteo,,,8.0,2.2,,,35.0,observed
florence,Décembre,12,3,12,42,3.5,0.1,0.9,avoid,open-meteo,,,4.8,1.7,,,32.0,observed
fuerteventura,Janvier,1,12,18,6,0.2,6.1,7.7,rec,open-meteo,20.0,5.5,8.1,5.0,0.94,11.2,65.0,observed
fuerteventura,Février,2,12,20,10,0.4,6.7,7.9,rec,open-meteo,18.7,5.3,8.4,6.1,1.24,10.3,66.0,observed
fuerteventura,Mars,3,12,20,8,0.3,7.5,8.1,rec,open-meteo,19.1,5.6,9.2,7.2,1.16,9.9,42.0,observed
fuerteventura,Avril,4,13,21,6,0.3,8.1,8.4,rec,open-meteo,19.7,6.2,10.1,8.3,0.95,8.2,44.0,observed
fuerteventura,Mai,5,14,23,4,0.1,9.0,8.8,rec,open-meteo,21.1,6.9,11.5,8.5,0.95,6.4,37.0,observed
fuerteventura,Juin,6,16,24,1,0.0,9.5,9.1,rec,open-meteo,22.7,7.5,13.2,8.8,0.86,6.0,31.0,observed
fuerteventura,Juillet,7,18,26,0,0.0,9.5,9.4,rec,open-meteo,22.8,7.8,15.1,8.9,0.89,6.5,26.0,observed
fuerteventura,Août,8,18,28,1,0.0,9.3,9.6,rec,open-meteo,23.0,8.2,15.7,8.6,0.97,6.7,30.0,observed
fuerteventura,Septembre,9,18,26,3,0.3,8.2,9.1,rec,open-meteo,23.2,7.8,15.6,7.8,0.8,6.9,35.0,observed
fuerteventura,Octobre,10,17,25,7,0.3,7.3,8.7,rec,open-meteo,24.0,7.6,14.1,6.6,0.94,9.0,31.0,observed
fuerteventura,Novembre,11,15,22,6,0.3,6.8,8.4,rec,open-meteo,23.0,6.9,11.7,5.2,0.74,9.7,51.0,observed
fuerteventura,Décembre,12,13,19,6,0.3,6.0,7.8,rec,open-meteo,21.7,6.0,9.5,4.4,0.98,8.7,68.0,observed
goa,Janvier,1,20,31,4,0.2,10.1,6.4,mid,open-meteo,27.2,9.1,17.8,6.9,0.67,9.2,61.0,observed
goa,Février,2,21,32,0,0.0,10.4,6.3,mid,open-meteo,28.0,9.0,18.3,7.9,0.79,7.2,60.0,observed
goa,Mars,3,23,32,4,0.1,9.4,6.0,mid,open-meteo,28.9,8.9,21.3,8.6,0.93,7.8,58.0,observed
goa,Avril,4,26,32,3,0.2,9.6,6.1,mid,open-meteo,30.0,9.1,23.7,8.8,0.89,9.6,55.0,observed
goa,Mai,5,27,32,34,4.0,9.6,5.4,mid,open-meteo,30.5,8.4,24.6,8.5,1.1,9.4,44.0,observed
goa,Juin,6,25,28,94,26.4,4.2,5.6,avoid,open-meteo,30.4,5.9,24.5,6.8,1.99,7.8,22.0,observed
goa,Juillet,7,25,27,99,31.3,3.4,5.2,avoid,open-meteo,27.9,5.1,24.0,4.5,2.93,8.6,23.0,observed
goa,Août,8,25,27,96,18.1,3.9,4.3,mid,open-meteo,27.7,5.8,23.9,7.2,1.99,7.6,21.0,observed
goa,Septembre,9,24,28,87,11.8,5.9,4.6,mid,open-meteo,28.7,6.9,23.9,7.9,1.49,6.8,21.0,observed
goa,Octobre,10,24,29,61,6.5,8.0,5.1,mid,open-meteo,29.9,8.2,23.9,7.6,0.82,9.3,42.0,observed
goa,Novembre,11,24,32,17,1.4,9.1,5.7,mid,open-meteo,29.7,8.9,21.1,6.9,0.53,10.2,71.0,observed
goa,Décembre,12,22,32,6,0.4,9.7,6.0,mid,open-meteo,28.7,8.9,19.2,6.3,0.73,9.4,65.0,observed
gran-canaria,Janvier,1,16,20,6,0.2,5.9,7.9,rec,open-meteo,20.6,5.9,10.3,4.9,1.02,10.0,69.0,observed
gran-canaria,Février,2,16,21,8,0.5,6.8,8.2,rec,open-meteo,19.6,5.3,10.0,5.9,1.61,9.4,70.0,observed
gran-canaria,Mars,3,16,21,11,0.5,7.4,8.2,rec,open-meteo,19.8,5.3,11.3,7.1,1.7,9.8,41.0,observed
gran-canaria,Avril,4,17,22,10,0.5,7.6,8.4,rec,open-meteo,20.1,6.0,12.4,8.0,1.36,8.0,43.0,observed
gran-canaria,Mai,5,18,24,5,0.2,8.8,8.9,rec,open-meteo,21.1,6.6,13.6,8.2,1.43,6.7,36.0,observed
gran-canaria,Juin,6,20,25,3,0.1,9.5,9.1,rec,open-meteo,23.1,7.2,15.5,8.5,1.44,7.7,31.0,observed
gran-canaria,Juillet,7,21,27,0,0.0,9.9,9.6,rec,open-meteo,23.6,7.7,16.0,8.5,1.43,6.9,30.0,observed
gran-canaria,Août,8,22,28,1,0.0,9.7,9.6,rec,open-meteo,23.7,7.7,16.6,8.3,1.59,7.3,35.0,observed
gran-canaria,Septembre,9,22,26,3,0.4,8.0,9.0,rec,open-meteo,24.3,7.6,17.8,7.5,1.34,6.9,37.0,observed
gran-canaria,Octobre,10,21,25,10,0.6,7.1,8.6,rec,open-meteo,24.5,7.2,16.3,6.4,1.41,8.5,32.0,observed
gran-canaria,Novembre,11,19,24,12,0.4,6.2,8.3,rec,open-meteo,23.0,7.1,14.0,5.1,0.94,9.9,52.0,observed
gran-canaria,Décembre,12,17,21,10,0.3,5.8,8.0,rec,open-meteo,21.7,5.7,11.8,4.4,1.52,8.5,70.0,observed
hawaii,Janvier,1,16,22,38,2.7,6.6,7.7,rec,open-meteo,25.4,6.8,14.7,5.8,1.07,8.9,24.0,calibrated
hawaii,Février,2,16,22,56,5.8,6.2,7.4,rec,open-meteo,24.9,6.7,14.4,6.2,0.74,10.1,33.0,calibrated
hawaii,Mars,3,16,23,49,3.1,6.7,7.6,rec,open-meteo,25.2,7.1,14.7,7.0,0.7,11.0,32.0,calibrated
hawaii,Avril,4,17,23,52,5.0,6.8,7.5,rec,open-meteo,25.6,7.1,15.5,7.3,0.77,10.8,28.0,calibrated
hawaii,Mai,5,18,24,44,2.8,7.5,7.8,rec,open-meteo,26.0,7.6,16.0,6.1,0.81,11.9,24.0,calibrated
hawaii,Juin,6,19,26,34,1.5,8.2,8.2,rec,open-meteo,26.4,8.1,16.4,8.7,0.78,11.6,20.0,calibrated
hawaii,Juillet,7,20,27,32,1.5,8.2,8.4,rec,open-meteo,27.1,8.4,17.0,8.2,0.7,11.2,20.0,calibrated
hawaii,Août,8,20,27,34,3.1,7.8,8.3,rec,open-meteo,27.3,8.3,17.7,8.3,0.78,11.1,14.0,calibrated
hawaii,Septembre,9,19,26,37,2.1,7.3,8.1,rec,open-meteo,27.3,8.1,17.6,7.1,0.66,10.3,19.0,calibrated
hawaii,Octobre,10,19,26,47,3.5,6.5,7.8,rec,open-meteo,27.1,7.9,17.5,6.6,0.7,11.4,20.0,calibrated
hawaii,Novembre,11,18,24,42,2.8,6.4,7.7,rec,open-meteo,26.6,7.5,16.5,6.0,0.64,10.1,28.0,calibrated
hawaii,Décembre,12,17,23,43,4.0,6.2,7.6,rec,open-meteo,25.8,7.2,15.5,5.9,0.71,10.2,25.0,calibrated
hoi-an,Janvier,1,20,24,65,5.5,4.9,7.3,rec,open-meteo,23.1,5.9,19.4,5.3,1.27,6.5,40.0,calibrated
hoi-an,Février,2,20,25,49,3.0,6.0,7.6,rec,open-meteo,23.4,6.8,19.7,7.2,0.96,6.2,38.0,calibrated
hoi-an,Mars,3,22,27,30,2.1,7.4,5.7,mid,open-meteo,24.2,7.7,22.1,8.4,0.98,6.5,49.0,calibrated
hoi-an,Avril,4,24,30,25,2.3,8.0,5.7,mid,open-meteo,26.0,8.8,23.7,9.1,0.89,5.4,53.0,calibrated
hoi-an,Mai,5,26,32,44,2.9,7.5,5.0,mid,open-meteo,28.2,8.5,24.8,8.3,0.63,7.0,51.0,calibrated
hoi-an,Juin,6,27,34,44,3.4,7.7,4.7,mid,open-meteo,30.5,8.3,24.6,8.2,0.46,4.8,62.0,calibrated
hoi-an,Juillet,7,26,34,53,4.9,7.3,4.5,mid,open-meteo,29.8,8.3,24.3,7.7,0.53,5.7,52.0,calibrated
hoi-an,Août,8,26,34,57,5.0,7.0,4.5,mid,open-meteo,30.6,8.1,24.2,8.8,0.32,7.2,65.0,calibrated
hoi-an,Septembre,9,25,31,77,9.5,5.8,4.6,mid,open-meteo,30.8,8.0,24.6,7.4,0.61,8.1,44.0,calibrated
hoi-an,Octobre,10,24,28,84,16.2,4.8,4.6,mid,open-meteo,29.4,7.1,23.3,6.9,1.39,7.4,45.0,calibrated
hoi-an,Novembre,11,23,27,81,14.3,4.3,4.5,mid,open-meteo,27.7,6.4,22.3,5.7,1.7,7.8,46.0,calibrated
hoi-an,Décembre,12,21,25,85,12.3,2.6,4.3,mid,open-meteo,25.5,5.2,20.0,2.8,1.9,7.4,50.0,calibrated
ibiza,Janvier,1,10,15,15,1.2,5.3,4.5,mid,open-meteo,15.8,4.1,7.5,2.9,1.01,5.1,25.0,observed
ibiza,Février,2,10,16,15,0.9,6.1,7.3,rec,open-meteo,14.5,4.0,7.8,3.8,1.0,5.7,29.0,observed
ibiza,Mars,3,12,17,27,1.4,7.0,7.3,rec,open-meteo,15.0,3.9,8.9,5.1,1.26,5.6,33.0,observed
ibiza,Avril,4,14,19,21,1.3,8.1,7.7,rec,open-meteo,17.0,5.3,10.4,6.1,0.75,5.3,38.0,observed
ibiza,Mai,5,16,23,15,0.8,9.1,8.5,rec,open-meteo,20.1,6.7,13.1,7.4,0.75,4.7,35.0,observed
ibiza,Juin,6,20,27,8,0.3,10.5,9.4,rec,open-meteo,23.9,8.3,17.0,7.6,0.86,4.7,35.0,observed
ibiza,Juillet,7,23,30,4,0.2,10.9,6.6,mid,open-meteo,27.9,9.6,20.0,7.8,0.63,4.4,33.0,observed
ibiza,Août,8,24,30,7,0.5,9.9,6.4,mid,open-meteo,28.1,9.4,20.6,7.2,0.65,4.3,36.0,observed
ibiza,Septembre,9,22,28,23,2.1,7.9,8.7,rec,open-meteo,26.7,8.6,18.5,5.9,0.73,4.9,34.0,observed
ibiza,Octobre,10,19,24,20,1.6,6.6,8.2,rec,open-meteo,24.0,7.2,15.9,4.6,0.95,5.2,31.0,observed
ibiza,Novembre,11,14,19,22,1.7,5.5,7.5,rec,open-meteo,19.1,5.2,11.5,3.3,0.85,5.0,29.0,observed
ibiza,Décembre,12,12,17,18,1.0,5.0,7.3,rec,open-meteo,17.5,4.6,9.8,2.6,0.75,5.4,28.0,observed
ile-maurice,Janvier,1,21,26,86,8.8,5.8,4.5,mid,open-meteo,27.8,6.0,20.7,8.2,2.69,9.3,16.0,calibrated
ile-maurice,Février,2,21,26,90,8.4,5.3,4.4,mid,open-meteo,27.9,5.9,20.8,8.0,2.53,7.9,19.0,calibrated
ile-maurice,Mars,3,21,26,83,5.9,5.4,4.5,mid,open-meteo,28.1,6.0,20.8,7.6,2.49,9.6,18.0,calibrated
ile-maurice,Avril,4,20,25,80,5.3,5.2,4.5,mid,open-meteo,28.2,5.8,20.0,6.1,2.55,10.7,17.0,calibrated
ile-maurice,Mai,5,18,23,62,3.2,5.7,7.3,rec,open-meteo,27.1,5.5,17.7,5.3,3.11,10.8,22.0,calibrated
ile-maurice,Juin,6,17,21,64,3.2,5.6,4.5,mid,open-meteo,25.4,4.9,15.9,4.9,2.97,10.1,25.0,calibrated
ile-maurice,Juillet,7,16,20,69,3.3,5.4,4.3,mid,open-meteo,24.2,4.6,15.1,5.6,2.32,10.3,26.0,calibrated
ile-maurice,Août,8,16,20,58,2.5,6.1,4.5,mid,open-meteo,24.3,4.5,14.9,6.1,3.2,11.0,27.0,calibrated
ile-maurice,Septembre,9,16,21,58,2.3,6.4,7.3,rec,open-meteo,24.6,5.0,15.1,7.8,2.51,9.9,25.0,calibrated
ile-maurice,Octobre,10,17,23,63,2.8,6.6,7.4,rec,open-meteo,26.1,5.7,16.6,8.2,2.67,10.5,23.0,calibrated
ile-maurice,Novembre,11,18,24,68,4.0,6.5,7.3,rec,open-meteo,27.0,5.9,17.9,8.8,2.31,9.4,19.0,calibrated
ile-maurice,Décembre,12,20,25,79,6.5,6.2,4.6,mid,open-meteo,27.8,6.1,19.4,9.0,2.11,10.1,19.0,calibrated
istanbul,Janvier,1,4,10,43,3.4,2.2,1.0,avoid,open-meteo,10.5,3.3,2.8,2.0,0.76,3.8,46.0,observed
istanbul,Février,2,5,10,35,2.5,3.2,4.1,mid,open-meteo,8.5,3.8,3.8,3.0,0.5,3.1,57.0,observed
istanbul,Mars,3,6,13,35,2.3,4.6,4.2,mid,open-meteo,9.6,3.9,4.9,4.3,0.24,2.4,69.0,observed
istanbul,Avril,4,9,17,29,1.7,6.0,7.3,rec,open-meteo,10.7,4.4,7.9,5.9,0.36,2.7,51.0,observed
istanbul,Mai,5,13,21,30,1.9,8.0,7.8,rec,open-meteo,13.6,5.2,12.4,6.4,0.27,2.4,40.0,observed
istanbul,Juin,6,19,26,21,1.3,9.9,8.8,rec,open-meteo,20.0,7.4,16.9,7.6,0.33,2.7,44.0,observed
istanbul,Juillet,7,21,29,12,0.7,10.3,9.2,rec,open-meteo,23.9,8.8,18.1,7.5,0.37,2.8,34.0,observed
istanbul,Août,8,22,30,8,0.5,9.3,6.3,mid,open-meteo,24.1,8.9,18.9,6.9,0.33,2.6,34.0,observed
istanbul,Septembre,9,19,26,23,1.5,7.8,8.5,rec,open-meteo,23.7,7.8,15.7,5.4,0.26,2.4,43.0,observed
istanbul,Octobre,10,14,20,21,1.8,5.1,7.6,rec,open-meteo,20.9,6.0,12.4,4.1,0.33,2.6,37.0,observed
istanbul,Novembre,11,11,16,31,2.9,3.1,4.3,mid,open-meteo,17.1,4.3,8.9,2.2,0.51,3.1,45.0,observed
istanbul,Décembre,12,7,12,42,3.1,2.0,1.1,avoid,open-meteo,12.5,3.6,5.5,1.6,0.43,3.1,57.0,observed
jamaique,Janvier,1,20,29,30,0.9,7.0,8.3,rec,open-meteo,,,19.3,6.6,,,25.0,calibrated
jamaique,Février,2,20,29,46,1.3,6.7,7.9,rec,open-meteo,,,19.2,7.4,,,30.0,calibrated
jamaique,Mars,3,20,30,48,1.8,6.8,5.2,mid,open-meteo,,,19.3,8.7,,,28.0,calibrated
jamaique,Avril,4,20,30,65,2.9,6.5,4.8,mid,open-meteo,,,20.5,8.8,,,26.0,calibrated
jamaique,Mai,5,22,30,72,4.3,6.4,4.7,mid,open-meteo,,,21.6,9.0,,,28.0,calibrated
jamaique,Juin,6,22,31,70,3.5,6.5,4.7,mid,open-meteo,,,22.2,8.1,,,31.0,calibrated
jamaique,Juillet,7,22,32,67,3.5,6.6,4.6,mid,open-meteo,,,22.2,8.5,,,34.0,calibrated
jamaique,Août,8,22,32,71,3.7,6.3,4.5,mid,open-meteo,,,22.6,8.8,,,28.0,calibrated
jamaique,Septembre,9,22,31,76,4.8,5.9,4.6,mid,open-meteo,,,22.8,7.9,,,23.0,calibrated
jamaique,Octobre,10,22,30,81,6.7,5.2,4.5,mid,open-meteo,,,22.8,7.5,,,24.0,calibrated
jamaique,Novembre,11,21,29,63,3.8,5.8,7.5,rec,open-meteo,,,21.7,5.6,,,26.0,calibrated
jamaique,Décembre,12,21,29,33,1.0,6.8,8.2,rec,open-meteo,,,20.7,5.8,,,24.0,calibrated
katmandou,Janvier,1,5,17,13,0.7,6.8,7.5,rec,open-meteo,,,4.7,5.1,,,72.0,observed
katmandou,Février,2,7,19,21,1.0,7.4,7.7,rec,open-meteo,,,6.7,6.2,,,66.0,observed
katmandou,Mars,3,10,22,35,1.8,7.6,7.8,rec,open-meteo,,,8.8,7.4,,,60.0,observed
katmandou,Avril,4,14,25,42,2.6,7.7,7.9,rec,open-meteo,,,10.9,8.5,,,61.0,observed
katmandou,Mai,5,16,26,78,7.8,7.9,7.4,rec,open-meteo,,,15.8,7.9,,,65.0,observed
katmandou,Juin,6,19,26,90,15.3,5.8,4.5,mid,open-meteo,,,19.6,8.1,,,65.0,observed
katmandou,Juillet,7,20,26,100,28.9,4.2,1.9,avoid,open-meteo,,,20.8,6.9,,,36.0,observed
katmandou,Août,8,20,27,100,23.4,5.2,4.4,mid,open-meteo,,,20.8,6.9,,,39.0,observed
katmandou,Septembre,9,19,26,95,15.0,5.2,4.4,mid,open-meteo,,,19.6,6.9,,,38.0,observed
katmandou,Octobre,10,15,24,43,3.1,7.5,7.8,rec,open-meteo,,,15.3,6.5,,,54.0,observed
katmandou,Novembre,11,10,21,9,0.3,7.6,8.2,rec,open-meteo,,,10.5,5.3,,,86.0,observed
katmandou,Décembre,12,6,18,6,0.2,6.8,7.8,rec,open-meteo,,,6.3,4.9,,,92.0,observed
la-havane,Janvier,1,20,27,31,1.4,7.0,8.3,rec,open-meteo,26.8,7.6,17.4,5.3,1.35,5.8,29.0,observed
la-havane,Février,2,21,29,23,1.0,7.2,8.5,rec,open-meteo,26.8,8.2,17.7,6.7,1.3,5.7,35.0,observed
la-havane,Mars,3,21,30,21,0.8,8.8,5.9,mid,open-meteo,26.6,8.7,18.0,8.0,1.11,5.3,32.0,observed
la-havane,Avril,4,22,31,29,1.3,9.1,5.7,mid,open-meteo,27.0,8.4,19.4,8.6,1.24,5.5,37.0,observed
la-havane,Mai,5,24,32,51,3.1,8.4,5.0,mid,open-meteo,27.9,8.4,21.1,9.0,0.7,4.7,29.0,observed
la-havane,Juin,6,24,32,73,4.8,7.9,4.6,mid,open-meteo,29.7,8.2,23.1,8.0,0.73,4.9,26.0,observed
la-havane,Juillet,7,25,33,62,2.9,8.8,4.7,mid,open-meteo,30.0,8.2,23.5,8.8,0.79,4.6,31.0,observed
la-havane,Août,8,25,33,63,4.3,8.4,4.6,mid,open-meteo,30.4,8.1,23.6,8.5,0.64,5.0,24.0,observed
la-havane,Septembre,9,25,32,70,4.5,7.5,4.6,mid,open-meteo,30.4,8.0,23.7,8.0,0.71,5.9,23.0,observed
la-havane,Octobre,10,24,30,55,3.3,6.3,5.0,mid,open-meteo,29.5,8.0,22.2,6.8,1.43,5.9,28.0,observed
la-havane,Novembre,11,22,28,34,1.7,7.3,8.3,rec,open-meteo,28.3,7.8,20.3,5.7,1.49,6.1,31.0,observed
la-havane,Décembre,12,21,28,22,1.3,6.3,8.5,rec,open-meteo,27.4,7.8,19.0,5.1,1.56,5.7,33.0,observed
lanzarote,Janvier,1,12,18,12,0.4,6.9,7.7,rec,open-meteo,19.9,4.2,8.5,4.8,2.16,11.5,60.0,observed
lanzarote,Février,2,12,18,21,0.9,7.4,7.5,rec,open-meteo,18.5,3.7,8.9,5.9,2.45,11.9,58.0,observed
lanzarote,Mars,3,13,18,21,0.6,8.3,7.6,rec,open-meteo,18.9,3.7,9.9,7.2,2.95,10.3,41.0,observed
lanzarote,Avril,4,14,19,17,0.8,8.8,7.9,rec,open-meteo,19.4,4.5,10.8,8.2,2.0,9.1,46.0,observed
lanzarote,Mai,5,15,20,12,0.4,9.7,8.2,rec,open-meteo,20.2,5.3,12.3,8.5,1.67,8.1,37.0,observed
lanzarote,Juin,6,16,21,15,0.4,9.9,8.3,rec,open-meteo,22.4,5.9,13.9,8.7,1.67,7.5,32.0,observed
lanzarote,Juillet,7,18,22,7,0.2,10.3,8.8,rec,open-meteo,21.8,6.3,15.9,8.9,1.5,7.4,29.0,observed
lanzarote,Août,8,18,23,5,0.2,10.0,8.9,rec,open-meteo,22.5,6.3,16.7,8.4,1.77,7.8,35.0,observed
lanzarote,Septembre,9,18,23,11,0.4,8.9,8.6,rec,open-meteo,23.6,6.6,16.1,7.8,1.54,7.7,36.0,observed
lanzarote,Octobre,10,18,23,15,0.6,7.8,8.4,rec,open-meteo,24.1,6.0,14.7,6.5,2.08,10.1,33.0,observed
lanzarote,Novembre,11,16,21,16,0.5,6.9,8.0,rec,open-meteo,22.4,5.6,12.1,5.0,1.68,10.5,49.0,observed
lanzarote,Décembre,12,13,19,16,0.5,6.7,7.7,rec,open-meteo,21.5,4.8,10.0,4.3,1.84,10.3,66.0,observed
le-cap,Janvier,1,17,25,10,0.5,11.4,9.2,rec,open-meteo,14.2,5.0,15.1,9.2,1.97,9.6,44.0,observed
le-cap,Février,2,18,25,8,0.3,10.8,9.2,rec,open-meteo,13.1,4.7,14.9,8.5,2.29,9.1,36.0,observed
le-cap,Mars,3,16,23,15,1.0,9.3,8.5,rec,open-meteo,15.0,4.4,14.4,7.1,2.17,9.3,36.0,observed
le-cap,Avril,4,14,22,17,1.3,8.0,8.2,rec,open-meteo,14.6,4.0,12.4,5.4,2.2,9.8,35.0,observed
le-cap,Mai,5,12,19,23,2.0,6.3,7.5,rec,open-meteo,13.7,2.9,11.6,4.0,3.13,10.5,42.0,observed
le-cap,Juin,6,11,17,40,4.4,5.9,4.5,mid,open-meteo,14.0,2.3,10.0,3.1,2.77,10.2,45.0,observed
le-cap,Juillet,7,10,16,34,3.8,6.4,4.5,mid,open-meteo,13.4,1.9,9.0,3.3,3.94,10.4,34.0,observed
le-cap,Août,8,10,16,36,2.8,6.7,4.5,mid,open-meteo,13.8,1.9,9.2,4.2,4.05,10.6,39.0,observed
le-cap,Septembre,9,11,17,25,1.6,7.6,7.4,rec,open-meteo,14.6,2.9,9.9,6.2,2.55,9.7,38.0,observed
le-cap,Octobre,10,13,20,21,1.2,9.1,8.0,rec,open-meteo,15.2,3.8,11.3,7.8,2.34,10.1,40.0,observed
le-cap,Novembre,11,15,22,17,0.7,10.1,8.5,rec,open-meteo,15.5,4.3,12.0,8.9,2.68,9.7,33.0,observed
le-cap,Décembre,12,16,24,17,0.9,10.9,8.8,rec,open-meteo,14.2,4.5,13.7,8.8,2.72,9.3,37.0,observed
lisbonne,Janvier,1,9,15,26,2.2,5.1,4.4,mid,open-meteo,14.9,3.0,7.8,2.8,1.77,11.0,40.0,observed
lisbonne,Février,2,9,16,25,2.0,6.2,4.6,mid,open-meteo,13.5,2.9,8.0,4.1,1.79,10.7,40.0,observed
lisbonne,Mars,3,10,16,34,2.4,7.0,4.5,mid,open-meteo,15.3,2.8,8.6,5.1,2.07,10.2,35.0,observed
lisbonne,Avril,4,12,18,33,2.3,8.3,7.4,rec,open-meteo,16.9,4.5,10.3,6.7,1.21,8.5,32.0,observed
lisbonne,Mai,5,14,22,15,1.3,9.6,8.5,rec,open-meteo,17.6,6.0,11.8,7.6,0.89,7.8,30.0,observed
lisbonne,Juin,6,16,24,13,0.5,10.7,8.9,rec,open-meteo,19.8,6.9,13.9,7.5,0.76,6.7,28.0,observed
lisbonne,Juillet,7,18,27,3,0.1,11.3,9.7,rec,open-meteo,19.6,7.6,15.1,8.1,0.69,6.7,27.0,observed
lisbonne,Août,8,18,28,2,0.0,11.0,9.8,rec,open-meteo,18.8,7.4,15.3,7.6,0.84,7.9,27.0,observed
lisbonne,Septembre,9,17,26,13,1.0,8.7,8.8,rec,open-meteo,19.1,6.9,14.6,6.3,0.8,7.7,29.0,observed
lisbonne,Octobre,10,16,23,28,2.4,6.3,7.9,rec,open-meteo,19.3,5.4,13.7,4.5,1.52,9.0,26.0,observed
lisbonne,Novembre,11,12,18,36,3.0,5.4,4.6,mid,open-meteo,17.0,4.2,11.3,3.4,1.15,9.1,35.0,observed
lisbonne,Décembre,12,10,16,28,2.7,4.8,4.4,mid,open-meteo,15.6,3.9,9.7,2.8,0.99,10.2,34.0,observed
londres,Janvier,1,2,8,39,2.0,2.0,0.9,avoid,open-meteo,,,2.6,0.3,,,26.0,observed
londres,Février,2,3,10,40,1.9,2.8,1.1,avoid,open-meteo,,,3.0,0.6,,,25.0,observed
londres,Mars,3,4,11,42,1.8,4.0,4.1,mid,open-meteo,,,3.7,1.5,,,30.0,observed
londres,Avril,4,5,14,32,1.3,5.9,4.3,mid,open-meteo,,,4.4,2.9,,,27.0,observed
londres,Mai,5,9,18,35,1.8,6.7,7.3,rec,open-meteo,,,8.0,3.6,,,31.0,observed
londres,Juin,6,12,21,35,2.1,6.9,7.6,rec,open-meteo,,,11.0,4.8,,,25.0,observed
londres,Juillet,7,14,22,34,1.9,7.0,7.8,rec,open-meteo,,,12.4,4.5,,,23.0,observed
londres,Août,8,14,22,28,1.6,6.5,7.9,rec,open-meteo,,,12.8,4.2,,,25.0,observed
londres,Septembre,9,12,19,37,2.1,5.2,7.3,rec,open-meteo,,,11.3,2.6,,,25.0,observed
londres,Octobre,10,9,16,39,2.5,3.7,4.3,mid,open-meteo,,,9.2,1.4,,,24.0,observed
londres,Novembre,11,5,11,40,2.3,2.4,1.1,avoid,open-meteo,,,5.9,0.5,,,36.0,observed
londres,Décembre,12,4,9,37,2.2,1.8,1.0,avoid,open-meteo,,,4.9,0.2,,,27.0,observed
los-angeles,Janvier,1,8,18,19,2.9,7.3,7.6,rec,open-meteo,14.5,3.9,5.3,3.6,1.33,9.3,38.0,observed
los-angeles,Février,2,8,19,18,2.9,7.9,7.8,rec,open-meteo,13.7,3.9,3.7,4.1,1.52,10.4,39.0,observed
los-angeles,Mars,3,10,20,27,2.5,8.6,7.8,rec,open-meteo,13.6,4.4,6.8,6.1,1.23,10.2,42.0,observed
los-angeles,Avril,4,12,24,8,0.6,10.1,9.0,rec,open-meteo,14.7,5.8,7.5,7.1,1.06,9.6,41.0,observed
los-angeles,Mai,5,13,24,7,0.3,8.9,8.8,rec,open-meteo,16.7,6.2,10.6,7.9,0.84,8.8,36.0,observed
los-angeles,Juin,6,15,28,2,0.2,9.2,9.5,rec,open-meteo,17.5,7.2,12.9,8.5,0.88,8.8,34.0,observed
los-angeles,Juillet,7,17,31,1,0.1,11.7,9.6,rec,open-meteo,19.4,7.8,15.0,8.4,0.8,9.3,36.0,observed
los-angeles,Août,8,18,32,3,0.3,11.3,9.1,rec,open-meteo,20.8,7.9,15.4,8.0,0.73,8.5,42.0,observed
los-angeles,Septembre,9,17,30,4,0.4,9.3,9.2,rec,open-meteo,20.4,8.0,14.3,7.1,0.78,8.5,36.0,observed
los-angeles,Octobre,10,15,28,7,0.5,8.2,9.2,rec,open-meteo,18.9,7.2,9.3,5.6,0.83,11.2,60.0,observed
los-angeles,Novembre,11,11,23,10,1.4,7.2,8.4,rec,open-meteo,17.4,5.8,3.4,4.2,0.99,9.8,47.0,observed
los-angeles,Décembre,12,9,19,17,3.0,7.1,7.7,rec,open-meteo,16.3,4.6,3.1,3.5,1.15,11.6,61.0,observed
lyon,Janvier,1,1,7,40,2.0,2.3,0.8,avoid,open-meteo,,,1.1,1.7,,,36.0,observed
lyon,Février,2,2,11,30,1.6,3.6,4.1,mid,open-meteo,,,1.8,2.7,,,33.0,observed
lyon,Mars,3,4,13,38,2.3,5.6,4.2,mid,open-meteo,,,3.4,3.9,,,29.0,observed
lyon,Avril,4,7,17,31,2.2,6.6,7.3,rec,open-meteo,,,4.9,5.2,,,31.0,observed
lyon,Mai,5,11,20,40,3.1,7.2,7.5,rec,open-meteo,,,9.2,6.0,,,27.0,observed
lyon,Juin,6,16,26,36,2.9,8.6,8.2,rec,open-meteo,,,13.1,6.6,,,28.0,observed
lyon,Juillet,7,17,28,27,2.1,9.3,8.7,rec,open-meteo,,,13.5,7.0,,,27.0,observed
lyon,Août,8,17,29,21,1.8,8.5,8.7,rec,open-meteo,,,13.6,6.6,,,29.0,observed
lyon,Septembre,9,13,23,24,2.3,6.8,8.0,rec,open-meteo,,,11.3,4.5,,,25.0,observed
lyon,Octobre,10,10,18,31,3.2,4.2,4.5,mid,open-meteo,,,9.5,3.4,,,25.0,observed
lyon,Novembre,11,5,11,41,2.9,2.6,1.1,avoid,open-meteo,,,5.4,2.2,,,47.0,observed
lyon,Décembre,12,2,8,38,2.6,1.9,0.9,avoid,open-meteo,,,3.0,1.6,,,43.0,observed
madere,Janvier,1,13,18,31,2.5,5.2,7.3,rec,open-meteo,19.8,3.8,11.7,4.0,2.21,10.9,35.0,observed
madere,Février,2,13,18,31,2.6,5.9,7.3,rec,open-meteo,18.8,3.7,11.1,5.1,2.01,10.1,42.0,observed
madere,Mars,3,13,18,40,2.7,6.4,7.2,rec,open-meteo,19.3,3.8,11.5,6.1,2.13,9.7,31.0,observed
madere,Avril,4,14,19,39,2.7,6.5,7.3,rec,open-meteo,20.2,4.9,12.4,7.5,1.46,8.3,35.0,observed
madere,Mai,5,15,21,28,1.5,6.7,7.7,rec,open-meteo,21.1,6.2,13.5,7.7,0.95,9.1,26.0,observed
madere,Juin,6,17,22,28,2.5,6.5,7.9,rec,open-meteo,22.0,6.7,15.4,7.9,0.82,7.2,24.0,observed
madere,Juillet,7,19,25,12,0.5,7.5,8.6,rec,open-meteo,23.8,7.8,16.9,8.3,0.8,9.5,20.0,observed
madere,Août,8,20,26,10,0.4,7.6,8.8,rec,open-meteo,25.2,8.1,17.3,8.1,1.0,8.9,22.0,observed
madere,Septembre,9,19,25,31,1.3,7.0,8.1,rec,open-meteo,24.8,7.5,17.4,6.5,0.91,8.2,26.0,observed
madere,Octobre,10,18,24,40,2.6,6.3,7.7,rec,open-meteo,24.6,6.5,16.0,5.4,1.53,9.4,28.0,observed
madere,Novembre,11,16,21,40,3.0,5.5,7.4,rec,open-meteo,23.1,5.4,14.4,4.2,1.62,9.9,32.0,observed
madere,Décembre,12,14,19,35,2.9,4.9,7.3,rec,open-meteo,21.4,4.9,13.2,3.1,1.49,8.8,40.0,observed
majorque,Janvier,1,8,15,20,1.4,5.5,4.5,mid,open-meteo,15.7,3.9,7.3,2.8,1.08,5.2,25.0,observed
majorque,Février,2,8,16,19,1.6,6.2,7.3,rec,open-meteo,14.2,3.7,7.3,3.6,1.15,5.4,29.0,observed
majorque,Mars,3,10,17,28,1.7,7.0,7.3,rec,open-meteo,14.9,3.7,8.3,5.1,1.41,5.7,32.0,observed
majorque,Avril,4,12,20,28,1.8,8.3,7.7,rec,open-meteo,17.0,5.4,9.8,6.1,0.67,4.5,34.0,observed
majorque,Mai,5,15,23,25,1.4,9.7,8.3,rec,open-meteo,20.0,6.6,12.6,7.4,0.68,4.7,32.0,observed
majorque,Juin,6,20,28,15,1.0,11.0,9.4,rec,open-meteo,23.8,8.4,16.5,7.5,0.75,4.8,31.0,observed
majorque,Juillet,7,23,32,9,0.4,11.5,6.2,mid,open-meteo,27.8,9.3,18.5,7.8,0.5,4.4,30.0,observed
majorque,Août,8,23,32,13,0.7,10.4,5.9,mid,open-meteo,28.1,9.1,19.4,7.0,0.5,4.2,31.0,observed
majorque,Septembre,9,20,28,31,2.3,7.9,8.5,rec,open-meteo,26.5,8.4,18.1,5.8,0.71,4.5,29.0,observed
majorque,Octobre,10,17,24,29,2.1,6.8,8.0,rec,open-meteo,24.3,7.0,15.5,4.4,1.08,5.5,28.0,observed
majorque,Novembre,11,13,19,29,2.1,5.5,7.4,rec,open-meteo,19.0,5.1,11.5,3.2,0.81,5.0,27.0,observed
majorque,Décembre,12,10,16,24,1.1,5.1,4.5,mid,open-meteo,17.1,4.2,9.5,2.6,0.88,4.9,24.0,observed
maldives,Janvier,1,26,28,45,4.5,8.0,5.5,mid,open-meteo,27.8,8.2,22.7,8.1,0.84,5.9,29.0,observed
maldives,Février,2,27,28,35,2.4,9.1,5.8,mid,open-meteo,28.4,8.4,23.0,8.9,0.96,5.9,32.0,observed
maldives,Mars,3,27,29,40,3.0,9.0,5.6,mid,open-meteo,29.1,8.8,23.4,9.3,0.52,6.9,28.0,observed
maldives,Avril,4,27,29,54,4.5,8.2,5.2,mid,open-meteo,30.6,8.4,23.9,8.6,0.64,7.2,13.0,observed
maldives,Mai,5,27,29,76,8.5,7.2,4.8,mid,open-meteo,29.9,7.8,24.5,8.0,1.13,7.1,15.0,observed
maldives,Juin,6,27,29,46,2.6,6.7,5.3,mid,open-meteo,29.5,8.5,23.9,8.0,0.91,6.9,25.0,observed
maldives,Juillet,7,27,29,54,5.2,7.3,5.2,mid,open-meteo,29.7,8.4,23.6,7.9,0.89,7.5,13.0,observed
maldives,Août,8,27,29,49,4.8,6.8,5.2,mid,open-meteo,29.9,8.4,23.4,7.4,1.0,6.9,15.0,observed
maldives,Septembre,9,26,28,59,5.9,6.7,5.1,mid,open-meteo,29.5,8.1,23.5,8.7,0.87,7.3,15.0,observed
maldives,Octobre,10,26,28,62,6.7,7.6,5.1,mid,open-meteo,29.6,8.0,23.4,8.4,0.96,6.7,19.0,observed
maldives,Novembre,11,26,28,68,10.5,7.5,5.0,mid,open-meteo,29.4,8.1,23.3,8.0,0.64,7.4,21.0,observed
maldives,Décembre,12,26,28,59,6.8,7.1,5.1,mid,open-meteo,29.0,8.1,23.2,8.0,0.78,6.8,24.0,observed
malaga,Janvier,1,9,16,20,1.5,5.9,7.3,rec,open-meteo,15.5,4.3,7.0,3.1,0.52,4.8,25.0,observed
malaga,Février,2,10,18,16,1.1,6.7,7.6,rec,open-meteo,15.0,4.7,7.5,4.1,0.56,4.5,28.0,observed
malaga,Mars,3,11,18,35,3.2,7.2,7.3,rec,open-meteo,15.4,4.4,8.3,5.0,0.85,4.7,32.0,observed
malaga,Avril,4,13,20,25,1.5,8.3,7.8,rec,open-meteo,17.5,5.5,10.1,6.7,0.61,4.4,33.0,observed
malaga,Mai,5,16,24,13,0.8,9.7,8.8,rec,open-meteo,20.6,7.1,11.8,7.5,0.61,4.4,32.0,observed
malaga,Juin,6,20,28,6,0.3,11.2,9.7,rec,open-meteo,21.8,8.2,13.8,7.8,0.6,4.6,31.0,observed
malaga,Juillet,7,23,31,2,0.0,11.4,6.6,mid,open-meteo,26.5,9.4,16.8,7.9,0.46,4.4,33.0,observed
malaga,Août,8,24,31,4,0.3,10.4,6.5,mid,open-meteo,25.7,9.2,17.9,7.4,0.45,4.2,35.0,observed
malaga,Septembre,9,21,28,13,0.9,8.7,9.1,rec,open-meteo,25.6,8.7,16.4,6.3,0.6,4.2,30.0,observed
malaga,Octobre,10,18,25,18,2.1,7.1,8.4,rec,open-meteo,20.5,6.9,14.1,4.6,0.57,4.4,23.0,observed
malaga,Novembre,11,13,20,20,2.4,5.9,7.7,rec,open-meteo,16.4,5.2,10.4,3.4,0.55,4.8,30.0,observed
malaga,Décembre,12,10,17,21,1.6,5.2,7.3,rec,open-meteo,15.7,4.4,8.9,2.9,0.65,4.7,26.0,observed
malte,Janvier,1,11,15,25,1.2,5.5,4.4,mid,open-meteo,17.3,3.4,8.4,3.5,1.74,6.4,30.0,observed
malte,Février,2,12,16,21,1.5,6.3,7.3,rec,open-meteo,15.9,3.5,8.9,4.5,1.61,6.3,36.0,observed
malte,Mars,3,13,16,21,1.1,7.3,7.3,rec,open-meteo,15.7,3.8,9.9,6.2,1.45,6.0,43.0,observed
malte,Avril,4,14,19,13,0.5,8.5,7.9,rec,open-meteo,16.3,4.5,11.8,7.1,1.61,6.5,44.0,observed
malte,Mai,5,17,22,11,0.6,10.0,8.6,rec,open-meteo,17.9,6.0,14.6,7.6,1.0,5.5,43.0,observed
malte,Juin,6,21,27,3,0.1,11.2,9.7,rec,open-meteo,22.6,8.1,17.9,8.3,0.85,5.0,41.0,observed
malte,Juillet,7,24,30,1,0.0,12.2,6.9,mid,open-meteo,27.4,9.5,20.3,8.4,0.78,5.7,39.0,observed
malte,Août,8,25,30,5,0.2,11.4,6.7,mid,open-meteo,26.6,9.4,21.3,7.9,0.5,5.2,41.0,observed
malte,Septembre,9,24,28,15,1.0,9.0,9.1,rec,open-meteo,26.5,8.5,19.7,6.7,1.07,5.7,35.0,observed
malte,Octobre,10,20,24,23,1.9,7.2,8.2,rec,open-meteo,25.7,7.4,17.2,5.3,1.12,5.6,35.0,observed
malte,Novembre,11,17,21,37,2.4,6.5,7.6,rec,open-meteo,22.5,5.9,13.7,3.8,1.01,6.1,32.0,observed
malte,Décembre,12,14,17,28,1.4,5.2,7.2,rec,open-meteo,19.0,3.7,10.3,3.0,1.83,6.7,31.0,observed
marrakech,Janvier,1,6,20,10,0.8,7.4,8.0,rec,open-meteo,,,2.4,4.2,,,25.0,observed
marrakech,Février,2,7,22,20,1.4,7.7,8.1,rec,open-meteo,,,3.5,5.5,,,29.0,observed
marrakech,Mars,3,9,22,23,1.6,8.2,8.1,rec,open-meteo,,,5.6,6.4,,,32.0,observed
marrakech,Avril,4,12,26,18,1.3,9.0,8.7,rec,open-meteo,,,7.7,7.9,,,38.0,observed
marrakech,Mai,5,15,30,12,0.5,9.8,9.0,rec,open-meteo,,,9.1,8.2,,,34.0,observed
marrakech,Juin,6,17,33,2,0.1,12.0,8.8,rec,open-meteo,,,11.2,8.7,,,29.0,observed
marrakech,Juillet,7,21,39,1,0.0,10.7,3.2,avoid,open-meteo,,,11.5,8.9,,,39.0,observed
marrakech,Août,8,21,38,3,0.1,10.2,3.4,avoid,open-meteo,,,12.1,8.6,,,37.0,observed
marrakech,Septembre,9,18,33,4,0.2,8.9,8.4,rec,open-meteo,,,12.4,7.6,,,35.0,observed
marrakech,Octobre,10,16,31,9,0.7,8.1,8.8,rec,open-meteo,,,9.1,5.9,,,25.0,observed
marrakech,Novembre,11,11,24,15,0.9,7.6,8.4,rec,open-meteo,,,5.5,4.6,,,34.0,observed
marrakech,Décembre,12,7,20,19,1.3,7.3,7.8,rec,open-meteo,,,4.3,4.0,,,26.0,observed
marseille,Janvier,1,5,12,20,1.3,4.8,4.3,mid,open-meteo,15.0,3.8,3.9,2.2,1.05,5.4,25.0,observed
marseille,Février,2,6,13,25,1.5,6.1,4.3,mid,open-meteo,13.6,3.6,4.5,3.1,1.16,5.4,28.0,observed
marseille,Mars,3,8,15,20,1.7,7.6,7.3,rec,open-meteo,13.5,3.5,5.6,4.7,1.38,5.6,30.0,observed
marseille,Avril,4,10,17,24,1.8,8.4,7.5,rec,open-meteo,14.5,4.0,7.3,6.0,1.3,5.1,33.0,observed
marseille,Mai,5,13,20,23,1.6,9.6,8.0,rec,open-meteo,17.4,5.6,11.3,6.7,0.77,4.8,30.0,observed
marseille,Juin,6,18,25,14,0.7,11.3,9.1,rec,open-meteo,22.6,7.6,15.2,7.3,0.83,4.7,32.0,observed
marseille,Juillet,7,20,28,4,0.3,12.0,9.9,rec,open-meteo,22.6,8.3,16.4,7.6,0.74,4.4,31.0,observed
marseille,Août,8,20,28,6,0.7,10.8,9.6,rec,open-meteo,21.3,8.0,16.3,7.0,0.63,4.4,33.0,observed
marseille,Septembre,9,17,24,17,2.0,8.8,8.5,rec,open-meteo,22.8,7.0,14.2,5.4,1.05,5.1,28.0,observed
marseille,Octobre,10,14,21,26,2.8,6.3,7.7,rec,open-meteo,21.0,5.9,12.3,3.8,1.02,5.3,24.0,observed
marseille,Novembre,11,10,15,33,2.9,5.0,4.3,mid,open-meteo,16.4,4.0,8.0,2.5,0.88,5.1,29.0,observed
marseille,Décembre,12,6,13,24,2.0,4.5,4.3,mid,open-meteo,15.2,3.7,5.8,2.1,1.07,5.1,25.0,observed
miami,Janvier,1,18,24,36,2.6,7.1,7.9,rec,open-meteo,22.5,6.6,15.2,4.6,0.84,5.4,32.0,observed
miami,Février,2,20,26,41,2.2,7.7,8.0,rec,open-meteo,25.0,7.6,16.6,6.2,0.8,6.4,37.0,observed
miami,Mars,3,20,26,33,2.2,8.9,8.3,rec,open-meteo,25.8,8.0,16.8,7.2,0.75,5.5,36.0,observed
miami,Avril,4,22,28,42,2.7,9.8,8.4,rec,open-meteo,27.2,8.4,18.6,8.4,0.75,4.8,42.0,observed
miami,Mai,5,24,29,54,5.1,9.7,8.0,rec,open-meteo,28.7,8.7,20.6,8.9,0.53,4.5,35.0,observed
miami,Juin,6,25,30,75,7.9,9.6,4.9,mid,open-meteo,30.3,8.4,23.3,7.3,0.59,4.2,31.0,observed
miami,Juillet,7,26,31,72,4.5,10.0,4.9,mid,open-meteo,32.5,7.9,23.8,8.3,0.45,3.9,35.0,observed
miami,Août,8,26,31,81,5.3,9.3,4.7,mid,open-meteo,31.8,7.8,24.0,8.4,0.57,4.6,26.0,observed
miami,Septembre,9,25,30,81,7.1,8.7,4.8,mid,open-meteo,30.8,8.1,23.6,7.6,0.62,5.9,24.0,observed
miami,Octobre,10,24,29,65,5.1,8.4,7.7,rec,open-meteo,28.2,8.0,21.6,6.4,0.91,6.2,33.0,observed
miami,Novembre,11,22,27,44,3.3,7.4,8.0,rec,open-meteo,25.9,7.8,19.2,5.5,0.87,5.8,35.0,observed
miami,Décembre,12,20,26,37,2.8,7.0,8.0,rec,open-meteo,23.5,7.2,17.4,4.6,0.91,5.4,35.0,observed
minorque,Janvier,1,9,14,25,1.6,4.6,4.3,mid,open-meteo,15.8,3.9,7.2,2.7,1.08,5.5,26.0,observed
minorque,Février,2,9,15,19,1.2,5.2,4.5,mid,open-meteo,14.1,3.6,7.4,3.6,1.29,6.1,30.0,observed
minorque,Mars,3,11,16,25,1.5,6.5,7.2,rec,open-meteo,14.5,3.6,8.4,5.1,1.37,6.0,34.0,observed
minorque,Avril,4,12,18,27,1.5,7.4,7.5,rec,open-meteo,16.2,4.7,9.8,5.7,0.89,5.6,39.0,observed
minorque,Mai,5,15,22,24,1.5,8.7,8.2,rec,open-meteo,19.1,6.2,12.6,7.4,0.73,5.2,37.0,observed
minorque,Juin,6,20,27,11,0.5,10.4,9.3,rec,open-meteo,23.2,8.1,16.4,7.6,0.79,5.1,35.0,observed
minorque,Juillet,7,22,30,5,0.2,11.2,6.6,mid,open-meteo,27.1,9.6,18.6,7.7,0.51,4.8,33.0,observed
minorque,Août,8,23,30,10,0.5,10.1,6.4,mid,open-meteo,27.4,9.4,19.1,7.2,0.49,4.5,35.0,observed
minorque,Septembre,9,20,27,28,1.8,7.5,8.4,rec,open-meteo,26.1,8.2,17.5,5.6,0.84,5.6,33.0,observed
minorque,Octobre,10,17,23,25,1.7,5.9,7.9,rec,open-meteo,24.7,6.8,15.2,4.3,1.2,6.1,31.0,observed
minorque,Novembre,11,13,18,36,2.4,4.7,4.5,mid,open-meteo,19.7,4.9,11.2,3.1,0.94,5.5,29.0,observed
minorque,Décembre,12,10,16,24,1.4,4.2,4.5,mid,open-meteo,17.8,4.2,9.3,2.5,1.03,6.0,30.0,observed
monaco,Janvier,1,4,12,19,1.8,4.8,4.3,mid,open-meteo,14.9,3.9,1.7,2.1,0.93,5.4,22.0,observed
monaco,Février,2,6,12,23,2.4,5.6,4.3,mid,open-meteo,14.0,3.8,3.1,2.8,0.9,5.5,27.0,observed
monaco,Mars,3,6,14,22,2.5,6.0,4.4,mid,open-meteo,13.9,3.7,3.8,4.1,1.2,5.6,30.0,observed
monaco,Avril,4,10,17,27,2.1,7.0,7.3,rec,open-meteo,15.3,4.4,6.7,5.7,0.89,4.8,32.0,observed
monaco,Mai,5,13,20,29,2.0,8.0,7.7,rec,open-meteo,18.5,5.7,11.3,6.6,0.69,4.8,32.0,observed
monaco,Juin,6,18,25,22,1.2,9.4,8.6,rec,open-meteo,23.0,7.7,15.6,7.1,0.7,4.5,33.0,observed
monaco,Juillet,7,21,27,11,0.4,10.6,9.3,rec,open-meteo,26.3,8.9,17.9,7.3,0.42,4.4,36.0,observed
monaco,Août,8,21,28,14,0.8,9.6,9.2,rec,open-meteo,25.7,8.9,17.0,6.6,0.36,4.3,38.0,observed
monaco,Septembre,9,17,24,23,1.9,7.5,8.2,rec,open-meteo,23.9,7.3,13.7,4.8,0.84,4.8,30.0,observed
monaco,Octobre,10,14,20,26,3.7,6.4,7.6,rec,open-meteo,21.8,5.9,11.4,3.5,0.89,5.0,24.0,observed
monaco,Novembre,11,8,15,31,3.9,5.2,4.4,mid,open-meteo,18.3,4.3,6.2,2.3,0.9,5.1,26.0,observed
monaco,Décembre,12,6,13,25,2.7,4.4,4.3,mid,open-meteo,16.3,4.0,3.6,2.0,0.83,4.9,23.0,observed
mykonos,Janvier,1,10,13,35,2.3,5.3,4.2,mid,open-meteo,15.9,3.1,5.2,2.8,1.68,5.8,30.0,calibrated
mykonos,Février,2,10,14,23,1.5,6.1,4.4,mid,open-meteo,15.9,3.8,6.2,3.8,1.3,5.5,33.0,calibrated
mykonos,Mars,3,11,15,23,1.4,7.1,7.2,rec,open-meteo,15.8,4.2,6.7,5.4,0.99,5.0,39.0,calibrated
mykonos,Avril,4,13,18,14,0.9,8.2,7.7,rec,open-meteo,16.5,4.7,9.0,6.7,1.26,5.2,44.0,calibrated
mykonos,Mai,5,16,21,12,0.4,8.9,8.3,rec,open-meteo,18.2,6.0,12.2,7.2,0.84,4.8,40.0,calibrated
mykonos,Juin,6,21,25,5,0.2,9.7,9.1,rec,open-meteo,21.5,7.4,15.9,8.0,0.91,4.9,43.0,calibrated
mykonos,Juillet,7,23,27,0,0.1,9.7,9.5,rec,open-meteo,24.8,8.3,17.4,8.0,1.14,5.4,43.0,calibrated
mykonos,Août,8,23,27,3,0.1,9.2,9.3,rec,open-meteo,25.3,8.5,18.3,7.5,0.99,5.0,42.0,calibrated
mykonos,Septembre,9,21,25,3,0.2,8.3,9.0,rec,open-meteo,23.5,7.8,16.1,6.3,0.83,4.8,38.0,calibrated
mykonos,Octobre,10,17,21,11,0.6,7.0,8.1,rec,open-meteo,22.2,6.2,13.4,4.9,1.16,5.4,35.0,calibrated
mykonos,Novembre,11,14,18,23,1.6,5.8,7.4,rec,open-meteo,20.5,5.0,10.6,3.4,1.18,5.5,30.0,calibrated
mykonos,Décembre,12,11,15,32,2.2,5.2,4.3,mid,open-meteo,17.7,3.8,7.3,2.5,1.29,5.5,30.0,calibrated
new-york,Janvier,1,-3,4,31,2.9,4.7,1.1,avoid,open-meteo,5.7,3.8,-5.3,2.1,0.5,8.1,30.0,calibrated
new-york,Février,2,-2,6,35,3.3,5.1,1.1,avoid,open-meteo,5.4,3.8,-4.3,3.5,0.36,7.6,32.0,calibrated
new-york,Mars,3,1,10,33,3.9,6.1,4.2,mid,open-meteo,6.1,4.0,-1.6,4.4,0.47,7.8,31.0,calibrated
new-york,Avril,4,6,15,41,3.6,6.2,4.3,mid,open-meteo,10.7,3.9,3.9,5.5,0.46,7.1,33.0,calibrated
new-york,Mai,5,11,21,41,3.6,6.9,7.5,rec,open-meteo,15.0,5.1,10.2,6.3,0.36,5.3,33.0,calibrated
new-york,Juin,6,17,26,36,2.9,7.9,8.1,rec,open-meteo,19.4,7.0,15.2,7.6,0.36,5.4,38.0,calibrated
new-york,Juillet,7,21,30,44,4.6,7.5,5.3,mid,open-meteo,24.6,8.6,19.2,7.3,0.33,5.4,46.0,calibrated
new-york,Août,8,20,28,40,3.7,7.1,8.1,rec,open-meteo,22.6,7.8,18.5,6.6,0.35,6.2,40.0,calibrated
new-york,Septembre,9,16,25,34,4.1,6.7,8.0,rec,open-meteo,22.2,7.1,15.3,5.0,0.37,6.3,30.0,calibrated
new-york,Octobre,10,11,19,29,4.2,6.0,7.4,rec,open-meteo,17.5,5.1,9.5,4.4,0.37,7.9,25.0,calibrated
new-york,Novembre,11,3,12,29,2.6,5.3,4.2,mid,open-meteo,11.5,3.9,2.4,2.9,0.31,8.2,24.0,calibrated
new-york,Décembre,12,-1,6,33,3.6,4.4,1.1,avoid,open-meteo,7.4,3.7,-1.2,2.1,0.36,7.6,32.0,calibrated
phuket,Janvier,1,24,30,35,2.5,7.6,5.5,mid,open-meteo,28.7,9.0,22.4,7.9,0.47,9.2,36.0,observed
phuket,Février,2,25,32,24,1.2,7.6,5.4,mid,open-meteo,29.2,8.9,21.8,8.7,0.44,6.9,31.0,observed
phuket,Mars,3,26,32,35,2.0,6.6,5.1,mid,open-meteo,29.6,8.8,22.8,9.2,0.36,10.4,33.0,observed
phuket,Avril,4,26,31,62,3.9,6.1,4.8,mid,open-meteo,30.6,8.4,24.0,8.9,0.38,11.7,31.0,observed
phuket,Mai,5,26,30,86,7.4,4.9,4.5,mid,open-meteo,31.2,7.9,24.7,7.6,0.58,10.0,32.0,observed
phuket,Juin,6,26,30,72,6.5,5.0,4.6,mid,open-meteo,30.2,8.2,24.3,7.5,0.9,6.5,25.0,observed
phuket,Juillet,7,25,30,69,5.7,4.9,4.7,mid,open-meteo,29.9,8.2,24.2,7.2,0.86,6.5,30.0,observed
phuket,Août,8,25,30,75,6.7,4.9,4.6,mid,open-meteo,29.8,8.2,24.0,8.0,0.76,8.8,20.0,observed
phuket,Septembre,9,25,29,82,8.0,3.6,4.5,mid,open-meteo,29.9,7.6,23.9,7.8,1.16,6.7,21.0,observed
phuket,Octobre,10,24,29,91,9.4,4.7,4.4,mid,open-meteo,30.3,7.7,24.0,7.7,0.69,7.4,22.0,observed
phuket,Novembre,11,24,29,86,8.2,5.8,4.6,mid,open-meteo,30.1,7.9,23.8,6.5,0.43,9.2,30.0,observed
phuket,Décembre,12,24,29,54,4.5,6.4,5.1,mid,open-meteo,29.2,8.5,23.0,6.9,0.46,9.6,35.0,observed
porto,Janvier,1,7,14,40,5.9,4.0,4.2,mid,open-meteo,14.4,2.2,6.3,2.2,2.67,10.9,34.0,observed
porto,Février,2,8,15,37,4.4,4.6,4.3,mid,open-meteo,13.8,2.2,6.9,3.4,2.79,10.8,41.0,observed
porto,Mars,3,9,15,46,5.2,6.2,4.3,mid,open-meteo,14.5,2.2,7.8,4.6,3.06,9.8,34.0,observed
porto,Avril,4,11,17,42,4.9,7.2,4.5,mid,open-meteo,15.9,3.2,9.7,6.4,1.93,8.7,33.0,observed
porto,Mai,5,13,20,31,2.6,8.3,7.7,rec,open-meteo,15.3,4.4,12.0,6.9,1.57,7.9,29.0,observed
porto,Juin,6,15,21,26,1.6,9.1,8.0,rec,open-meteo,18.3,5.5,14.6,7.3,1.26,7.2,28.0,observed
porto,Juillet,7,16,23,10,0.4,9.9,8.8,rec,open-meteo,16.1,5.8,15.9,7.6,1.19,6.8,28.0,observed
porto,Août,8,16,24,8,0.4,9.5,8.9,rec,open-meteo,16.2,5.7,15.7,7.2,1.47,8.1,26.0,observed
porto,Septembre,9,16,22,19,2.2,7.5,8.1,rec,open-meteo,18.2,5.4,14.4,5.7,1.37,8.0,32.0,observed
porto,Octobre,10,14,20,40,5.8,5.9,7.4,rec,open-meteo,20.0,4.1,13.0,3.6,2.31,9.6,23.0,observed
porto,Novembre,11,10,16,50,6.5,4.6,4.2,mid,open-meteo,16.7,3.1,10.1,2.6,1.53,9.9,29.0,observed
porto,Décembre,12,9,14,47,6.3,4.0,4.1,mid,open-meteo,15.2,2.7,8.2,2.4,1.65,9.9,39.0,observed
prague,Janvier,1,-1,3,37,1.3,1.7,0.7,avoid,open-meteo,,,-2.1,1.3,,,36.0,observed
prague,Février,2,0,7,35,1.5,2.9,1.0,avoid,open-meteo,,,-1.4,1.7,,,34.0,observed
prague,Mars,3,1,10,31,1.1,4.2,4.1,mid,open-meteo,,,0.0,3.5,,,39.0,observed
prague,Avril,4,4,15,31,1.4,6.3,4.4,mid,open-meteo,,,2.4,5.0,,,29.0,observed
prague,Mai,5,9,20,38,2.1,7.0,7.5,rec,open-meteo,,,7.2,5.3,,,28.0,observed
prague,Juin,6,14,25,38,2.4,7.3,8.0,rec,open-meteo,,,11.7,6.5,,,29.0,observed
prague,Juillet,7,16,26,38,2.1,7.4,8.0,rec,open-meteo,,,12.0,6.4,,,30.0,observed
prague,Août,8,15,26,34,2.5,7.2,8.1,rec,open-meteo,,,13.2,5.6,,,32.0,observed
prague,Septembre,9,12,21,28,2.1,5.6,7.6,rec,open-meteo,,,10.1,3.9,,,28.0,observed
prague,Octobre,10,8,15,37,1.7,3.6,4.2,mid,open-meteo,,,7.0,2.6,,,28.0,observed
prague,Novembre,11,2,8,32,1.4,1.8,1.0,avoid,open-meteo,,,2.5,1.5,,,39.0,observed
prague,Décembre,12,0,4,33,1.5,1.5,0.8,avoid,open-meteo,,,0.1,1.1,,,35.0,observed
provence,Janvier,1,2,11,22,1.3,5.1,4.3,mid,open-meteo,,,1.5,2.0,,,24.0,calibrated
provence,Février,2,4,14,20,1.4,5.9,4.4,mid,open-meteo,,,2.5,2.9,,,25.0,calibrated
provence,Mars,3,5,16,26,2.0,6.5,7.2,rec,open-meteo,,,3.7,4.4,,,30.0,calibrated
provence,Avril,4,8,20,26,1.9,7.5,7.7,rec,open-meteo,,,5.0,5.7,,,31.0,calibrated
provence,Mai,5,12,23,30,2.3,8.0,8.0,rec,open-meteo,,,9.2,6.3,,,29.0,calibrated
provence,Juin,6,17,29,21,1.5,9.0,8.8,rec,open-meteo,,,12.8,6.9,,,30.0,calibrated
provence,Juillet,7,20,33,7,0.6,9.6,8.4,rec,open-meteo,,,13.2,7.4,,,31.0,calibrated
provence,Août,8,19,32,11,1.2,8.7,8.5,rec,open-meteo,,,13.3,6.6,,,32.0,calibrated
provence,Septembre,9,15,26,19,2.6,7.2,8.5,rec,open-meteo,,,11.8,5.1,,,28.0,calibrated
provence,Octobre,10,12,21,25,3.5,5.9,7.7,rec,open-meteo,,,10.2,3.6,,,24.0,calibrated
provence,Novembre,11,6,14,30,3.2,5.1,4.3,mid,open-meteo,,,6.0,2.4,,,26.0,calibrated
provence,Décembre,12,3,11,25,2.2,4.8,4.2,mid,open-meteo,,,3.4,1.9,,,25.0,calibrated
reunion,Janvier,1,15,20,87,15.8,5.7,4.2,mid,open-meteo,28.0,5.0,15.2,7.0,2.41,9.0,14.0,calibrated
reunion,Février,2,14,19,93,17.5,5.1,4.6,avoid,open-meteo,28.4,4.8,15.2,7.1,1.98,7.8,17.0,calibrated
reunion,Mars,3,14,19,84,11.9,5.3,4.2,mid,open-meteo,28.0,4.9,15.3,6.8,2.04,10.1,16.0,calibrated
reunion,Avril,4,14,18,74,8.1,5.4,4.2,mid,open-meteo,27.6,4.7,14.3,5.7,2.28,10.6,17.0,calibrated
reunion,Mai,5,11,16,55,3.1,6.0,4.2,mid,open-meteo,27.2,4.5,11.6,5.1,2.53,11.1,22.0,calibrated
reunion,Juin,6,9,15,49,3.0,6.0,4.2,mid,open-meteo,26.1,4.5,9.9,4.6,2.32,11.3,24.0,calibrated
reunion,Juillet,7,8,14,41,1.8,6.4,4.2,mid,open-meteo,24.9,4.6,8.7,5.7,1.93,10.9,26.0,calibrated
reunion,Août,8,8,15,41,2.1,6.7,4.3,mid,open-meteo,24.2,4.2,8.5,6.3,2.79,11.7,27.0,calibrated
reunion,Septembre,9,9,16,42,2.0,6.9,4.4,mid,open-meteo,25.0,4.6,8.9,7.5,2.09,10.9,25.0,calibrated
reunion,Octobre,10,10,17,54,3.4,6.9,4.4,mid,open-meteo,25.7,4.7,10.7,7.8,2.3,10.8,24.0,calibrated
reunion,Novembre,11,12,18,70,6.5,6.3,4.2,mid,open-meteo,26.5,5.2,12.4,8.7,1.74,10.2,20.0,calibrated
reunion,Décembre,12,13,19,86,7.6,5.8,4.2,mid,open-meteo,27.5,5.2,13.9,9.4,1.75,10.7,20.0,calibrated
reykjavik,Janvier,1,-2,2,59,5.1,0.7,0.5,avoid,open-meteo,1.4,1.5,-3.7,0.2,1.76,10.5,28.0,observed
reykjavik,Février,2,-2,3,63,5.6,2.2,0.5,avoid,open-meteo,2.4,1.3,-3.0,0.8,1.94,11.1,29.0,observed
reykjavik,Mars,3,-1,4,53,4.2,3.6,0.7,avoid,open-meteo,3.0,2.4,-2.8,1.9,1.31,9.9,30.0,observed
reykjavik,Avril,4,2,7,54,4.3,5.5,0.9,avoid,open-meteo,4.9,2.7,0.3,3.2,1.12,7.7,31.0,observed
reykjavik,Mai,5,4,9,60,4.0,6.7,1.0,avoid,open-meteo,7.4,2.9,2.7,3.6,1.04,7.1,30.0,observed
reykjavik,Juin,6,7,11,53,3.2,6.3,4.1,mid,open-meteo,9.8,2.8,6.0,4.2,1.18,7.2,23.0,observed
reykjavik,Juillet,7,9,13,51,2.7,5.9,4.1,mid,open-meteo,11.5,3.0,8.3,3.3,1.01,6.7,20.0,observed
reykjavik,Août,8,9,13,46,3.5,5.3,4.1,mid,open-meteo,13.4,3.0,7.9,3.1,1.03,7.6,20.0,observed
reykjavik,Septembre,9,6,11,60,4.8,3.9,0.9,avoid,open-meteo,11.2,2.5,5.7,2.2,1.12,7.6,24.0,observed
reykjavik,Octobre,10,3,7,58,5.0,3.0,0.7,avoid,open-meteo,8.4,2.1,2.6,1.0,1.33,9.7,23.0,observed
reykjavik,Novembre,11,1,4,50,4.2,1.3,0.6,avoid,open-meteo,6.1,1.4,-0.6,0.3,1.99,9.2,31.0,observed
reykjavik,Décembre,12,-2,3,57,4.4,0.4,0.5,avoid,open-meteo,3.9,1.1,-3.3,0.1,2.46,10.0,31.0,observed
rhodes,Janvier,1,11,15,41,2.7,4.9,4.2,mid,open-meteo,18.7,4.3,6.8,3.1,0.86,5.3,29.0,observed
rhodes,Février,2,11,16,28,1.9,5.9,4.5,mid,open-meteo,17.3,4.4,7.5,4.2,0.78,5.3,34.0,observed
rhodes,Mars,3,12,18,25,1.7,7.4,7.5,rec,open-meteo,17.1,4.8,8.3,5.7,0.87,5.2,40.0,observed
rhodes,Avril,4,14,20,19,1.0,9.1,8.0,rec,open-meteo,17.5,5.5,10.8,6.8,0.78,5.0,44.0,observed
rhodes,Mai,5,18,24,13,0.6,10.5,8.9,rec,open-meteo,19.6,6.9,13.7,7.5,0.67,4.8,44.0,observed
rhodes,Juin,6,22,29,4,0.1,12.3,9.8,rec,open-meteo,23.2,8.7,16.8,8.1,0.55,4.4,46.0,observed
rhodes,Juillet,7,25,33,1,0.1,12.6,6.2,mid,open-meteo,26.1,9.1,18.2,8.0,0.6,4.6,45.0,observed
rhodes,Août,8,25,32,1,0.0,11.7,6.4,mid,open-meteo,27.7,9.3,19.8,7.6,0.56,4.4,47.0,observed
rhodes,Septembre,9,24,30,4,0.2,10.3,6.5,mid,open-meteo,27.6,9.3,17.7,6.5,0.66,4.9,39.0,observed
rhodes,Octobre,10,20,25,13,0.9,8.2,8.7,rec,open-meteo,25.6,8.1,15.1,5.1,0.47,4.7,34.0,observed
rhodes,Novembre,11,16,21,24,2.3,6.4,7.8,rec,open-meteo,22.9,6.5,12.2,3.6,0.57,4.6,30.0,observed
rhodes,Décembre,12,13,17,33,2.9,5.0,4.5,mid,open-meteo,20.7,4.9,9.1,2.8,0.89,5.3,30.0,observed
rio-de-janeiro,Janvier,1,24,30,47,5.0,6.8,5.2,mid,open-meteo,25.3,8.4,22.8,8.5,0.9,8.7,42.0,observed
rio-de-janeiro,Février,2,24,30,48,4.5,7.1,5.2,mid,open-meteo,27.2,8.7,22.9,8.3,0.66,9.1,49.0,observed
rio-de-janeiro,Mars,3,24,29,42,4.3,6.7,5.3,mid,open-meteo,26.8,8.4,22.6,7.1,0.86,8.9,43.0,observed
rio-de-janeiro,Avril,4,22,27,40,2.8,6.0,7.9,rec,open-meteo,25.3,7.8,20.7,6.7,0.87,9.8,47.0,observed
rio-de-janeiro,Mai,5,20,25,29,1.9,6.0,8.0,rec,open-meteo,24.2,7.2,18.9,5.2,1.05,9.9,41.0,observed
rio-de-janeiro,Juin,6,19,25,29,1.3,5.8,8.0,rec,open-meteo,23.0,7.1,17.7,4.9,0.8,10.1,39.0,observed
rio-de-janeiro,Juillet,7,18,24,21,1.3,6.1,8.1,rec,open-meteo,22.3,6.8,16.9,4.9,1.02,10.2,51.0,observed
rio-de-janeiro,Août,8,18,24,32,2.0,6.0,7.9,rec,open-meteo,22.6,6.6,16.8,5.9,1.07,9.7,41.0,observed
rio-de-janeiro,Septembre,9,20,26,28,2.0,4.9,8.0,rec,open-meteo,23.5,7.4,18.6,7.4,0.93,8.9,47.0,observed
rio-de-janeiro,Octobre,10,21,26,48,2.9,4.9,7.6,rec,open-meteo,24.4,7.3,19.9,6.9,0.86,9.0,40.0,observed
rio-de-janeiro,Novembre,11,21,26,51,4.3,5.6,7.6,rec,open-meteo,25.1,7.6,20.4,7.1,0.83,7.8,38.0,observed
rio-de-janeiro,Décembre,12,23,28,48,4.2,5.8,7.8,rec,open-meteo,23.8,7.7,21.9,7.9,0.86,9.2,47.0,observed
riviera-maya,Janvier,1,22,26,42,2.3,6.4,7.9,rec,open-meteo,27.2,7.8,19.7,5.9,0.77,5.6,24.0,calibrated
riviera-maya,Février,2,24,27,30,1.3,7.0,8.3,rec,open-meteo,27.0,8.3,19.7,6.8,0.68,5.0,29.0,calibrated
riviera-maya,Mars,3,24,28,27,1.2,7.7,8.5,rec,open-meteo,27.0,8.5,20.7,8.1,0.77,5.2,26.0,calibrated
riviera-maya,Avril,4,25,29,26,1.3,8.1,8.5,rec,open-meteo,27.7,8.8,21.9,8.6,0.79,5.2,29.0,calibrated
riviera-maya,Mai,5,26,30,46,3.2,7.5,5.3,mid,open-meteo,28.6,8.8,23.1,8.9,0.71,5.0,24.0,calibrated
riviera-maya,Juin,6,26,30,67,8.0,6.6,4.8,mid,open-meteo,29.9,8.5,24.4,7.5,0.84,5.4,21.0,calibrated
riviera-maya,Juillet,7,26,30,54,3.3,7.2,5.1,mid,open-meteo,29.8,8.8,24.7,8.6,0.7,5.0,33.0,calibrated
riviera-maya,Août,8,26,30,64,5.8,6.6,4.9,mid,open-meteo,30.1,8.7,24.8,8.5,0.4,4.9,24.0,calibrated
riviera-maya,Septembre,9,26,30,72,6.3,5.9,4.7,mid,open-meteo,30.5,8.4,24.8,7.8,0.54,5.2,18.0,calibrated
riviera-maya,Octobre,10,25,29,69,6.7,5.9,4.8,mid,open-meteo,30.3,8.1,23.6,6.6,0.75,5.7,22.0,calibrated
riviera-maya,Novembre,11,23,28,45,3.4,6.4,8.0,rec,open-meteo,28.9,8.3,21.9,6.2,0.68,5.4,25.0,calibrated
riviera-maya,Décembre,12,23,27,42,2.5,6.3,7.9,rec,open-meteo,28.0,8.1,20.8,5.3,0.76,5.4,28.0,calibrated
rome,Janvier,1,4,13,32,2.1,5.0,4.2,mid,open-meteo,14.6,3.7,4.0,2.4,0.92,5.2,40.0,observed
rome,Février,2,5,15,29,2.6,6.1,4.4,mid,open-meteo,13.6,3.7,5.2,3.4,0.97,5.1,47.0,observed
rome,Mars,3,7,16,36,2.9,6.6,4.5,mid,open-meteo,14.6,3.7,6.0,4.6,1.08,5.3,36.0,observed
rome,Avril,4,9,20,33,2.0,7.4,7.6,rec,open-meteo,15.8,4.9,8.3,6.5,0.97,5.3,35.0,observed
rome,Mai,5,13,23,39,2.8,8.9,7.9,rec,open-meteo,19.5,6.3,12.1,7.0,0.66,4.5,31.0,observed
rome,Juin,6,18,30,16,1.1,10.0,8.9,rec,open-meteo,24.1,8.9,15.4,7.7,0.68,4.3,32.0,observed
rome,Juillet,7,21,33,13,0.6,10.9,5.7,mid,open-meteo,27.5,9.0,17.2,7.8,0.54,4.1,34.0,observed
rome,Août,8,21,32,16,1.0,10.3,5.9,mid,open-meteo,25.6,8.9,17.5,7.2,0.42,4.0,34.0,observed
rome,Septembre,9,18,28,30,3.1,7.9,8.5,rec,open-meteo,24.5,8.0,15.7,5.6,0.82,4.9,27.0,observed
rome,Octobre,10,14,23,34,3.1,6.5,7.8,rec,open-meteo,23.6,6.8,13.2,3.8,0.76,5.0,26.0,observed
rome,Novembre,11,9,18,44,4.9,5.1,4.4,mid,open-meteo,18.8,4.6,9.6,2.8,0.81,4.9,35.0,observed
rome,Décembre,12,5,14,33,3.3,4.7,4.2,mid,open-meteo,16.0,3.8,5.9,2.2,0.95,5.1,35.0,observed
santorin,Janvier,1,10,14,32,1.5,5.6,4.3,mid,open-meteo,17.0,3.1,5.5,2.9,1.89,6.6,31.0,calibrated
santorin,Février,2,11,14,24,1.6,6.1,4.4,mid,open-meteo,16.4,3.6,6.4,4.0,1.5,5.8,34.0,calibrated
santorin,Mars,3,12,16,21,1.4,7.2,7.3,rec,open-meteo,16.4,4.0,6.9,5.6,1.39,5.7,42.0,calibrated
santorin,Avril,4,13,18,13,0.4,8.2,7.7,rec,open-meteo,17.3,4.7,9.2,7.0,1.38,5.8,46.0,calibrated
santorin,Mai,5,16,21,9,0.4,9.1,8.4,rec,open-meteo,18.7,6.1,12.4,7.5,0.95,5.0,43.0,calibrated
santorin,Juin,6,21,26,4,0.2,9.7,9.3,rec,open-meteo,22.0,7.8,15.9,8.1,0.83,4.7,47.0,calibrated
santorin,Juillet,7,23,28,1,0.0,9.7,9.6,rec,open-meteo,24.4,8.6,17.2,8.1,0.96,4.8,44.0,calibrated
santorin,Août,8,23,28,3,0.1,9.2,9.5,rec,open-meteo,25.9,8.9,18.2,7.6,0.78,4.5,44.0,calibrated
santorin,Septembre,9,22,26,3,0.2,8.3,9.1,rec,open-meteo,25.1,8.2,16.4,6.5,0.95,5.1,39.0,calibrated
santorin,Octobre,10,18,22,8,0.4,7.2,8.4,rec,open-meteo,23.6,6.9,13.6,5.1,1.03,5.2,35.0,calibrated
santorin,Novembre,11,15,19,15,0.8,6.2,7.7,rec,open-meteo,21.5,5.6,10.9,3.7,1.16,5.3,31.0,calibrated
santorin,Décembre,12,12,16,31,1.7,5.4,4.4,mid,open-meteo,18.8,3.9,7.6,2.7,1.42,6.1,32.0,calibrated
sardaigne,Janvier,1,4,12,32,2.2,5.0,4.2,mid,open-meteo,,,5.1,2.5,,,23.0,observed
sardaigne,Février,2,5,14,27,2.0,5.9,4.4,mid,open-meteo,,,5.3,3.5,,,27.0,observed
sardaigne,Mars,3,6,16,34,2.1,7.0,4.5,mid,open-meteo,,,6.1,5.1,,,30.0,observed
sardaigne,Avril,4,8,19,31,2.2,7.4,7.5,rec,open-meteo,,,7.8,6.7,,,33.0,observed
sardaigne,Mai,5,12,23,32,2.7,8.8,8.1,rec,open-meteo,,,10.8,7.4,,,31.0,observed
sardaigne,Juin,6,16,30,17,1.0,10.4,9.0,rec,open-meteo,,,14.0,8.0,,,33.0,observed
sardaigne,Juillet,7,20,34,3,0.1,11.0,5.7,mid,open-meteo,,,14.8,8.2,,,30.0,observed
sardaigne,Août,8,20,33,9,0.5,10.1,8.4,rec,open-meteo,,,15.1,7.4,,,29.0,observed
sardaigne,Septembre,9,16,28,23,1.6,8.0,8.7,rec,open-meteo,,,14.6,6.2,,,28.0,observed
sardaigne,Octobre,10,13,23,26,1.7,6.4,8.0,rec,open-meteo,,,12.3,4.3,,,25.0,observed
sardaigne,Novembre,11,9,17,41,3.2,5.0,4.4,mid,open-meteo,,,9.5,3.2,,,25.0,observed
sardaigne,Décembre,12,6,14,32,2.4,4.5,4.2,mid,open-meteo,,,6.6,2.4,,,25.0,observed
seville,Janvier,1,6,16,18,1.6,6.1,7.3,rec,open-meteo,,,6.3,3.0,,,39.0,observed
seville,Février,2,9,19,17,1.3,7.0,7.7,rec,open-meteo,,,6.8,4.0,,,34.0,observed
seville,Mars,3,10,20,35,3.3,7.4,7.5,rec,open-meteo,,,7.6,5.0,,,35.0,observed
seville,Avril,4,12,23,24,1.8,8.5,8.2,rec,open-meteo,,,9.2,6.9,,,31.0,observed
seville,Mai,5,15,28,15,1.0,9.9,9.2,rec,open-meteo,,,10.2,7.5,,,30.0,observed
seville,Juin,6,19,33,5,0.3,11.3,8.7,rec,open-meteo,,,12.1,7.4,,,30.0,observed
seville,Juillet,7,22,37,0,0.0,11.9,5.1,mid,open-meteo,,,13.4,8.0,,,33.0,observed
seville,Août,8,22,37,1,0.1,11.2,5.0,mid,open-meteo,,,13.9,7.6,,,35.0,observed
seville,Septembre,9,19,32,10,0.8,8.7,8.5,rec,open-meteo,,,14.0,6.3,,,28.0,observed
seville,Octobre,10,17,27,21,2.7,7.4,8.6,rec,open-meteo,,,12.8,4.2,,,22.0,observed
seville,Novembre,11,11,20,24,2.3,6.4,7.7,rec,open-meteo,,,10.0,3.2,,,33.0,observed
seville,Décembre,12,8,17,21,2.2,5.6,7.3,rec,open-meteo,,,8.3,2.8,,,28.0,observed
seychelles,Janvier,1,23,25,79,9.1,4.9,4.5,mid,open-meteo,28.4,6.9,20.8,8.6,1.21,9.8,18.0,observed
seychelles,Février,2,24,26,64,5.9,6.2,7.5,rec,open-meteo,28.6,7.5,20.9,9.0,1.08,8.3,19.0,observed
seychelles,Mars,3,24,26,60,4.7,6.8,7.6,rec,open-meteo,29.8,7.6,21.3,9.1,1.07,9.7,15.0,observed
seychelles,Avril,4,24,26,76,6.2,7.6,7.4,rec,open-meteo,30.4,7.1,21.6,8.1,1.24,10.2,13.0,observed
seychelles,Mai,5,24,26,76,5.9,8.2,7.4,rec,open-meteo,29.4,6.9,21.5,7.7,1.55,8.6,14.0,observed
seychelles,Juin,6,23,25,71,3.3,7.7,7.4,rec,open-meteo,27.5,6.3,20.8,7.5,1.82,8.0,21.0,observed
seychelles,Juillet,7,22,23,70,3.0,7.4,7.3,rec,open-meteo,26.4,5.9,20.0,7.4,1.86,7.6,27.0,observed
seychelles,Août,8,22,23,68,2.9,7.4,7.3,rec,open-meteo,26.2,5.7,19.9,8.3,2.09,8.3,26.0,observed
seychelles,Septembre,9,23,24,71,4.8,7.6,7.4,rec,open-meteo,27.5,6.1,20.3,8.5,1.89,7.8,24.0,observed
seychelles,Octobre,10,23,25,65,4.2,7.1,7.5,rec,open-meteo,28.1,6.9,20.5,9.1,1.46,8.7,20.0,observed
seychelles,Novembre,11,23,25,67,6.9,6.5,7.4,rec,open-meteo,29.4,7.4,20.6,8.9,1.01,8.4,16.0,observed
seychelles,Décembre,12,23,25,80,10.0,5.5,4.5,mid,open-meteo,29.1,6.9,20.9,8.2,1.33,9.1,20.0,observed
sicile,Janvier,1,2,12,27,1.4,5.5,4.3,mid,open-meteo,,,3.2,3.2,,,23.0,calibrated
sicile,Février,2,3,13,27,2.3,6.1,4.3,mid,open-meteo,,,3.6,4.1,,,28.0,calibrated
sicile,Mars,3,4,15,29,1.7,6.8,4.5,mid,open-meteo,,,4.7,5.9,,,35.0,calibrated
sicile,Avril,4,6,18,22,1.2,7.9,7.6,rec,open-meteo,,,6.2,6.9,,,36.0,calibrated
sicile,Mai,5,10,23,24,1.9,8.2,8.2,rec,open-meteo,,,8.6,7.4,,,39.0,calibrated
sicile,Juin,6,16,30,13,0.7,9.4,8.9,rec,open-meteo,,,10.6,8.4,,,34.0,calibrated
sicile,Juillet,7,18,34,3,0.1,9.8,5.6,mid,open-meteo,,,11.4,8.5,,,32.0,calibrated
sicile,Août,8,18,33,11,0.6,8.6,8.2,rec,open-meteo,,,13.1,7.9,,,31.0,calibrated
sicile,Septembre,9,16,28,23,1.4,7.4,8.6,rec,open-meteo,,,13.7,6.4,,,29.0,calibrated
sicile,Octobre,10,12,22,29,2.4,6.3,7.8,rec,open-meteo,,,11.6,5.1,,,26.0,calibrated
sicile,Novembre,11,8,17,36,3.0,5.3,4.5,mid,open-meteo,,,8.8,3.4,,,26.0,calibrated
sicile,Décembre,12,4,13,25,1.5,5.4,4.3,mid,open-meteo,,,5.0,2.8,,,25.0,calibrated
siem-reap,Janvier,1,22,31,7,0.5,8.2,6.1,mid,open-meteo,,,18.4,7.3,,,31.0,calibrated
siem-reap,Février,2,23,32,15,0.9,8.1,5.6,mid,open-meteo,,,18.9,8.3,,,48.0,calibrated
siem-reap,Mars,3,25,34,35,1.9,7.5,4.8,mid,open-meteo,,,21.9,8.8,,,53.0,calibrated
siem-reap,Avril,4,26,34,47,3.4,7.3,4.6,mid,open-meteo,,,23.2,9.2,,,45.0,calibrated
siem-reap,Mai,5,26,33,77,7.0,5.9,4.3,mid,open-meteo,,,24.5,8.4,,,39.0,calibrated
siem-reap,Juin,6,26,32,76,5.3,5.7,4.4,mid,open-meteo,,,24.3,7.5,,,21.0,calibrated
siem-reap,Juillet,7,26,32,85,7.1,4.7,4.3,mid,open-meteo,,,24.1,6.1,,,18.0,calibrated
siem-reap,Août,8,25,32,81,6.9,5.0,4.3,mid,open-meteo,,,24.2,8.3,,,19.0,calibrated
siem-reap,Septembre,9,24,31,91,11.3,4.2,4.3,mid,open-meteo,,,24.4,7.6,,,22.0,calibrated
siem-reap,Octobre,10,24,31,75,8.1,5.3,4.6,mid,open-meteo,,,23.7,7.5,,,28.0,calibrated
siem-reap,Novembre,11,23,31,45,3.5,6.7,5.1,mid,open-meteo,,,22.2,7.1,,,29.0,calibrated
siem-reap,Décembre,12,22,30,15,1.0,7.7,5.9,mid,open-meteo,,,19.3,6.6,,,32.0,calibrated
singapour,Janvier,1,24,29,83,9.4,5.7,4.6,mid,open-meteo,28.0,8.0,23.2,7.0,0.28,3.8,23.0,calibrated
singapour,Février,2,24,30,68,4.3,6.6,4.8,mid,open-meteo,27.6,8.4,22.9,8.7,0.32,3.7,34.0,calibrated
singapour,Mars,3,24,30,82,7.3,6.1,4.6,mid,open-meteo,27.8,8.2,23.6,8.6,0.27,3.6,34.0,calibrated
singapour,Avril,4,24,30,92,10.1,5.6,4.4,mid,open-meteo,29.7,8.2,24.5,8.3,0.11,3.9,32.0,calibrated
singapour,Mai,5,25,30,91,10.0,5.4,4.4,mid,open-meteo,30.7,8.0,24.9,7.4,0.15,2.9,25.0,calibrated
singapour,Juin,6,25,30,84,9.7,5.5,4.5,mid,open-meteo,30.1,8.2,24.5,7.3,0.16,2.9,30.0,calibrated
singapour,Juillet,7,25,30,75,6.5,6.2,4.7,mid,open-meteo,29.8,8.4,24.2,7.8,0.37,3.1,30.0,calibrated
singapour,Août,8,25,30,83,7.8,5.8,4.5,mid,open-meteo,29.4,8.3,24.1,8.4,0.27,2.8,24.0,calibrated
singapour,Septembre,9,25,30,82,7.3,5.7,4.5,mid,open-meteo,29.4,8.3,24.0,8.4,0.25,2.9,35.0,calibrated
singapour,Octobre,10,24,30,88,9.7,5.2,4.4,mid,open-meteo,30.0,8.2,24.2,8.5,0.15,3.4,36.0,calibrated
singapour,Novembre,11,24,30,93,12.4,4.6,4.4,mid,open-meteo,30.5,7.9,24.1,7.3,0.15,4.1,32.0,calibrated
singapour,Décembre,12,24,29,90,10.3,5.0,4.5,mid,open-meteo,29.3,7.9,23.7,7.0,0.27,3.7,35.0,calibrated
split,Janvier,1,4,11,35,4.2,4.5,4.1,mid,open-meteo,14.9,3.9,1.2,2.1,0.42,4.0,24.0,observed
split,Février,2,5,13,35,3.5,5.4,4.2,mid,open-meteo,14.4,3.9,3.2,2.8,0.4,3.8,31.0,observed
split,Mars,3,7,15,34,3.6,6.3,4.4,mid,open-meteo,14.8,4.1,4.0,4.2,0.55,4.0,31.0,observed
split,Avril,4,10,18,31,3.2,7.4,7.4,rec,open-meteo,15.7,4.9,6.9,6.1,0.36,3.7,32.0,observed
split,Mai,5,14,22,38,3.5,9.0,7.9,rec,open-meteo,18.2,6.0,11.8,6.7,0.38,3.9,32.0,observed
split,Juin,6,19,28,21,1.6,10.6,9.1,rec,open-meteo,22.8,8.3,15.3,7.5,0.31,3.5,34.0,observed
split,Juillet,7,22,31,12,1.0,11.6,9.2,rec,open-meteo,25.9,9.3,15.4,7.4,0.32,3.3,34.0,observed
split,Août,8,22,31,15,1.9,10.8,6.2,mid,open-meteo,26.3,9.1,16.0,6.7,0.26,3.1,33.0,observed
split,Septembre,9,18,26,27,4.1,8.2,8.4,rec,open-meteo,23.9,7.8,13.6,5.2,0.36,3.9,28.0,observed
split,Octobre,10,14,21,27,3.6,6.4,7.7,rec,open-meteo,22.3,6.4,11.2,3.8,0.38,4.0,27.0,observed
split,Novembre,11,10,16,47,8.6,4.3,4.2,mid,open-meteo,19.4,4.5,7.7,2.5,0.37,3.9,26.0,observed
split,Décembre,12,6,13,38,5.5,4.1,4.2,mid,open-meteo,16.6,4.1,4.1,1.7,0.49,4.1,26.0,observed
tenerife,Janvier,1,15,20,19,0.9,6.1,7.7,rec,open-meteo,20.7,5.9,12.1,4.7,0.81,8.5,45.0,observed
tenerife,Février,2,15,20,28,1.3,6.8,7.6,rec,open-meteo,19.6,5.2,12.0,5.9,1.22,7.0,51.0,observed
tenerife,Mars,3,15,20,28,1.0,7.6,7.7,rec,open-meteo,19.9,5.5,12.9,7.0,1.1,8.6,32.0,observed
tenerife,Avril,4,16,22,26,1.0,8.4,8.1,rec,open-meteo,20.4,6.2,13.8,8.0,1.01,7.4,36.0,observed
tenerife,Mai,5,18,23,19,0.5,9.3,8.4,rec,open-meteo,21.3,6.5,15.0,8.3,1.16,7.0,32.0,observed
tenerife,Juin,6,19,24,20,0.6,10.4,8.7,rec,open-meteo,23.3,7.2,16.8,8.6,1.07,7.1,27.0,observed
tenerife,Juillet,7,20,25,10,0.3,11.2,9.2,rec,open-meteo,23.9,7.6,18.5,8.8,1.13,7.1,25.0,observed
tenerife,Août,8,21,26,10,0.3,10.6,9.2,rec,open-meteo,24.4,7.6,19.3,8.5,1.32,6.5,28.0,observed
tenerife,Septembre,9,21,26,18,0.9,8.9,8.7,rec,open-meteo,25.0,7.8,19.0,7.4,1.05,6.7,29.0,observed
tenerife,Octobre,10,20,25,22,0.8,7.4,8.3,rec,open-meteo,25.1,7.6,17.4,6.3,1.01,7.8,27.0,observed
tenerife,Novembre,11,18,23,31,1.2,6.0,7.8,rec,open-meteo,23.2,6.8,15.6,5.0,0.7,8.8,44.0,observed
tenerife,Décembre,12,16,21,24,1.0,5.7,7.7,rec,open-meteo,22.0,5.9,13.7,4.3,1.21,6.7,58.0,observed
tokyo,Janvier,1,0,9,16,1.7,6.2,4.3,mid,open-meteo,10.6,4.1,-6.7,3.1,0.58,5.4,58.0,observed
tokyo,Février,2,1,10,24,1.8,6.0,4.2,mid,open-meteo,9.8,4.0,-5.6,3.6,0.72,6.1,49.0,observed
tokyo,Mars,3,4,14,39,4.6,5.7,4.2,mid,open-meteo,12.3,3.7,-1.2,4.8,0.76,6.5,53.0,observed
tokyo,Avril,4,10,19,39,4.5,6.0,7.3,rec,open-meteo,15.5,4.7,3.4,5.3,0.41,5.6,63.0,observed
tokyo,Mai,5,15,23,39,5.0,5.8,7.7,rec,open-meteo,18.0,5.8,7.9,6.1,0.72,5.6,52.0,observed
tokyo,Juin,6,19,26,49,6.4,4.1,7.5,rec,open-meteo,21.7,6.9,12.0,6.6,0.44,5.3,58.0,observed
tokyo,Juillet,7,23,30,51,5.7,4.9,4.9,mid,open-meteo,25.9,8.5,16.6,7.1,0.52,5.1,69.0,observed
tokyo,Août,8,25,32,46,4.5,5.6,4.8,mid,open-meteo,28.8,8.6,17.5,7.1,0.48,6.3,45.0,observed
tokyo,Septembre,9,21,28,52,6.9,4.2,7.6,rec,open-meteo,27.0,8.0,14.3,5.9,0.61,6.5,39.0,observed
tokyo,Octobre,10,14,21,42,6.5,4.2,7.3,rec,open-meteo,21.5,5.8,8.2,3.5,0.48,6.0,47.0,observed
tokyo,Novembre,11,8,17,29,2.8,5.0,4.5,mid,open-meteo,18.0,4.8,3.1,3.0,0.38,6.1,59.0,observed
tokyo,Décembre,12,2,11,22,1.8,5.6,4.3,mid,open-meteo,14.2,4.1,-3.2,3.1,0.35,4.8,62.0,observed
toscane,Janvier,1,2,11,36,2.6,4.1,4.1,mid,open-meteo,,,2.8,1.8,,,38.0,calibrated
toscane,Février,2,4,13,39,3.5,4.9,4.2,mid,open-meteo,,,4.0,2.4,,,50.0,calibrated
toscane,Mars,3,5,16,35,3.0,6.2,4.4,mid,open-meteo,,,4.8,3.8,,,37.0,calibrated
toscane,Avril,4,8,19,34,2.7,7.0,7.4,rec,open-meteo,,,7.3,5.7,,,32.0,calibrated
toscane,Mai,5,12,23,46,3.4,7.1,7.6,rec,open-meteo,,,12.0,6.3,,,30.0,calibrated
toscane,Juin,6,16,29,25,1.8,8.7,8.6,rec,open-meteo,,,15.4,7.1,,,32.0,calibrated
toscane,Juillet,7,19,32,17,1.0,9.0,5.7,mid,open-meteo,,,16.6,7.3,,,34.0,calibrated
toscane,Août,8,19,32,21,1.6,8.2,5.5,mid,open-meteo,,,16.4,6.5,,,35.0,calibrated
toscane,Septembre,9,16,26,32,3.8,6.7,8.1,rec,open-meteo,,,14.1,5.1,,,27.0,calibrated
toscane,Octobre,10,12,21,37,3.4,5.6,7.5,rec,open-meteo,,,12.1,2.9,,,24.0,calibrated
toscane,Novembre,11,7,16,44,4.7,4.4,4.3,mid,open-meteo,,,8.0,2.2,,,35.0,calibrated
toscane,Décembre,12,3,12,42,3.5,3.9,4.1,mid,open-meteo,,,4.8,1.7,,,32.0,calibrated
tulum,Janvier,1,22,27,47,2.2,6.2,7.8,rec,open-meteo,26.9,7.4,19.5,6.0,1.36,6.4,22.0,calibrated
tulum,Février,2,23,28,42,1.6,6.6,8.0,rec,open-meteo,26.9,8.0,19.6,6.9,1.04,5.9,26.0,calibrated
tulum,Mars,3,24,28,34,1.3,7.5,8.3,rec,open-meteo,27.0,8.1,20.5,8.2,1.22,5.9,24.0,calibrated
tulum,Avril,4,25,30,31,1.5,7.9,5.6,mid,open-meteo,27.8,8.5,21.8,8.8,1.31,5.8,27.0,calibrated
tulum,Mai,5,26,30,52,3.3,7.2,5.1,mid,open-meteo,28.8,8.3,23.0,8.9,1.28,5.7,23.0,calibrated
tulum,Juin,6,26,30,70,8.3,6.5,4.8,mid,open-meteo,29.9,7.9,24.2,7.1,1.47,6.1,19.0,calibrated
tulum,Juillet,7,26,31,52,3.0,7.3,5.1,mid,open-meteo,30.3,8.2,24.3,8.4,1.23,5.8,31.0,calibrated
tulum,Août,8,26,31,66,5.4,6.5,4.8,mid,open-meteo,30.7,8.2,24.5,8.4,0.72,5.5,22.0,calibrated
tulum,Septembre,9,25,31,74,5.8,5.8,4.6,mid,open-meteo,30.7,7.9,24.5,8.1,0.92,5.9,15.0,calibrated
tulum,Octobre,10,24,30,68,6.3,5.9,4.8,mid,open-meteo,30.2,8.1,23.3,6.9,1.1,6.3,19.0,calibrated
tulum,Novembre,11,23,28,48,3.6,6.3,7.9,rec,open-meteo,28.7,7.9,21.7,6.4,1.17,6.1,21.0,calibrated
tulum,Décembre,12,22,28,49,2.5,6.1,7.8,rec,open-meteo,27.7,7.7,20.6,5.5,1.25,6.1,25.0,calibrated
valence,Janvier,1,7,16,12,1.1,5.6,7.3,rec,open-meteo,14.1,4.1,3.8,2.5,0.67,6.0,30.0,observed
valence,Février,2,7,17,13,0.7,6.4,7.5,rec,open-meteo,13.1,4.4,4.7,3.7,0.52,5.5,35.0,observed
valence,Mars,3,9,18,27,2.4,7.0,7.4,rec,open-meteo,14.7,4.6,6.1,5.0,0.59,5.7,31.0,observed
valence,Avril,4,12,20,22,1.4,7.9,7.8,rec,open-meteo,17.9,5.6,8.5,6.5,0.69,5.9,31.0,observed
valence,Mai,5,15,24,14,1.0,8.6,8.6,rec,open-meteo,21.0,7.2,11.6,7.4,0.6,4.5,30.0,observed
valence,Juin,6,19,28,11,0.7,9.4,9.2,rec,open-meteo,23.9,8.5,15.4,7.6,0.76,5.1,30.0,observed
valence,Juillet,7,22,30,6,0.4,10.1,6.5,mid,open-meteo,28.3,9.6,18.9,7.8,0.61,4.5,31.0,observed
valence,Août,8,23,30,11,0.6,9.3,6.2,mid,open-meteo,28.8,9.4,19.2,7.1,0.61,4.7,32.0,observed
valence,Septembre,9,20,28,24,2.6,7.9,8.6,rec,open-meteo,26.3,8.6,16.7,6.0,0.65,5.7,26.0,observed
valence,Octobre,10,16,24,20,2.3,6.7,8.2,rec,open-meteo,23.3,7.1,13.4,4.3,0.76,5.5,24.0,observed
valence,Novembre,11,11,19,19,2.2,5.7,7.6,rec,open-meteo,15.7,4.8,8.2,3.0,0.74,5.7,28.0,observed
valence,Décembre,12,9,17,14,1.3,5.1,7.4,rec,open-meteo,14.9,4.3,6.1,2.5,0.66,6.6,25.0,observed
venise,Janvier,1,0,8,22,1.7,2.6,4.1,mid,open-meteo,11.4,3.9,-17.2,1.7,0.3,4.2,63.0,observed
venise,Février,2,3,10,24,2.4,3.8,4.2,mid,open-meteo,8.9,4.0,-14.9,2.2,0.25,4.3,69.0,observed
venise,Mars,3,5,13,27,2.3,4.6,4.3,mid,open-meteo,10.8,4.1,-12.6,3.3,0.35,4.6,44.0,observed
venise,Avril,4,9,17,31,2.7,5.8,4.6,mid,open-meteo,13.0,4.4,-9.1,5.2,0.4,3.7,38.0,observed
venise,Mai,5,13,21,47,4.3,7.4,7.5,rec,open-meteo,17.0,5.5,-3.7,5.6,0.29,3.8,33.0,observed
venise,Juin,6,19,26,27,2.4,8.1,8.4,rec,open-meteo,22.8,7.8,1.2,6.8,0.27,3.3,39.0,observed
venise,Juillet,7,21,28,27,2.0,9.3,8.7,rec,open-meteo,26.4,8.9,3.0,6.8,0.2,2.7,41.0,observed
venise,Août,8,21,28,25,2.5,8.3,8.7,rec,open-meteo,26.8,8.8,3.0,6.1,0.15,2.5,40.0,observed
venise,Septembre,9,17,24,33,4.0,6.6,7.9,rec,open-meteo,24.9,7.6,-0.7,4.4,0.41,3.9,31.0,observed
venise,Octobre,10,12,19,29,3.0,4.9,7.4,rec,open-meteo,22.0,5.9,-4.5,2.4,0.38,4.0,32.0,observed
venise,Novembre,11,6,13,33,3.6,2.9,4.2,mid,open-meteo,16.1,4.0,-10.4,2.1,0.27,4.0,54.0,observed
venise,Décembre,12,2,9,24,2.1,2.5,4.1,mid,open-meteo,11.6,3.7,-15.3,1.5,0.38,4.8,50.0,observed
vienne,Janvier,1,-2,4,30,1.2,2.3,0.9,avoid,open-meteo,,,-2.2,1.5,,,36.0,observed
vienne,Février,2,0,8,29,1.2,3.7,4.1,mid,open-meteo,,,-0.6,2.1,,,32.0,observed
vienne,Mars,3,2,11,22,1.1,5.0,4.3,mid,open-meteo,,,0.3,3.6,,,34.0,observed
vienne,Avril,4,6,16,31,1.7,7.2,7.2,rec,open-meteo,,,3.4,4.5,,,30.0,observed
vienne,Mai,5,11,20,42,2.5,8.0,7.5,rec,open-meteo,,,8.8,5.4,,,27.0,observed
vienne,Juin,6,16,26,38,2.3,8.7,8.2,rec,open-meteo,,,13.2,6.3,,,30.0,observed
vienne,Juillet,7,18,27,34,2.2,8.8,8.4,rec,open-meteo,,,13.6,6.4,,,32.0,observed
vienne,Août,8,17,27,30,1.9,8.6,8.5,rec,open-meteo,,,14.4,5.8,,,33.0,observed
vienne,Septembre,9,13,22,31,3.0,6.4,7.8,rec,open-meteo,,,11.0,3.5,,,26.0,observed
vienne,Octobre,10,8,16,31,1.6,4.2,4.4,mid,open-meteo,,,7.8,2.8,,,29.0,observed
vienne,Novembre,11,3,9,29,1.6,2.3,4.1,mid,open-meteo,,,3.2,1.7,,,40.0,observed
vienne,Décembre,12,0,5,33,1.5,1.8,0.8,avoid,open-meteo,,,-0.1,1.2,,,38.0,observed
zakynthos,Janvier,1,10,14,44,4.9,4.9,4.2,mid,open-meteo,17.8,3.9,7.0,2.9,1.04,5.5,28.0,calibrated
zakynthos,Février,2,10,15,30,2.9,6.1,4.4,mid,open-meteo,16.3,4.1,7.7,4.0,0.98,5.4,33.0,calibrated
zakynthos,Mars,3,11,17,36,2.2,6.4,4.5,mid,open-meteo,16.1,4.3,8.7,5.8,0.92,5.1,38.0,calibrated
zakynthos,Avril,4,13,19,20,1.0,7.9,7.7,rec,open-meteo,16.4,5.2,11.1,7.0,0.7,4.9,40.0,calibrated
zakynthos,Mai,5,16,24,19,1.0,8.7,8.5,rec,open-meteo,19.0,6.7,14.7,7.4,0.59,4.7,42.0,calibrated
zakynthos,Juin,6,21,30,10,0.8,9.3,6.3,mid,open-meteo,23.7,8.9,18.7,8.2,0.41,4.5,40.0,calibrated
zakynthos,Juillet,7,24,33,2,0.2,9.7,5.9,mid,open-meteo,26.5,9.1,20.5,8.1,0.38,4.4,41.0,calibrated
zakynthos,Août,8,24,33,7,0.2,9.0,5.7,mid,open-meteo,26.3,9.0,20.9,7.7,0.31,4.1,41.0,calibrated
zakynthos,Septembre,9,22,29,20,2.3,7.4,8.6,rec,open-meteo,25.6,8.8,18.7,6.4,0.51,4.7,34.0,calibrated
zakynthos,Octobre,10,18,24,26,3.3,6.4,8.0,rec,open-meteo,24.4,7.4,15.8,4.9,0.59,4.7,32.0,calibrated
zakynthos,Novembre,11,15,19,46,6.6,5.1,4.5,mid,open-meteo,21.5,5.4,12.7,3.3,0.75,4.8,29.0,calibrated
zakynthos,Décembre,12,12,16,40,4.1,5.0,4.3,mid,open-meteo,18.6,4.1,9.1,2.6,1.11,5.6,28.0,calibrated
zanzibar,Janvier,1,26,32,42,2.1,7.7,5.1,mid,open-meteo,29.0,8.6,23.1,7.4,0.3,5.7,25.0,calibrated
zanzibar,Février,2,26,32,41,1.4,7.7,5.1,mid,open-meteo,28.8,8.6,23.1,8.4,0.3,5.7,23.0,calibrated
zanzibar,Mars,3,26,32,59,3.4,6.8,4.7,mid,open-meteo,28.8,8.3,23.6,8.6,0.28,5.0,16.0,calibrated
zanzibar,Avril,4,25,29,92,12.3,5.2,4.4,mid,open-meteo,28.6,7.9,23.8,6.9,0.46,5.0,15.0,calibrated
zanzibar,Mai,5,24,28,67,6.0,6.4,4.9,mid,open-meteo,28.4,8.1,22.5,7.2,0.58,5.9,18.0,calibrated
zanzibar,Juin,6,23,28,55,2.1,6.9,7.8,rec,open-meteo,27.5,8.2,21.0,7.0,0.55,5.8,21.0,calibrated
zanzibar,Juillet,7,23,28,51,1.4,7.1,7.9,rec,open-meteo,26.3,8.3,20.2,7.3,0.48,5.1,25.0,calibrated
zanzibar,Août,8,22,28,50,1.3,7.1,7.9,rec,open-meteo,25.9,8.2,20.1,8.1,0.51,5.9,25.0,calibrated
zanzibar,Septembre,9,22,30,51,1.4,7.2,5.1,mid,open-meteo,26.6,8.6,20.4,8.2,0.45,5.4,22.0,calibrated
zanzibar,Octobre,10,23,30,59,3.1,7.1,5.0,mid,open-meteo,27.7,8.6,21.5,8.3,0.35,5.4,18.0,calibrated
zanzibar,Novembre,11,24,30,75,4.3,6.5,4.7,mid,open-meteo,28.3,8.4,23.0,8.0,0.28,5.2,16.0,calibrated
zanzibar,Décembre,12,25,31,66,3.4,6.8,4.8,mid,open-meteo,29.5,8.5,23.6,8.5,0.26,5.6,23.0,calibrated
barbade,Janvier,1,22,27,54,1.6,6.4,7.7,rec,open-meteo,26.6,7.2,18.9,7.3,1.53,6.7,29.0,calibrated
barbade,Février,2,22,27,49,1.5,6.8,7.8,rec,open-meteo,26.3,7.5,18.4,8.2,1.28,7.0,39.0,calibrated
barbade,Mars,3,22,27,45,1.4,7.3,8.0,rec,open-meteo,26.8,7.8,18.7,9.1,1.13,7.3,23.0,calibrated
barbade,Avril,4,23,28,41,1.3,7.6,8.2,rec,open-meteo,27.1,8.0,19.4,9.2,1.25,6.9,34.0,calibrated
barbade,Mai,5,24,28,47,1.6,7.6,8.0,rec,open-meteo,28.2,8.0,20.3,9.0,1.27,6.3,40.0,calibrated
barbade,Juin,6,24,28,62,2.7,7.0,7.7,rec,open-meteo,28.9,7.8,21.0,8.7,1.26,6.2,43.0,calibrated
barbade,Juillet,7,24,28,75,3.6,6.4,7.4,rec,open-meteo,28.9,7.6,21.4,8.5,1.23,6.5,44.0,calibrated
barbade,Août,8,24,28,77,3.7,6.3,7.4,rec,open-meteo,29.9,7.9,21.8,9.0,0.9,6.8,25.0,calibrated
barbade,Septembre,9,24,29,70,4.2,6.4,7.5,rec,open-meteo,30.4,8.1,21.9,8.6,0.79,7.6,18.0,calibrated
barbade,Octobre,10,24,28,68,3.9,6.1,7.5,rec,open-meteo,30.1,7.8,21.8,8.2,1.08,7.5,26.0,calibrated
barbade,Novembre,11,24,28,65,3.5,6.1,7.6,rec,open-meteo,28.7,7.5,21.1,7.1,1.32,7.5,21.0,calibrated
barbade,Décembre,12,23,27,53,2.1,6.3,7.7,rec,open-meteo,27.8,7.5,19.8,6.9,1.29,6.8,31.0,calibrated
athenes,Janvier,1,6,13,25,2.3,4.2,4.3,mid,open-meteo,16.7,4.4,4.2,2.9,0.49,4.1,31.0,observed
athenes,Février,2,7,14,25,1.7,4.8,4.3,mid,open-meteo,15.5,4.3,5.4,3.9,0.47,3.9,35.0,observed
athenes,Mars,3,8,16,21,1.5,5.9,7.3,rec,open-meteo,15.5,4.5,6.0,5.6,0.36,3.8,40.0,observed
athenes,Avril,4,11,20,20,1.1,7.7,7.8,rec,open-meteo,16.8,5.5,7.3,7.1,0.43,3.6,38.0,observed
athenes,Mai,5,16,25,17,1.0,9.4,8.7,rec,open-meteo,18.8,7.0,10.4,7.5,0.28,3.6,35.0,observed
athenes,Juin,6,21,31,17,0.9,11.2,9.0,rec,open-meteo,22.9,8.5,13.8,8.2,0.26,3.0,41.0,observed
athenes,Juillet,7,23,34,7,0.3,11.7,5.7,mid,open-meteo,27.5,9.0,13.8,8.4,0.25,2.8,36.0,observed
athenes,Août,8,23,33,8,0.4,11.0,8.5,rec,open-meteo,27.6,9.1,14.4,7.8,0.21,2.5,36.0,observed
athenes,Septembre,9,20,29,10,0.8,9.2,9.1,rec,open-meteo,25.4,8.9,13.8,6.6,0.27,2.9,34.0,observed
athenes,Octobre,10,15,23,11,0.8,6.7,8.3,rec,open-meteo,23.8,7.4,11.9,5.1,0.23,3.1,28.0,observed
athenes,Novembre,11,11,19,28,2.7,5.1,7.4,rec,open-meteo,21.6,5.8,9.8,3.5,0.34,3.6,29.0,observed
athenes,Décembre,12,8,15,29,3.1,4.1,4.3,mid,open-meteo,17.9,4.5,6.5,2.7,0.48,4.3,30.0,observed
milan,Janvier,1,-1,8,23,1.7,2.9,4.1,mid,open-meteo,,,-0.7,1.7,,,88.0,observed
milan,Février,2,2,11,30,2.7,3.8,4.2,mid,open-meteo,,,1.9,2.2,,,81.0,observed
milan,Mars,3,5,15,30,2.6,5.5,4.4,mid,open-meteo,,,3.3,3.2,,,50.0,observed
milan,Avril,4,8,19,30,3.4,5.9,7.4,rec,open-meteo,,,6.3,5.1,,,38.0,observed
milan,Mai,5,13,22,54,5.4,6.8,7.4,rec,open-meteo,,,11.5,5.8,,,31.0,observed
milan,Juin,6,18,28,35,3.8,8.3,8.4,rec,open-meteo,,,15.5,6.6,,,34.0,observed
milan,Juillet,7,20,29,37,3.4,9.5,8.4,rec,open-meteo,,,17.5,6.9,,,40.0,observed
milan,Août,8,20,30,34,3.8,7.7,5.5,mid,open-meteo,,,17.1,6.3,,,39.0,observed
milan,Septembre,9,16,25,36,4.4,6.0,7.9,rec,open-meteo,,,13.9,4.4,,,30.0,observed
milan,Octobre,10,11,19,34,4.1,3.8,4.6,mid,open-meteo,,,10.9,2.5,,,41.0,observed
milan,Novembre,11,5,12,38,4.1,2.4,4.1,mid,open-meteo,,,5.6,2.1,,,82.0,observed
milan,Décembre,12,0,8,25,2.3,2.2,4.1,mid,open-meteo,,,1.5,1.6,,,77.0,observed
naples,Janvier,1,6,13,39,3.0,3.7,4.1,mid,open-meteo,16.4,3.8,5.0,2.4,0.96,5.6,31.0,observed
naples,Février,2,7,14,37,3.3,4.5,4.2,mid,open-meteo,14.8,3.7,6.0,3.6,0.94,5.7,44.0,observed
naples,Mars,3,8,15,44,3.0,5.1,4.2,mid,open-meteo,14.7,3.6,7.0,4.9,1.07,5.6,37.0,observed
naples,Avril,4,10,18,33,2.2,6.3,7.3,rec,open-meteo,15.5,4.6,9.3,6.4,0.75,5.1,39.0,observed
naples,Mai,5,14,22,39,2.6,7.9,7.8,rec,open-meteo,18.7,6.0,13.3,7.1,0.54,4.8,35.0,observed
naples,Juin,6,18,27,18,1.2,9.3,8.9,rec,open-meteo,24.1,8.4,17.0,7.7,0.5,4.5,34.0,observed
naples,Juillet,7,22,30,12,0.7,10.1,6.3,mid,open-meteo,27.1,9.5,19.3,7.8,0.44,4.3,36.0,observed
naples,Août,8,22,31,21,1.0,9.5,5.9,mid,open-meteo,25.7,8.9,19.3,7.3,0.35,4.1,35.0,observed
naples,Septembre,9,19,27,33,3.8,7.8,8.3,rec,open-meteo,25.0,8.0,16.2,5.7,0.77,4.8,29.0,observed
naples,Octobre,10,14,23,35,3.3,6.1,7.8,rec,open-meteo,24.0,7.0,14.0,4.3,0.65,5.1,32.0,observed
naples,Novembre,11,11,18,53,6.8,4.2,4.3,mid,open-meteo,20.4,4.8,10.6,3.0,0.75,4.8,31.0,observed
naples,Décembre,12,7,15,34,3.5,3.4,4.2,mid,open-meteo,17.8,4.1,7.0,2.3,0.94,5.4,35.0,observed
lac-come,Janvier,1,4,9,28,1.9,1.9,4.1,mid,open-meteo,,,1.2,1.7,,,39.0,observed
lac-come,Février,2,5,11,30,2.7,3.4,4.1,mid,open-meteo,,,2.7,2.3,,,40.0,observed
lac-come,Mars,3,7,13,34,3.4,4.9,4.2,mid,open-meteo,,,4.2,3.0,,,35.0,observed
lac-come,Avril,4,10,17,42,4.6,5.9,4.4,mid,open-meteo,,,7.0,5.1,,,34.0,observed
lac-come,Mai,5,13,20,59,5.7,6.7,4.5,mid,open-meteo,,,11.9,5.4,,,31.0,observed
lac-come,Juin,6,18,26,52,6.3,8.1,7.8,rec,open-meteo,,,16.5,6.3,,,33.0,observed
lac-come,Juillet,7,21,28,50,5.4,9.2,8.1,rec,open-meteo,,,18.7,6.9,,,37.0,observed
lac-come,Août,8,21,28,43,6.5,8.2,8.2,rec,open-meteo,,,18.7,6.2,,,38.0,observed
lac-come,Septembre,9,17,23,48,5.0,6.2,7.5,rec,open-meteo,,,15.3,4.2,,,29.0,observed
lac-come,Octobre,10,14,19,42,6.0,4.2,4.5,mid,open-meteo,,,12.3,2.5,,,25.0,observed
lac-come,Novembre,11,8,13,41,4.7,2.2,4.1,mid,open-meteo,,,7.1,2.1,,,46.0,observed
lac-come,Décembre,12,5,11,24,2.6,1.9,4.1,mid,open-meteo,,,3.6,1.6,,,34.0,observed
cinque-terre,Janvier,1,2,9,39,4.6,4.4,1.2,avoid,open-meteo,14.9,3.3,1.1,1.8,1.17,6.2,25.0,calibrated
cinque-terre,Février,2,4,10,42,5.1,4.9,4.1,mid,open-meteo,13.7,3.3,2.3,2.3,1.12,6.2,31.0,calibrated
cinque-terre,Mars,3,5,12,39,4.3,6.1,4.2,mid,open-meteo,13.8,3.4,2.9,3.5,1.29,6.1,31.0,calibrated
cinque-terre,Avril,4,8,15,39,3.7,6.9,4.4,mid,open-meteo,15.4,4.0,5.7,5.1,1.0,5.8,34.0,calibrated
cinque-terre,Mai,5,11,18,52,4.8,6.9,4.4,mid,open-meteo,19.1,5.0,10.5,5.7,0.83,5.5,33.0,calibrated
cinque-terre,Juin,6,15,23,35,2.5,8.2,7.9,rec,open-meteo,23.9,7.2,14.6,6.8,0.81,4.9,35.0,calibrated
cinque-terre,Juillet,7,18,26,24,1.6,8.6,8.5,rec,open-meteo,26.9,8.6,16.6,7.1,0.5,4.9,36.0,calibrated
cinque-terre,Août,8,18,26,30,2.9,7.9,8.3,rec,open-meteo,26.4,8.4,16.0,6.3,0.39,4.8,37.0,calibrated
cinque-terre,Septembre,9,15,22,39,4.9,6.4,7.6,rec,open-meteo,24.4,6.8,13.0,4.6,0.94,5.2,30.0,calibrated
cinque-terre,Octobre,10,11,18,40,7.8,5.4,4.5,mid,open-meteo,22.3,5.4,10.6,2.4,0.95,5.5,25.0,calibrated
cinque-terre,Novembre,11,7,13,48,6.6,4.2,4.1,mid,open-meteo,18.5,4.0,5.9,2.1,0.97,5.3,25.0,calibrated
cinque-terre,Décembre,12,3,10,42,5.2,4.1,1.2,avoid,open-meteo,16.2,3.7,3.3,1.5,0.86,6.0,24.0,calibrated
madrid,Janvier,1,1,10,22,1.3,4.8,4.2,mid,open-meteo,,,1.2,2.5,,,43.0,observed
madrid,Février,2,3,14,19,0.9,5.6,4.4,mid,open-meteo,,,1.6,3.6,,,37.0,observed
madrid,Mars,3,5,15,34,2.5,6.8,4.4,mid,open-meteo,,,2.4,4.8,,,35.0,observed
madrid,Avril,4,8,18,32,2.2,7.7,7.4,rec,open-meteo,,,4.0,6.6,,,29.0,observed
madrid,Mai,5,11,24,23,1.4,8.6,8.4,rec,open-meteo,,,5.7,7.3,,,28.0,observed
madrid,Juin,6,17,30,15,0.7,10.5,9.0,rec,open-meteo,,,7.6,7.5,,,28.0,observed
madrid,Juillet,7,20,34,2,0.2,11.5,5.8,mid,open-meteo,,,7.3,7.9,,,30.0,observed
madrid,Août,8,20,34,5,0.4,10.7,5.6,mid,open-meteo,,,7.9,7.2,,,31.0,observed
madrid,Septembre,9,15,27,17,1.7,8.6,8.8,rec,open-meteo,,,8.6,5.9,,,25.0,observed
madrid,Octobre,10,12,22,26,2.1,6.4,7.9,rec,open-meteo,,,7.9,4.0,,,23.0,observed
madrid,Novembre,11,6,14,28,1.7,4.8,4.3,mid,open-meteo,,,5.6,2.9,,,35.0,observed
madrid,Décembre,12,3,11,23,1.5,4.0,4.2,mid,open-meteo,,,3.6,2.5,,,36.0,observed
grenade,Janvier,1,3,13,24,1.8,5.5,4.3,mid,open-meteo,,,1.0,3.1,,,26.0,observed
grenade,Février,2,5,16,24,1.9,6.1,7.2,rec,open-meteo,,,2.1,4.0,,,28.0,observed
grenade,Mars,3,6,16,41,4.3,7.1,4.4,mid,open-meteo,,,3.6,4.8,,,35.0,observed
grenade,Avril,4,8,20,31,2.5,7.8,7.6,rec,open-meteo,,,5.8,6.9,,,34.0,observed
grenade,Mai,5,12,25,20,1.4,9.0,8.6,rec,open-meteo,,,7.5,7.7,,,30.0,observed
grenade,Juin,6,17,31,9,0.5,11.0,9.2,rec,open-meteo,,,9.3,8.0,,,31.0,observed
grenade,Juillet,7,21,35,3,0.1,11.7,5.5,mid,open-meteo,,,9.2,8.3,,,35.0,observed
grenade,Août,8,21,35,4,0.1,10.6,5.4,mid,open-meteo,,,9.9,7.7,,,34.0,observed
grenade,Septembre,9,16,29,12,0.7,8.5,9.0,rec,open-meteo,,,9.9,6.5,,,27.0,observed
grenade,Octobre,10,13,25,20,1.5,6.8,8.3,rec,open-meteo,,,7.5,4.8,,,21.0,observed
grenade,Novembre,11,7,17,26,2.5,5.5,7.3,rec,open-meteo,,,4.5,3.6,,,25.0,observed
grenade,Décembre,12,5,14,25,2.2,4.8,4.3,mid,open-meteo,,,2.7,3.0,,,25.0,observed
acores,Janvier,1,13,16,56,4.6,2.5,4.1,mid,open-meteo,16.8,1.7,11.5,2.6,3.26,10.1,36.0,calibrated
acores,Février,2,12,16,52,4.2,3.3,4.2,mid,open-meteo,16.3,2.0,10.6,3.8,2.86,10.2,40.0,calibrated
acores,Mars,3,12,16,53,3.7,4.0,4.2,mid,open-meteo,16.1,2.0,10.7,5.3,3.11,10.0,38.0,calibrated
acores,Avril,4,13,17,59,4.0,4.5,4.2,mid,open-meteo,17.0,2.6,11.4,6.6,2.29,8.7,38.0,calibrated
acores,Mai,5,14,18,63,3.7,4.8,4.2,mid,open-meteo,18.6,3.6,13.1,6.7,1.64,8.3,32.0,calibrated
acores,Juin,6,16,20,50,2.7,5.9,7.3,rec,open-meteo,20.4,5.3,15.2,7.4,0.94,8.4,29.0,calibrated
acores,Juillet,7,18,23,46,1.6,6.2,7.6,rec,open-meteo,22.4,6.2,17.5,7.4,1.13,9.5,24.0,calibrated
acores,Août,8,20,24,48,2.1,5.8,7.6,rec,open-meteo,24.1,6.6,18.4,7.3,1.17,9.8,25.0,calibrated
acores,Septembre,9,19,23,53,2.5,4.8,7.4,rec,open-meteo,23.6,5.9,17.4,5.9,1.4,8.8,29.0,calibrated
acores,Octobre,10,18,21,55,4.8,3.6,4.5,mid,open-meteo,21.9,4.1,15.3,4.6,2.39,9.3,36.0,calibrated
acores,Novembre,11,15,19,52,4.3,2.9,4.3,mid,open-meteo,20.0,3.2,13.6,3.4,2.63,9.1,36.0,calibrated
acores,Décembre,12,13,17,53,5.2,2.4,4.2,mid,open-meteo,18.4,2.6,12.1,2.7,2.01,9.0,37.0,calibrated
antalya,Janvier,1,6,15,34,6.9,4.9,4.3,mid,open-meteo,19.1,4.6,3.2,2.7,0.61,4.9,24.0,observed
antalya,Février,2,6,16,28,3.5,5.7,4.5,mid,open-meteo,18.0,4.7,4.2,3.9,0.45,4.5,27.0,observed
antalya,Mars,3,8,18,27,3.1,6.5,7.4,rec,open-meteo,17.7,5.1,5.5,5.6,0.46,4.4,31.0,observed
antalya,Avril,4,11,22,22,1.9,7.7,8.1,rec,open-meteo,18.3,6.2,8.6,6.9,0.4,4.2,38.0,observed
antalya,Mai,5,15,26,24,2.1,9.4,8.6,rec,open-meteo,21.1,7.4,12.3,7.4,0.38,4.2,38.0,observed
antalya,Juin,6,20,31,15,0.8,11.0,9.0,rec,open-meteo,24.9,9.0,15.7,8.0,0.29,4.0,39.0,observed
antalya,Juillet,7,24,37,6,0.3,11.1,4.9,mid,open-meteo,28.1,8.6,15.4,8.0,0.34,4.0,34.0,observed
antalya,Août,8,24,34,7,0.3,10.5,5.6,mid,open-meteo,30.9,8.8,17.5,7.5,0.31,4.0,34.0,observed
antalya,Septembre,9,21,32,9,0.7,9.1,8.6,rec,open-meteo,29.0,9.2,14.4,6.4,0.34,4.0,30.0,observed
antalya,Octobre,10,16,27,17,1.9,7.5,8.7,rec,open-meteo,26.6,8.5,11.2,5.1,0.29,3.9,27.0,observed
antalya,Novembre,11,12,21,27,3.6,5.9,7.7,rec,open-meteo,24.0,6.7,7.7,3.5,0.43,4.4,23.0,observed
antalya,Décembre,12,8,16,39,6.6,4.7,4.3,mid,open-meteo,21.1,4.8,5.7,2.2,0.76,4.8,26.0,observed
cappadoce,Janvier,1,-3,6,30,1.7,5.2,4.1,mid,open-meteo,,,-5.1,2.7,,,25.0,calibrated
cappadoce,Février,2,-2,8,25,1.3,6.1,4.2,mid,open-meteo,,,-4.0,4.0,,,27.0,calibrated
cappadoce,Mars,3,1,12,37,1.9,6.1,4.2,mid,open-meteo,,,-1.9,5.1,,,29.0,calibrated
cappadoce,Avril,4,5,18,29,1.4,7.4,7.4,rec,open-meteo,,,0.5,6.8,,,35.0,calibrated
cappadoce,Mai,5,9,21,41,2.0,7.5,7.6,rec,open-meteo,,,4.8,7.2,,,31.0,calibrated
cappadoce,Juin,6,13,26,22,0.9,8.8,8.6,rec,open-meteo,,,8.4,8.4,,,32.0,calibrated
cappadoce,Juillet,7,15,30,3,0.1,9.7,9.3,rec,open-meteo,,,7.6,8.3,,,31.0,calibrated
cappadoce,Août,8,16,31,4,0.1,9.0,9.0,rec,open-meteo,,,7.8,7.8,,,31.0,calibrated
cappadoce,Septembre,9,12,26,8,0.4,7.9,8.9,rec,open-meteo,,,4.9,6.4,,,26.0,calibrated
cappadoce,Octobre,10,7,20,10,0.4,7.0,8.0,rec,open-meteo,,,3.0,5.0,,,24.0,calibrated
cappadoce,Novembre,11,2,14,18,1.0,6.0,4.5,mid,open-meteo,,,-0.5,3.5,,,25.0,calibrated
cappadoce,Décembre,12,-1,8,29,1.6,5.2,4.1,mid,open-meteo,,,-2.5,2.6,,,28.0,calibrated
copenhague,Janvier,1,1,4,40,1.8,1.7,0.7,avoid,open-meteo,3.7,3.0,0.2,0.8,0.72,4.2,23.0,observed
copenhague,Février,2,1,5,39,1.8,2.4,0.8,avoid,open-meteo,2.8,3.3,0.1,1.2,0.62,4.0,22.0,observed
copenhague,Mars,3,2,7,35,1.5,3.9,1.0,avoid,open-meteo,3.1,3.7,0.8,2.4,0.53,3.7,28.0,observed
copenhague,Avril,4,4,10,30,1.4,6.0,4.2,mid,open-meteo,7.0,4.2,2.6,3.9,0.5,3.4,28.0,observed
copenhague,Mai,5,9,15,31,1.3,7.4,4.5,mid,open-meteo,11.5,4.4,7.1,5.6,0.45,3.3,29.0,observed
copenhague,Juin,6,13,20,33,1.7,7.1,7.6,rec,open-meteo,16.7,5.6,11.3,5.5,0.44,3.2,27.0,observed
copenhague,Juillet,7,15,20,42,2.3,7.4,7.4,rec,open-meteo,18.5,5.7,12.7,5.4,0.4,3.2,26.0,observed
copenhague,Août,8,15,20,38,2.0,6.4,7.4,rec,open-meteo,17.9,5.5,13.4,4.9,0.4,3.1,27.0,observed
copenhague,Septembre,9,13,18,35,1.9,4.7,4.5,mid,open-meteo,17.7,4.9,11.3,3.5,0.46,3.5,26.0,observed
copenhague,Octobre,10,9,13,42,2.5,3.3,4.1,mid,open-meteo,11.9,3.4,7.8,2.0,0.59,3.8,23.0,observed
copenhague,Novembre,11,5,8,38,1.7,1.8,0.9,avoid,open-meteo,7.0,3.2,4.4,1.0,0.49,3.6,24.0,observed
copenhague,Décembre,12,3,6,39,1.8,1.3,0.7,avoid,open-meteo,3.8,3.0,2.2,0.5,0.59,3.9,23.0,observed
budapest,Janvier,1,-2,4,27,1.1,1.7,0.9,avoid,open-meteo,,,-2.4,1.4,,,44.0,observed
budapest,Février,2,0,8,30,1.5,3.0,4.1,mid,open-meteo,,,-0.3,2.2,,,44.0,observed
budapest,Mars,3,2,12,26,1.5,4.3,4.2,mid,open-meteo,,,0.5,3.5,,,42.0,observed
budapest,Avril,4,7,18,30,1.6,6.0,7.3,rec,open-meteo,,,4.0,4.7,,,31.0,observed
budapest,Mai,5,11,21,39,2.5,7.5,7.6,rec,open-meteo,,,9.6,5.8,,,28.0,observed
budapest,Juin,6,17,27,36,2.3,8.4,8.3,rec,open-meteo,,,14.2,6.4,,,30.0,observed
budapest,Juillet,7,18,28,29,2.3,9.0,8.6,rec,open-meteo,,,14.3,6.7,,,33.0,observed
budapest,Août,8,18,29,26,1.8,8.2,8.5,rec,open-meteo,,,15.0,5.8,,,33.0,observed
budapest,Septembre,9,14,24,25,2.1,6.5,8.1,rec,open-meteo,,,11.5,3.9,,,27.0,observed
budapest,Octobre,10,8,16,24,1.6,4.9,4.5,mid,open-meteo,,,7.8,2.8,,,33.0,observed
budapest,Novembre,11,3,9,32,2.1,2.2,1.1,avoid,open-meteo,,,3.5,1.9,,,51.0,observed
budapest,Décembre,12,-1,5,29,1.7,1.6,0.8,avoid,open-meteo,,,-0.1,1.1,,,51.0,observed
cracovie,Janvier,1,-2,3,38,1.6,1.4,0.7,avoid,open-meteo,,,-3.3,1.2,,,55.0,observed
cracovie,Février,2,-1,6,43,2.0,2.2,0.7,avoid,open-meteo,,,-1.7,1.6,,,59.0,observed
cracovie,Mars,3,0,9,37,1.4,3.2,4.1,mid,open-meteo,,,-0.5,3.4,,,61.0,observed
cracovie,Avril,4,4,14,40,2.2,4.6,4.2,mid,open-meteo,,,3.1,4.3,,,40.0,observed
cracovie,Mai,5,9,19,45,2.8,6.5,7.3,rec,open-meteo,,,8.3,6.0,,,34.0,observed
cracovie,Juin,6,14,24,37,2.3,6.5,7.8,rec,open-meteo,,,13.2,6.1,,,32.0,observed
cracovie,Juillet,7,15,25,48,3.9,6.8,7.7,rec,open-meteo,,,14.1,6.2,,,31.0,observed
cracovie,Août,8,16,25,39,3.3,6.5,7.9,rec,open-meteo,,,14.8,5.5,,,34.0,observed
cracovie,Septembre,9,12,20,39,3.6,4.2,7.3,rec,open-meteo,,,10.9,4.2,,,34.0,observed
cracovie,Octobre,10,7,14,36,2.2,3.2,4.2,mid,open-meteo,,,6.7,2.5,,,52.0,observed
cracovie,Novembre,11,2,8,35,1.8,1.6,0.9,avoid,open-meteo,,,2.4,1.6,,,61.0,observed
cracovie,Décembre,12,-1,4,39,1.7,1.0,0.7,avoid,open-meteo,,,-0.9,0.9,,,70.0,observed
montenegro,Janvier,1,5,12,44,7.9,4.5,4.1,mid,open-meteo,14.5,3.5,2.6,2.1,0.84,5.0,25.0,calibrated
montenegro,Février,2,7,13,41,7.7,5.3,4.2,mid,open-meteo,13.9,3.5,4.6,3.1,0.9,5.0,29.0,calibrated
montenegro,Mars,3,9,15,46,8.4,5.7,4.2,mid,open-meteo,14.2,3.6,5.7,4.4,0.98,5.1,34.0,calibrated
montenegro,Avril,4,12,18,43,4.8,6.8,4.6,mid,open-meteo,15.3,4.5,8.7,6.1,0.64,4.9,35.0,calibrated
montenegro,Mai,5,15,22,51,6.1,7.1,7.5,rec,open-meteo,19.3,5.9,13.8,6.8,0.63,4.3,37.0,calibrated
montenegro,Juin,6,21,28,29,2.6,8.6,8.6,rec,open-meteo,24.0,8.4,18.1,7.7,0.51,3.9,35.0,calibrated
montenegro,Juillet,7,24,30,18,1.7,9.1,6.0,mid,open-meteo,26.9,9.4,18.7,7.7,0.48,3.6,35.0,calibrated
montenegro,Août,8,24,31,25,2.9,8.0,5.7,mid,open-meteo,26.6,9.0,18.7,6.9,0.35,3.3,34.0,calibrated
montenegro,Septembre,9,20,26,37,6.0,6.6,8.0,rec,open-meteo,24.3,7.6,16.0,5.4,0.68,4.2,30.0,calibrated
montenegro,Octobre,10,16,22,34,7.1,5.7,7.7,rec,open-meteo,23.2,6.6,13.1,4.1,0.66,4.9,29.0,calibrated
montenegro,Novembre,11,12,17,49,13.5,4.3,4.3,mid,open-meteo,20.7,4.8,9.5,2.6,0.57,4.9,26.0,calibrated
montenegro,Décembre,12,8,14,42,9.2,4.4,4.2,mid,open-meteo,16.5,3.9,5.7,1.8,0.7,5.2,25.0,calibrated
chypre,Janvier,1,10,16,32,3.2,5.6,4.4,mid,open-meteo,18.6,4.1,6.9,3.5,1.23,6.2,28.0,calibrated
chypre,Février,2,9,17,23,1.6,6.5,7.4,rec,open-meteo,16.8,4.6,6.8,4.7,0.83,5.8,30.0,calibrated
chypre,Mars,3,11,19,18,1.1,7.2,7.7,rec,open-meteo,17.6,5.0,7.5,6.2,1.05,5.9,35.0,calibrated
chypre,Avril,4,14,23,14,0.6,8.3,8.4,rec,open-meteo,18.3,6.3,9.1,7.4,0.74,5.6,42.0,calibrated
chypre,Mai,5,18,26,7,0.2,9.2,9.1,rec,open-meteo,20.9,7.4,12.5,8.1,0.93,5.6,42.0,calibrated
chypre,Juin,6,22,29,1,0.0,9.9,9.5,rec,open-meteo,24.0,8.9,16.5,8.7,0.62,5.3,39.0,calibrated
chypre,Juillet,7,24,33,0,0.0,9.8,5.9,mid,open-meteo,28.2,9.1,18.0,8.6,0.79,5.5,36.0,calibrated
chypre,Août,8,24,32,1,0.0,9.1,6.1,mid,open-meteo,28.6,9.2,19.3,8.2,0.72,5.5,35.0,calibrated
chypre,Septembre,9,22,30,1,0.0,8.4,6.4,mid,open-meteo,27.7,9.3,17.2,7.2,0.86,6.0,32.0,calibrated
chypre,Octobre,10,19,27,8,0.7,7.4,8.9,rec,open-meteo,25.6,8.5,13.7,5.7,0.61,5.5,30.0,calibrated
chypre,Novembre,11,15,23,18,1.1,6.2,8.1,rec,open-meteo,22.9,6.8,10.6,4.3,0.79,5.3,30.0,calibrated
chypre,Décembre,12,11,18,33,3.2,5.5,7.3,rec,open-meteo,20.1,4.9,8.9,3.3,1.1,6.2,28.0,calibrated
fes,Janvier,1,6,17,23,1.5,6.8,7.4,rec,open-meteo,,,4.5,3.6,,,24.0,observed
fes,Février,2,7,19,24,1.7,7.1,7.6,rec,open-meteo,,,5.4,4.7,,,27.0,observed
fes,Mars,3,9,20,32,3.0,7.9,7.6,rec,open-meteo,,,7.1,5.8,,,34.0,observed
fes,Avril,4,11,23,28,2.1,8.2,8.1,rec,open-meteo,,,8.8,7.1,,,36.0,observed
fes,Mai,5,14,28,16,1.2,9.0,9.0,rec,open-meteo,,,9.9,7.9,,,34.0,observed
fes,Juin,6,17,32,7,0.3,10.5,8.8,rec,open-meteo,,,11.6,7.8,,,32.0,observed
fes,Juillet,7,20,38,1,0.0,10.9,3.6,avoid,open-meteo,,,12.1,8.4,,,35.0,observed
fes,Août,8,22,38,3,0.2,10.3,3.4,avoid,open-meteo,,,12.8,8.1,,,36.0,observed
fes,Septembre,9,18,32,10,0.6,9.4,8.6,rec,open-meteo,,,13.0,7.0,,,29.0,observed
fes,Octobre,10,16,29,18,1.4,7.9,8.7,rec,open-meteo,,,10.0,5.2,,,24.0,observed
fes,Novembre,11,10,21,24,1.7,6.8,7.8,rec,open-meteo,,,7.0,4.0,,,34.0,observed
fes,Décembre,12,7,18,25,2.2,6.4,7.4,rec,open-meteo,,,5.9,3.4,,,27.0,observed
djerba,Janvier,1,10,17,7,0.4,6.7,7.6,rec,open-meteo,15.2,4.6,5.6,3.9,0.59,4.4,40.0,observed
djerba,Février,2,11,18,11,0.6,7.6,7.7,rec,open-meteo,14.3,4.6,6.4,5.0,0.6,4.3,40.0,observed
djerba,Mars,3,13,20,8,0.5,8.0,8.1,rec,open-meteo,17.2,5.7,7.7,6.6,0.44,4.0,53.0,observed
djerba,Avril,4,15,23,10,0.6,9.2,8.7,rec,open-meteo,19.1,6.5,10.8,7.1,0.66,4.5,47.0,observed
djerba,Mai,5,18,26,7,0.4,10.0,9.2,rec,open-meteo,22.0,7.8,13.2,8.2,0.51,4.2,53.0,observed
djerba,Juin,6,22,31,0,0.0,11.2,6.7,mid,open-meteo,25.4,9.2,16.5,8.6,0.57,4.1,37.0,observed
djerba,Juillet,7,24,33,0,0.0,11.9,6.2,mid,open-meteo,30.0,9.4,19.0,8.6,0.4,3.6,34.0,observed
djerba,Août,8,25,33,2,0.1,11.2,6.0,mid,open-meteo,29.6,9.2,20.5,8.2,0.41,3.6,34.0,observed
djerba,Septembre,9,24,31,9,0.4,8.8,6.1,mid,open-meteo,27.7,9.2,19.5,7.1,0.41,3.8,37.0,observed
djerba,Octobre,10,20,28,11,0.7,7.8,9.0,rec,open-meteo,25.7,8.7,16.1,5.6,0.54,4.7,38.0,observed
djerba,Novembre,11,15,22,13,0.9,7.1,8.2,rec,open-meteo,21.2,6.6,11.5,4.3,0.36,4.7,29.0,observed
djerba,Décembre,12,12,18,15,0.8,6.6,7.6,rec,open-meteo,16.9,4.9,8.4,3.7,0.69,4.4,33.0,observed
le-caire,Janvier,1,9,20,4,0.1,6.9,8.1,rec,open-meteo,,,4.6,3.9,,,67.0,observed
le-caire,Février,2,9,21,6,0.2,8.3,8.4,rec,open-meteo,,,5.4,4.9,,,65.0,observed
le-caire,Mars,3,12,25,4,0.3,8.7,9.0,rec,open-meteo,,,5.6,6.1,,,56.0,observed
le-caire,Avril,4,15,30,2,0.1,9.7,9.3,rec,open-meteo,,,6.7,7.0,,,56.0,observed
le-caire,Mai,5,19,34,1,0.0,10.5,5.7,mid,open-meteo,,,9.1,7.5,,,54.0,observed
le-caire,Juin,6,22,37,0,0.0,11.9,5.1,mid,open-meteo,,,13.0,7.6,,,51.0,observed
le-caire,Juillet,7,23,38,0,0.0,11.7,3.8,avoid,open-meteo,,,15.5,7.6,,,47.0,observed
le-caire,Août,8,24,38,0,0.0,11.3,3.7,avoid,open-meteo,,,16.5,7.4,,,43.0,observed
le-caire,Septembre,9,22,36,0,0.0,10.4,5.2,mid,open-meteo,,,16.0,6.7,,,45.0,observed
le-caire,Octobre,10,19,31,2,0.1,9.4,9.2,rec,open-meteo,,,14.4,5.6,,,39.0,observed
le-caire,Novembre,11,15,27,2,0.1,8.3,9.2,rec,open-meteo,,,10.8,4.2,,,51.0,observed
le-caire,Décembre,12,11,22,4,0.2,6.4,8.4,rec,open-meteo,,,7.8,3.7,,,57.0,observed
hurghada,Janvier,1,14,21,1,0.0,8.6,8.5,rec,open-meteo,22.5,6.7,6.1,4.4,0.78,4.2,45.0,observed
hurghada,Février,2,14,22,2,0.0,9.8,8.9,rec,open-meteo,20.9,6.6,6.6,5.4,0.73,4.6,56.0,observed
hurghada,Mars,3,17,24,1,0.1,8.8,9.0,rec,open-meteo,22.3,7.4,7.6,6.5,0.72,4.6,58.0,observed
hurghada,Avril,4,20,28,0,0.0,9.5,9.6,rec,open-meteo,22.7,8.2,8.9,7.3,0.73,4.7,63.0,observed
hurghada,Mai,5,24,31,0,0.0,10.2,9.3,rec,open-meteo,24.3,8.7,11.3,7.7,0.87,4.3,59.0,observed
hurghada,Juin,6,27,34,0,0.0,11.6,5.8,mid,open-meteo,26.8,8.8,13.5,7.7,0.77,4.3,53.0,observed
hurghada,Juillet,7,28,35,0,0.0,11.4,5.5,mid,open-meteo,28.1,8.9,15.0,7.7,0.54,4.0,55.0,observed
hurghada,Août,8,29,35,0,0.0,10.4,5.4,mid,open-meteo,29.0,8.8,16.5,7.6,0.69,4.5,54.0,observed
hurghada,Septembre,9,27,33,0,0.0,10.1,5.9,mid,open-meteo,28.1,8.9,16.4,7.1,0.79,4.2,46.0,observed
hurghada,Octobre,10,23,30,0,0.1,8.9,9.3,rec,open-meteo,26.7,9.2,15.6,6.0,0.79,4.3,49.0,observed
hurghada,Novembre,11,20,26,0,0.0,8.8,9.3,rec,open-meteo,26.0,8.3,12.2,4.8,0.84,4.5,47.0,observed
hurghada,Décembre,12,16,23,1,0.0,8.0,8.8,rec,open-meteo,24.1,7.4,8.7,4.3,0.7,4.4,49.0,observed
jordanie,Janvier,1,6,13,24,1.4,6.3,4.4,mid,open-meteo,,,2.4,4.2,,,35.0,calibrated
jordanie,Février,2,6,14,25,1.5,6.7,4.4,mid,open-meteo,,,2.7,5.2,,,41.0,calibrated
jordanie,Mars,3,9,18,19,1.1,7.5,7.6,rec,open-meteo,,,3.1,6.5,,,46.0,calibrated
jordanie,Avril,4,14,24,10,0.4,8.4,8.7,rec,open-meteo,,,3.1,7.7,,,53.0,calibrated
jordanie,Mai,5,17,28,4,0.2,9.4,9.5,rec,open-meteo,,,4.6,8.3,,,53.0,calibrated
jordanie,Juin,6,21,31,0,0.0,9.8,9.3,rec,open-meteo,,,8.5,8.4,,,46.0,calibrated
jordanie,Juillet,7,22,32,0,0.0,9.7,8.9,rec,open-meteo,,,10.6,8.4,,,40.0,calibrated
jordanie,Août,8,22,32,0,0.0,9.2,8.8,rec,open-meteo,,,12.1,8.2,,,39.0,calibrated
jordanie,Septembre,9,20,30,0,0.0,8.4,9.2,rec,open-meteo,,,11.7,7.4,,,37.0,calibrated
jordanie,Octobre,10,17,26,5,0.2,7.8,9.0,rec,open-meteo,,,9.7,6.2,,,43.0,calibrated
jordanie,Novembre,11,12,20,15,0.6,6.7,7.8,rec,open-meteo,,,6.8,4.7,,,42.0,calibrated
jordanie,Décembre,12,8,15,19,1.0,6.3,7.2,rec,open-meteo,,,4.0,4.0,,,38.0,calibrated
kenya,Janvier,1,15,26,30,1.7,8.2,8.3,rec,open-meteo,,,11.8,8.8,,,36.0,calibrated
kenya,Février,2,15,28,28,1.6,8.4,8.6,rec,open-meteo,,,11.5,9.7,,,28.0,calibrated
kenya,Mars,3,16,28,43,2.5,7.7,8.1,rec,open-meteo,,,12.2,10.0,,,26.0,calibrated
kenya,Avril,4,16,25,86,5.9,5.5,4.4,mid,open-meteo,,,14.8,8.5,,,31.0,calibrated
kenya,Mai,5,15,24,60,3.6,6.7,7.5,rec,open-meteo,,,14.1,7.9,,,43.0,calibrated
kenya,Juin,6,13,23,30,1.2,7.7,8.0,rec,open-meteo,,,12.3,7.5,,,47.0,calibrated
kenya,Juillet,7,13,23,15,0.6,7.5,8.3,rec,open-meteo,,,11.2,6.9,,,54.0,calibrated
kenya,Août,8,13,24,26,1.0,7.2,8.1,rec,open-meteo,,,10.9,8.0,,,43.0,calibrated
kenya,Septembre,9,14,26,25,1.1,8.1,8.4,rec,open-meteo,,,11.2,9.0,,,35.0,calibrated
kenya,Octobre,10,15,26,47,3.1,7.4,7.9,rec,open-meteo,,,12.1,9.2,,,32.0,calibrated
kenya,Novembre,11,15,24,76,4.7,5.9,4.5,mid,open-meteo,,,14.2,8.5,,,30.0,calibrated
kenya,Décembre,12,15,25,55,2.7,7.1,7.6,rec,open-meteo,,,13.6,8.9,,,31.0,calibrated
madagascar,Janvier,1,17,26,75,10.6,5.5,7.3,rec,open-meteo,,,16.6,7.9,,,13.0,calibrated
madagascar,Février,2,17,26,75,9.0,5.7,7.3,rec,open-meteo,,,16.7,8.2,,,11.0,calibrated
madagascar,Mars,3,17,26,67,6.0,5.9,7.4,rec,open-meteo,,,16.5,8.3,,,13.0,calibrated
madagascar,Avril,4,16,24,36,1.8,6.9,7.9,rec,open-meteo,,,15.2,6.7,,,15.0,calibrated
madagascar,Mai,5,13,23,12,0.4,7.5,8.4,rec,open-meteo,,,12.6,6.6,,,19.0,calibrated
madagascar,Juin,6,11,20,10,0.5,7.5,8.0,rec,open-meteo,,,10.7,5.9,,,20.0,calibrated
madagascar,Juillet,7,10,20,5,0.2,7.6,8.1,rec,open-meteo,,,9.5,6.4,,,24.0,calibrated
madagascar,Août,8,11,22,6,0.3,8.0,8.5,rec,open-meteo,,,9.5,7.2,,,24.0,calibrated
madagascar,Septembre,9,12,24,6,0.2,8.5,8.8,rec,open-meteo,,,9.9,8.6,,,24.0,calibrated
madagascar,Octobre,10,14,26,20,1.1,8.2,8.6,rec,open-meteo,,,11.9,9.5,,,27.0,calibrated
madagascar,Novembre,11,16,27,45,4.1,7.4,8.0,rec,open-meteo,,,14.1,9.6,,,32.0,calibrated
madagascar,Décembre,12,17,26,57,6.9,6.8,7.6,rec,open-meteo,,,15.8,9.7,,,28.0,calibrated
chiang-mai,Janvier,1,17,28,13,0.7,8.3,9.0,rec,open-meteo,,,15.8,6.7,,,39.0,observed
chiang-mai,Février,2,18,30,6,0.9,8.9,9.1,rec,open-meteo,,,14.7,7.7,,,48.0,observed
chiang-mai,Mars,3,21,34,6,0.3,8.6,5.4,mid,open-meteo,,,15.7,8.6,,,55.0,observed
chiang-mai,Avril,4,24,36,22,1.9,8.4,4.7,mid,open-meteo,,,18.3,9.1,,,63.0,observed
chiang-mai,Mai,5,24,33,60,6.6,7.0,4.6,mid,open-meteo,,,22.0,8.7,,,45.0,observed
chiang-mai,Juin,6,24,31,87,8.0,4.9,4.4,mid,open-meteo,,,23.3,7.7,,,25.0,observed
chiang-mai,Juillet,7,24,30,90,11.8,3.7,4.3,mid,open-meteo,,,23.6,7.1,,,23.0,observed
chiang-mai,Août,8,24,30,96,13.3,3.6,4.3,mid,open-meteo,,,23.7,6.7,,,25.0,observed
chiang-mai,Septembre,9,23,30,86,11.2,5.1,4.5,mid,open-meteo,,,23.5,7.3,,,35.0,observed
chiang-mai,Octobre,10,22,30,59,5.8,6.3,4.9,mid,open-meteo,,,22.4,7.5,,,46.0,observed
chiang-mai,Novembre,11,21,29,30,2.3,7.6,8.3,rec,open-meteo,,,20.3,6.2,,,53.0,observed
chiang-mai,Décembre,12,18,28,10,0.8,7.7,9.0,rec,open-meteo,,,17.4,6.1,,,61.0,observed
koh-samui,Janvier,1,24,28,57,4.3,6.4,5.1,mid,open-meteo,28.0,8.2,22.4,7.8,0.55,4.8,42.0,observed
koh-samui,Février,2,25,29,48,2.1,7.6,5.3,mid,open-meteo,28.5,8.6,22.1,8.6,0.54,4.4,33.0,observed
koh-samui,Mars,3,26,30,35,1.4,7.7,5.5,mid,open-meteo,28.9,9.0,23.0,9.1,0.47,4.2,30.0,observed
koh-samui,Avril,4,26,31,49,3.6,6.7,5.1,mid,open-meteo,30.9,8.5,24.0,9.2,0.28,3.5,26.0,observed
koh-samui,Mai,5,26,31,65,3.8,6.2,4.8,mid,open-meteo,31.5,8.1,24.5,8.0,0.23,3.6,27.0,observed
koh-samui,Juin,6,26,31,54,2.5,5.0,4.8,mid,open-meteo,30.8,8.4,23.7,7.1,0.34,3.7,23.0,observed
koh-samui,Juillet,7,26,31,59,3.2,5.0,4.8,mid,open-meteo,30.5,8.3,23.7,6.9,0.33,5.2,25.0,observed
koh-samui,Août,8,26,31,59,2.7,4.9,4.8,mid,open-meteo,30.3,8.5,23.4,8.1,0.24,4.3,21.0,observed
koh-samui,Septembre,9,26,30,67,4.4,4.8,4.7,mid,open-meteo,30.2,8.4,23.6,7.8,0.41,4.3,20.0,observed
koh-samui,Octobre,10,25,29,88,7.3,4.7,4.5,mid,open-meteo,30.5,7.9,23.9,7.5,0.22,3.4,25.0,observed
koh-samui,Novembre,11,25,28,83,9.5,5.8,4.6,mid,open-meteo,29.6,7.9,23.6,7.0,0.54,4.3,35.0,observed
koh-samui,Décembre,12,24,28,63,7.2,5.7,4.9,mid,open-meteo,28.6,8.1,22.6,6.0,0.69,4.5,45.0,observed
hanoi,Janvier,1,15,22,34,2.0,2.2,7.4,rec,open-meteo,,,13.0,3.2,,,59.0,observed
hanoi,Février,2,15,23,36,1.8,1.7,7.4,rec,open-meteo,,,14.1,4.5,,,58.0,observed
hanoi,Mars,3,19,26,39,2.4,1.5,7.5,rec,open-meteo,,,18.5,5.1,,,73.0,observed
hanoi,Avril,4,22,29,41,3.5,2.9,7.6,rec,open-meteo,,,21.3,7.0,,,75.0,observed
hanoi,Mai,5,25,31,58,7.0,5.6,4.8,mid,open-meteo,,,24.2,7.0,,,73.0,observed
hanoi,Juin,6,27,33,60,8.9,5.6,4.5,mid,open-meteo,,,25.5,6.8,,,64.0,observed
hanoi,Juillet,7,26,33,67,10.2,5.8,4.4,mid,open-meteo,,,25.4,7.0,,,62.0,observed
hanoi,Août,8,26,32,80,13.5,5.3,4.4,mid,open-meteo,,,25.6,7.9,,,78.0,observed
hanoi,Septembre,9,25,31,71,11.4,5.4,4.6,mid,open-meteo,,,24.5,6.5,,,68.0,observed
hanoi,Octobre,10,22,29,44,6.9,4.8,7.8,rec,open-meteo,,,20.4,6.6,,,66.0,observed
hanoi,Novembre,11,19,26,28,2.0,4.4,8.0,rec,open-meteo,,,17.8,5.7,,,76.0,observed
hanoi,Décembre,12,15,22,22,1.1,3.6,7.7,rec,open-meteo,,,12.1,3.6,,,84.0,observed
ho-chi-minh,Janvier,1,23,32,13,1.0,7.9,5.7,mid,open-meteo,,,20.2,7.5,,,55.0,observed
ho-chi-minh,Février,2,24,34,14,0.7,8.7,5.3,mid,open-meteo,,,19.5,8.6,,,34.0,observed
ho-chi-minh,Mars,3,25,35,16,0.6,8.8,5.0,mid,open-meteo,,,20.9,9.0,,,38.0,observed
ho-chi-minh,Avril,4,26,35,39,2.9,8.0,4.6,mid,open-meteo,,,23.1,9.2,,,29.0,observed
ho-chi-minh,Mai,5,26,33,83,8.0,6.3,5.2,avoid,open-meteo,,,24.7,8.4,,,42.0,observed
ho-chi-minh,Juin,6,25,32,91,8.8,5.7,4.3,mid,open-meteo,,,24.6,7.8,,,55.0,observed
ho-chi-minh,Juillet,7,25,31,95,10.0,5.8,4.4,mid,open-meteo,,,24.4,7.1,,,52.0,observed
ho-chi-minh,Août,8,25,31,95,10.2,5.5,4.3,mid,open-meteo,,,24.4,8.3,,,56.0,observed
ho-chi-minh,Septembre,9,24,31,98,12.3,5.4,4.3,mid,open-meteo,,,24.3,7.3,,,41.0,observed
ho-chi-minh,Octobre,10,24,31,89,10.4,5.9,4.4,mid,open-meteo,,,24.0,7.4,,,57.0,observed
ho-chi-minh,Novembre,11,24,31,64,5.1,6.7,4.8,mid,open-meteo,,,23.5,7.2,,,62.0,observed
ho-chi-minh,Décembre,12,23,31,34,2.3,7.3,5.4,mid,open-meteo,,,21.5,6.2,,,57.0,observed
kyoto,Janvier,1,-1,8,24,1.7,4.0,4.1,mid,open-meteo,,,-0.7,3.0,,,28.0,observed
kyoto,Février,2,-1,9,26,2.2,4.3,4.1,mid,open-meteo,,,-0.3,3.6,,,32.0,observed
kyoto,Mars,3,3,13,36,3.7,5.0,4.2,mid,open-meteo,,,3.3,4.8,,,39.0,observed
kyoto,Avril,4,8,19,36,5.1,5.9,7.3,rec,open-meteo,,,8.1,5.2,,,47.0,observed
kyoto,Mai,5,13,24,39,6.0,5.9,7.7,rec,open-meteo,,,12.6,6.1,,,40.0,observed
kyoto,Juin,6,18,27,47,8.1,4.4,7.7,rec,open-meteo,,,17.2,6.6,,,46.0,observed
kyoto,Juillet,7,23,31,55,8.3,4.6,4.8,mid,open-meteo,,,22.4,7.1,,,33.0,observed
kyoto,Août,8,24,32,42,5.9,5.9,4.9,mid,open-meteo,,,22.7,7.2,,,30.0,observed
kyoto,Septembre,9,21,28,49,6.4,4.8,7.7,rec,open-meteo,,,19.7,6.2,,,33.0,observed
kyoto,Octobre,10,13,22,37,6.2,5.0,7.6,rec,open-meteo,,,13.1,4.4,,,30.0,observed
kyoto,Novembre,11,7,16,22,2.3,4.7,4.5,mid,open-meteo,,,7.6,3.4,,,30.0,observed
kyoto,Décembre,12,1,10,23,1.9,4.3,4.2,mid,open-meteo,,,1.8,3.0,,,30.0,observed
hong-kong,Janvier,1,14,19,19,1.2,4.7,7.5,rec,open-meteo,18.2,5.1,10.9,5.2,0.85,5.8,61.0,observed
hong-kong,Février,2,14,20,26,1.6,3.6,7.4,rec,open-meteo,18.7,5.3,12.7,5.0,0.73,5.6,50.0,observed
hong-kong,Mars,3,18,22,42,3.1,3.2,7.4,rec,open-meteo,20.7,5.8,16.8,5.9,0.78,5.9,58.0,observed
hong-kong,Avril,4,21,25,54,5.5,3.8,7.4,rec,open-meteo,23.7,6.9,19.9,7.7,0.59,5.4,42.0,observed
hong-kong,Mai,5,24,27,70,8.7,4.5,4.7,mid,open-meteo,26.3,7.5,23.3,7.0,0.74,5.6,50.0,observed
hong-kong,Juin,6,26,29,91,13.1,4.8,4.4,mid,open-meteo,28.5,7.8,25.3,7.6,0.65,5.0,31.0,observed
hong-kong,Juillet,7,26,30,84,9.6,6.4,4.6,mid,open-meteo,29.3,8.3,25.4,7.9,0.67,5.4,28.0,observed
hong-kong,Août,8,26,29,86,13.3,5.9,4.6,mid,open-meteo,28.8,8.0,25.3,7.6,0.44,5.4,51.0,observed
hong-kong,Septembre,9,25,29,72,10.1,5.8,4.7,mid,open-meteo,27.6,8.1,24.2,7.5,0.68,6.3,58.0,observed
hong-kong,Octobre,10,22,27,36,5.7,6.4,8.1,rec,open-meteo,27.4,8.1,19.9,7.0,0.78,6.7,56.0,observed
hong-kong,Novembre,11,19,24,21,2.9,5.7,8.1,rec,open-meteo,24.7,7.3,16.6,5.2,0.91,6.9,59.0,observed
hong-kong,Décembre,12,14,20,11,0.6,5.2,7.8,rec,open-meteo,21.0,6.0,10.4,4.8,0.77,6.0,82.0,observed
seoul,Janvier,1,-6,2,10,0.6,5.5,4.2,mid,open-meteo,3.1,3.0,-10.7,2.8,,,51.0,observed
seoul,Février,2,-5,5,16,0.9,6.0,4.2,mid,open-meteo,3.1,2.9,-7.9,3.3,,,50.0,observed
seoul,Mars,3,0,12,20,1.4,6.4,4.4,mid,open-meteo,6.5,2.9,-1.3,4.9,,,54.0,observed
seoul,Avril,4,6,18,22,2.1,6.9,7.5,rec,open-meteo,11.4,3.0,4.3,5.9,,,63.0,observed
seoul,Mai,5,12,23,27,3.6,7.2,8.0,rec,open-meteo,16.8,4.5,10.1,6.8,,,56.0,observed
seoul,Juin,6,18,27,34,4.2,6.3,8.1,rec,open-meteo,22.6,6.7,16.0,7.2,,,55.0,observed
seoul,Juillet,7,22,29,56,10.1,4.0,7.5,rec,open-meteo,26.9,7.7,21.5,6.3,,,43.0,observed
seoul,Août,8,23,30,52,8.9,5.0,4.9,mid,open-meteo,28.4,8.4,21.9,6.8,,,62.0,observed
seoul,Septembre,9,18,25,31,5.3,6.0,8.0,rec,open-meteo,25.8,7.0,16.4,5.1,,,52.0,observed
seoul,Octobre,10,9,18,23,2.7,6.7,7.5,rec,open-meteo,20.8,3.9,8.5,4.0,,,51.0,observed
seoul,Novembre,11,2,12,20,1.7,5.2,4.3,mid,open-meteo,14.7,2.8,0.9,3.2,,,52.0,observed
seoul,Décembre,12,-5,3,15,0.9,5.3,4.1,mid,open-meteo,7.4,2.8,-8.2,2.7,,,48.0,observed
philippines,Janvier,1,23,29,35,2.3,6.9,8.1,rec,open-meteo,27.3,8.6,21.2,6.2,0.24,2.6,31.0,calibrated
philippines,Février,2,23,30,27,1.4,7.5,5.7,mid,open-meteo,27.6,9.0,20.6,7.9,0.31,2.7,28.0,calibrated
philippines,Mars,3,24,32,24,0.9,8.0,5.4,mid,open-meteo,28.4,8.9,21.1,7.9,0.28,2.6,34.0,calibrated
philippines,Avril,4,26,34,33,1.4,8.0,4.9,mid,open-meteo,30.4,8.5,22.1,9.1,0.31,3.0,38.0,calibrated
philippines,Mai,5,27,34,60,4.7,7.0,4.4,mid,open-meteo,31.5,7.8,23.8,8.2,0.29,3.6,39.0,calibrated
philippines,Juin,6,26,31,87,9.3,5.6,4.4,mid,open-meteo,30.8,8.0,24.6,8.5,0.26,5.6,58.0,calibrated
philippines,Juillet,7,25,30,92,14.0,4.6,4.4,mid,open-meteo,30.6,7.9,24.5,7.5,0.46,6.2,39.0,calibrated
philippines,Août,8,25,30,88,11.4,4.9,4.4,mid,open-meteo,30.1,8.1,24.6,8.4,0.3,5.3,42.0,calibrated
philippines,Septembre,9,25,30,92,11.9,4.4,4.4,mid,open-meteo,30.0,8.0,24.5,6.9,0.58,6.4,38.0,calibrated
philippines,Octobre,10,25,30,83,7.9,5.2,4.5,mid,open-meteo,30.3,8.2,24.2,6.9,0.41,5.1,39.0,calibrated
philippines,Novembre,11,25,31,58,4.5,6.3,4.9,mid,open-meteo,29.7,8.5,23.4,6.4,0.29,3.6,38.0,calibrated
philippines,Décembre,12,24,30,53,5.1,6.2,5.0,mid,open-meteo,28.9,8.6,22.6,4.7,0.28,3.3,32.0,calibrated
kuala-lumpur,Janvier,1,24,30,77,7.6,6.0,4.6,mid,open-meteo,,,22.9,7.6,,,65.0,observed
kuala-lumpur,Février,2,24,32,64,4.5,6.8,4.7,mid,open-meteo,,,22.4,8.9,,,72.0,observed
kuala-lumpur,Mars,3,24,32,81,7.1,6.7,4.4,mid,open-meteo,,,23.3,8.9,,,81.0,observed
kuala-lumpur,Avril,4,24,31,94,10.0,6.6,4.4,mid,open-meteo,,,24.1,8.5,,,70.0,observed
kuala-lumpur,Mai,5,24,31,88,8.7,6.7,4.5,mid,open-meteo,,,24.4,7.3,,,70.0,observed
kuala-lumpur,Juin,6,24,31,75,6.1,6.5,4.6,mid,open-meteo,,,23.8,7.1,,,73.0,observed
kuala-lumpur,Juillet,7,24,31,68,5.5,6.5,4.7,mid,open-meteo,,,23.5,7.3,,,75.0,observed
kuala-lumpur,Août,8,24,31,79,6.9,6.1,4.6,mid,open-meteo,,,23.4,7.9,,,68.0,observed
kuala-lumpur,Septembre,9,24,31,81,8.1,5.5,4.5,mid,open-meteo,,,23.5,8.4,,,73.0,observed
kuala-lumpur,Octobre,10,24,31,76,8.3,5.5,4.6,mid,open-meteo,,,23.6,8.2,,,66.0,observed
kuala-lumpur,Novembre,11,24,30,96,12.3,5.1,4.4,mid,open-meteo,,,23.8,6.8,,,61.0,observed
kuala-lumpur,Décembre,12,24,30,88,10.4,5.2,4.4,mid,open-meteo,,,23.4,6.3,,,60.0,observed
rajasthan,Janvier,1,9,21,6,0.5,7.2,8.2,rec,open-meteo,,,6.3,4.6,,,88.0,calibrated
rajasthan,Février,2,13,26,3,0.1,7.7,9.0,rec,open-meteo,,,5.5,5.7,,,71.0,calibrated
rajasthan,Mars,3,18,31,9,0.3,7.9,8.7,rec,open-meteo,,,7.0,6.9,,,70.0,calibrated
rajasthan,Avril,4,23,37,4,0.2,8.8,4.7,mid,open-meteo,,,5.3,7.4,,,75.0,calibrated
rajasthan,Mai,5,27,40,8,0.6,8.5,5.5,avoid,open-meteo,,,9.9,8.1,,,80.0,calibrated
rajasthan,Juin,6,28,38,28,2.2,7.5,5.3,avoid,open-meteo,,,18.0,7.9,,,77.0,calibrated
rajasthan,Juillet,7,26,33,69,7.4,5.3,4.4,mid,open-meteo,,,23.4,7.4,,,61.0,calibrated
rajasthan,Août,8,24,31,64,6.1,5.1,4.7,mid,open-meteo,,,23.2,5.9,,,39.0,calibrated
rajasthan,Septembre,9,24,32,41,3.0,6.8,5.0,mid,open-meteo,,,21.1,6.5,,,56.0,calibrated
rajasthan,Octobre,10,20,32,7,0.7,7.8,8.5,rec,open-meteo,,,12.6,6.2,,,63.0,calibrated
rajasthan,Novembre,11,15,27,4,0.2,7.3,9.0,rec,open-meteo,,,9.3,5.1,,,82.0,calibrated
rajasthan,Décembre,12,11,23,4,0.2,7.2,8.6,rec,open-meteo,,,6.2,4.3,,,84.0,calibrated
sri-lanka,Janvier,1,21,28,56,4.9,6.4,7.7,rec,open-meteo,,,20.5,7.0,,,29.0,calibrated
sri-lanka,Février,2,22,29,45,2.6,7.2,8.0,rec,open-meteo,,,20.8,8.2,,,35.0,calibrated
sri-lanka,Mars,3,22,31,43,2.6,7.4,5.2,mid,open-meteo,,,21.4,9.0,,,35.0,calibrated
sri-lanka,Avril,4,24,33,58,4.0,6.8,4.6,mid,open-meteo,,,22.3,8.8,,,28.0,calibrated
sri-lanka,Mai,5,25,32,50,5.4,7.1,4.9,mid,open-meteo,,,22.8,7.7,,,29.0,calibrated
sri-lanka,Juin,6,25,32,26,0.8,8.1,5.4,mid,open-meteo,,,22.0,7.9,,,22.0,calibrated
sri-lanka,Juillet,7,25,32,33,1.1,7.8,5.2,mid,open-meteo,,,21.4,7.7,,,19.0,calibrated
sri-lanka,Août,8,24,32,39,1.6,7.6,5.1,mid,open-meteo,,,21.3,8.1,,,22.0,calibrated
sri-lanka,Septembre,9,24,32,49,2.7,7.1,4.9,mid,open-meteo,,,21.3,8.7,,,20.0,calibrated
sri-lanka,Octobre,10,23,30,74,7.8,5.6,4.6,mid,open-meteo,,,21.9,7.6,,,24.0,calibrated
sri-lanka,Novembre,11,22,29,84,11.9,4.3,4.5,mid,open-meteo,,,22.2,6.3,,,27.0,calibrated
sri-lanka,Décembre,12,22,28,72,7.6,5.5,7.4,rec,open-meteo,,,21.6,6.8,,,37.0,calibrated
san-francisco,Janvier,1,8,14,34,4.1,6.0,4.3,mid,open-meteo,11.8,2.6,7.6,2.6,1.86,10.7,26.0,observed
san-francisco,Février,2,8,14,29,3.4,7.4,4.4,mid,open-meteo,11.2,2.6,7.1,4.0,2.0,10.9,28.0,observed
san-francisco,Mars,3,9,14,36,3.3,8.7,4.4,mid,open-meteo,10.9,2.9,8.0,5.5,1.74,11.2,32.0,observed
san-francisco,Avril,4,10,15,15,1.1,10.3,7.5,rec,open-meteo,12.0,3.8,8.7,7.0,1.41,9.3,30.0,observed
san-francisco,Mai,5,11,16,8,0.6,10.5,7.8,rec,open-meteo,13.4,4.0,9.6,7.8,1.34,8.1,28.0,observed
san-francisco,Juin,6,12,18,1,0.0,10.4,8.2,rec,open-meteo,15.3,4.7,11.0,8.2,1.42,7.5,23.0,observed
san-francisco,Juillet,7,13,18,0,0.0,10.1,8.2,rec,open-meteo,14.8,5.0,12.1,8.1,1.04,8.8,20.0,observed
san-francisco,Août,8,14,19,1,0.0,9.3,8.3,rec,open-meteo,15.8,5.3,13.1,7.5,0.9,8.1,20.0,observed
san-francisco,Septembre,9,14,20,4,0.1,9.0,8.3,rec,open-meteo,16.8,5.4,12.7,6.5,1.03,8.8,23.0,observed
san-francisco,Octobre,10,13,19,10,1.0,8.0,7.9,rec,open-meteo,16.3,4.7,10.7,5.1,1.25,9.6,25.0,observed
san-francisco,Novembre,11,10,16,23,2.1,5.8,4.6,mid,open-meteo,13.8,3.2,8.5,3.2,1.54,10.8,28.0,observed
san-francisco,Décembre,12,8,13,32,4.3,5.2,4.2,mid,open-meteo,12.2,2.5,7.1,2.7,1.92,12.0,37.0,observed
las-vegas,Janvier,1,4,14,12,0.7,7.9,7.3,rec,open-meteo,,,-2.8,3.4,,,26.0,observed
las-vegas,Février,2,6,18,10,0.6,8.7,7.8,rec,open-meteo,,,-4.6,4.4,,,28.0,observed
las-vegas,Mars,3,9,21,13,0.5,10.1,8.4,rec,open-meteo,,,-3.8,6.1,,,33.0,observed
las-vegas,Avril,4,14,27,5,0.2,11.5,9.6,rec,open-meteo,,,-5.0,7.5,,,38.0,observed
las-vegas,Mai,5,18,32,4,0.2,12.5,9.2,rec,open-meteo,,,-2.1,8.3,,,44.0,observed
las-vegas,Juin,6,24,39,2,0.1,13.4,3.8,avoid,open-meteo,,,-0.9,8.7,,,43.0,observed
las-vegas,Juillet,7,28,41,5,0.2,12.6,2.9,avoid,open-meteo,,,5.3,8.7,,,46.0,observed
las-vegas,Août,8,26,40,6,0.5,11.9,3.0,avoid,open-meteo,,,6.6,8.1,,,39.0,observed
las-vegas,Septembre,9,22,36,4,0.3,11.2,5.2,mid,open-meteo,,,3.0,7.1,,,36.0,observed
las-vegas,Octobre,10,15,28,4,0.2,9.8,9.5,rec,open-meteo,,,-1.2,5.6,,,31.0,observed
las-vegas,Novembre,11,9,20,6,0.5,8.2,8.2,rec,open-meteo,,,-4.9,4.1,,,27.0,observed
las-vegas,Décembre,12,4,14,8,0.5,7.6,7.3,rec,open-meteo,,,-5.2,3.4,,,29.0,observed
guadeloupe,Janvier,1,23,28,50,1.3,7.6,8.0,rec,open-meteo,26.7,7.7,20.0,6.8,1.2,5.9,25.0,observed
guadeloupe,Février,2,23,28,53,1.6,8.1,8.0,rec,open-meteo,26.1,7.9,19.6,7.6,0.92,6.0,26.0,observed
guadeloupe,Mars,3,23,29,52,1.8,7.5,7.8,rec,open-meteo,26.6,8.2,19.7,8.5,0.89,6.3,21.0,observed
guadeloupe,Avril,4,24,29,59,2.0,8.0,7.8,rec,open-meteo,26.9,8.2,20.5,8.9,0.93,5.9,27.0,observed
guadeloupe,Mai,5,25,30,58,2.5,7.9,5.1,mid,open-meteo,28.2,8.5,21.5,8.9,0.93,5.8,25.0,observed
guadeloupe,Juin,6,26,31,65,2.9,7.9,4.9,mid,open-meteo,28.9,8.1,22.3,8.7,1.06,5.8,29.0,observed
guadeloupe,Juillet,7,26,31,75,3.7,7.9,4.7,mid,open-meteo,29.4,7.9,22.8,8.7,1.22,5.9,33.0,observed
guadeloupe,Août,8,26,31,79,4.7,8.0,4.7,mid,open-meteo,29.9,8.0,23.4,8.8,1.0,5.7,22.0,observed
guadeloupe,Septembre,9,25,30,83,5.9,7.2,4.6,mid,open-meteo,30.6,8.1,23.7,8.2,0.77,6.2,17.0,observed
guadeloupe,Octobre,10,25,30,75,5.2,7.0,4.7,mid,open-meteo,30.0,8.2,23.3,7.9,0.82,6.6,23.0,observed
guadeloupe,Novembre,11,24,29,76,4.8,6.9,4.8,mid,open-meteo,28.6,7.9,22.5,6.9,0.93,6.2,20.0,observed
guadeloupe,Décembre,12,24,29,63,2.1,7.2,7.6,rec,open-meteo,27.8,7.9,21.1,6.5,1.04,6.1,29.0,observed
martinique,Janvier,1,23,28,58,1.9,6.3,7.7,rec,open-meteo,26.8,8.0,19.9,7.1,0.8,7.0,27.0,calibrated
martinique,Février,2,22,28,57,1.9,6.5,7.7,rec,open-meteo,26.4,8.0,19.6,8.0,0.8,7.8,34.0,calibrated
martinique,Mars,3,23,29,54,1.7,6.8,7.7,rec,open-meteo,26.6,8.3,19.7,8.6,0.66,7.3,23.0,calibrated
martinique,Avril,4,24,29,55,1.6,7.1,7.8,rec,open-meteo,27.1,8.4,20.5,8.9,0.68,6.7,31.0,calibrated
martinique,Mai,5,24,30,56,2.0,7.2,5.0,mid,open-meteo,28.1,8.6,21.4,8.9,0.71,6.4,35.0,calibrated
martinique,Juin,6,25,30,71,3.4,6.6,4.8,mid,open-meteo,28.8,8.4,22.2,8.6,0.69,5.7,37.0,calibrated
martinique,Juillet,7,25,30,81,4.2,6.1,4.6,mid,open-meteo,29.0,8.2,22.7,8.7,0.76,6.2,41.0,calibrated
martinique,Août,8,25,30,79,3.7,6.1,4.6,mid,open-meteo,29.8,8.4,23.0,8.6,0.56,6.7,27.0,calibrated
martinique,Septembre,9,25,31,73,4.0,6.2,4.6,mid,open-meteo,30.4,8.3,23.2,8.4,0.47,7.9,19.0,calibrated
martinique,Octobre,10,24,30,70,3.9,6.0,4.7,mid,open-meteo,30.1,8.5,23.0,8.1,0.58,8.1,27.0,calibrated
martinique,Novembre,11,24,29,70,4.0,5.8,4.8,mid,open-meteo,28.9,8.1,22.2,7.1,0.75,8.5,22.0,calibrated
martinique,Décembre,12,23,28,60,2.2,6.0,7.6,rec,open-meteo,27.9,8.0,20.8,6.5,0.7,6.9,32.0,calibrated
republique-dominicaine,Janvier,1,21,28,36,1.3,6.8,8.2,rec,open-meteo,26.7,7.9,19.8,6.3,1.2,5.8,25.0,calibrated
republique-dominicaine,Février,2,21,29,43,1.5,6.7,8.0,rec,open-meteo,26.2,8.2,19.3,7.3,1.0,6.1,31.0,calibrated
republique-dominicaine,Mars,3,21,29,48,2.0,6.9,7.9,rec,open-meteo,26.4,8.2,19.5,8.5,0.98,5.7,30.0,calibrated
republique-dominicaine,Avril,4,22,29,63,3.6,6.5,7.6,rec,open-meteo,27.3,8.1,20.7,8.5,0.91,5.5,30.0,calibrated
republique-dominicaine,Mai,5,23,29,72,4.2,6.3,4.8,mid,open-meteo,28.8,8.1,22.2,8.3,0.92,5.6,31.0,calibrated
republique-dominicaine,Juin,6,24,30,76,3.6,6.2,4.7,mid,open-meteo,29.5,8.1,22.9,8.6,1.09,5.6,37.0,calibrated
republique-dominicaine,Juillet,7,24,31,76,4.4,6.1,4.6,mid,open-meteo,29.7,7.7,23.0,8.2,1.33,5.8,34.0,calibrated
republique-dominicaine,Août,8,24,31,77,5.3,5.9,4.6,mid,open-meteo,30.1,8.0,23.3,8.5,0.98,5.2,28.0,calibrated
republique-dominicaine,Septembre,9,24,31,74,5.0,5.9,4.6,mid,open-meteo,30.5,8.1,23.5,8.3,0.76,5.1,26.0,calibrated
republique-dominicaine,Octobre,10,23,30,66,5.2,6.0,4.8,mid,open-meteo,30.5,8.3,23.1,7.7,0.71,6.2,28.0,calibrated
republique-dominicaine,Novembre,11,22,29,61,4.3,6.0,4.9,mid,open-meteo,29.2,8.2,22.0,6.3,0.83,6.2,24.0,calibrated
republique-dominicaine,Décembre,12,22,29,44,2.1,6.5,7.9,rec,open-meteo,27.7,8.3,20.8,6.1,0.98,5.9,23.0,calibrated
punta-cana,Janvier,1,24,27,57,2.1,8.3,7.8,rec,open-meteo,26.6,6.8,20.4,6.4,1.77,8.0,27.0,observed
punta-cana,Février,2,24,27,66,2.4,8.6,7.7,rec,open-meteo,26.3,6.9,20.1,7.2,1.6,9.2,31.0,observed
punta-cana,Mars,3,23,27,52,1.9,9.0,8.0,rec,open-meteo,26.2,7.0,20.1,8.4,1.69,8.5,26.0,observed
punta-cana,Avril,4,24,28,64,3.1,8.8,7.8,rec,open-meteo,26.9,7.2,21.0,8.7,1.62,8.1,29.0,observed
punta-cana,Mai,5,25,29,67,4.0,8.1,5.0,mid,open-meteo,28.4,7.9,22.5,8.5,1.19,6.7,25.0,observed
punta-cana,Juin,6,26,29,69,3.3,8.5,5.0,mid,open-meteo,29.1,7.9,23.3,8.4,1.22,5.7,33.0,observed
punta-cana,Juillet,7,26,30,78,4.0,8.7,4.8,mid,open-meteo,29.4,7.5,23.6,8.6,1.68,6.4,37.0,observed
punta-cana,Août,8,26,30,77,4.6,8.7,4.8,mid,open-meteo,29.6,7.7,23.8,8.6,1.48,6.5,27.0,observed
punta-cana,Septembre,9,26,30,64,5.5,8.2,5.0,mid,open-meteo,30.1,8.1,24.0,8.5,1.24,7.5,19.0,observed
punta-cana,Octobre,10,25,30,70,5.1,7.8,4.9,mid,open-meteo,30.2,7.7,23.5,7.5,1.45,9.2,25.0,observed
punta-cana,Novembre,11,24,28,74,6.4,7.9,4.9,mid,open-meteo,28.9,6.8,22.6,6.2,1.83,9.7,26.0,observed
punta-cana,Décembre,12,24,27,66,2.5,7.5,7.6,rec,open-meteo,27.5,6.7,21.3,6.0,1.84,8.4,29.0,observed
perou,Janvier,1,20,24,11,0.4,8.7,8.7,rec,open-meteo,,,18.6,9.5,,,19.0,calibrated
perou,Février,2,21,26,14,0.5,8.5,8.8,rec,open-meteo,,,19.5,9.6,,,21.0,calibrated
perou,Mars,3,21,25,18,0.6,8.2,8.5,rec,open-meteo,,,19.3,9.4,,,21.0,calibrated
perou,Avril,4,19,23,4,0.1,8.6,8.8,rec,open-meteo,,,17.8,8.5,,,20.0,calibrated
perou,Mai,5,17,21,0,0.0,8.4,8.5,rec,open-meteo,,,15.9,7.6,,,20.0,calibrated
perou,Juin,6,15,19,0,0.0,8.2,8.2,rec,open-meteo,,,14.2,7.1,,,21.0,calibrated
perou,Juillet,7,14,19,0,0.0,8.4,8.2,rec,open-meteo,,,13.4,7.3,,,24.0,calibrated
perou,Août,8,14,18,0,0.0,8.3,8.0,rec,open-meteo,,,13.0,8.1,,,24.0,calibrated
perou,Septembre,9,14,19,0,0.1,8.6,8.2,rec,open-meteo,,,13.3,9.0,,,25.0,calibrated
perou,Octobre,10,15,20,2,0.1,8.8,8.4,rec,open-meteo,,,14.0,9.6,,,22.0,calibrated
perou,Novembre,11,16,21,1,0.0,9.1,8.6,rec,open-meteo,,,14.9,9.6,,,32.0,calibrated
perou,Décembre,12,18,22,6,0.3,8.9,8.6,rec,open-meteo,,,16.9,9.6,,,37.0,calibrated
machu-picchu,Janvier,1,15,21,97,10.5,4.4,4.1,mid,open-meteo,,,14.3,9.0,,,13.0,calibrated
machu-picchu,Février,2,15,21,98,10.0,3.9,4.1,mid,open-meteo,,,14.5,8.6,,,12.0,calibrated
machu-picchu,Mars,3,14,21,96,8.9,4.3,4.1,mid,open-meteo,,,14.3,8.3,,,12.0,calibrated
machu-picchu,Avril,4,14,21,83,5.8,5.3,4.3,mid,open-meteo,,,14.0,8.5,,,14.0,calibrated
machu-picchu,Mai,5,13,21,53,2.6,6.5,7.3,rec,open-meteo,,,12.9,7.7,,,13.0,calibrated
machu-picchu,Juin,6,12,20,37,1.5,7.0,7.5,rec,open-meteo,,,11.5,6.9,,,15.0,calibrated
machu-picchu,Juillet,7,11,21,34,1.5,7.1,7.7,rec,open-meteo,,,11.0,7.4,,,18.0,calibrated
machu-picchu,Août,8,12,21,49,2.3,6.7,7.4,rec,open-meteo,,,11.4,8.1,,,23.0,calibrated
machu-picchu,Septembre,9,13,21,80,5.3,5.7,4.3,mid,open-meteo,,,12.6,8.2,,,34.0,calibrated
machu-picchu,Octobre,10,14,21,87,7.1,5.2,4.2,mid,open-meteo,,,13.7,9.0,,,22.0,calibrated
machu-picchu,Novembre,11,14,21,93,8.2,4.4,4.2,mid,open-meteo,,,14.4,8.8,,,18.0,calibrated
machu-picchu,Décembre,12,15,21,96,9.6,4.2,4.1,mid,open-meteo,,,14.4,8.5,,,19.0,calibrated
colombie,Janvier,1,9,19,47,1.7,7.1,7.3,rec,open-meteo,,,9.4,9.0,,,36.0,calibrated
colombie,Février,2,10,19,59,2.5,6.5,4.4,mid,open-meteo,,,10.1,9.2,,,38.0,calibrated
colombie,Mars,3,10,18,75,3.8,5.6,4.2,mid,open-meteo,,,10.8,9.3,,,51.0,calibrated
colombie,Avril,4,10,18,69,3.8,6.0,4.2,mid,open-meteo,,,10.7,8.4,,,44.0,calibrated
colombie,Mai,5,10,18,69,3.1,5.9,4.2,mid,open-meteo,,,10.8,7.3,,,25.0,calibrated
colombie,Juin,6,10,17,64,2.6,6.4,4.2,mid,open-meteo,,,9.9,7.8,,,21.0,calibrated
colombie,Juillet,7,9,16,65,2.5,6.3,4.2,mid,open-meteo,,,9.4,7.7,,,17.0,calibrated
colombie,Août,8,9,17,41,1.3,7.6,7.2,rec,open-meteo,,,8.8,8.6,,,24.0,calibrated
colombie,Septembre,9,9,18,34,1.1,7.9,7.4,rec,open-meteo,,,8.8,8.7,,,31.0,calibrated
colombie,Octobre,10,9,18,55,2.3,6.7,4.4,mid,open-meteo,,,9.9,8.7,,,28.0,calibrated
colombie,Novembre,11,10,18,65,3.3,6.2,4.3,mid,open-meteo,,,10.7,7.5,,,36.0,calibrated
colombie,Décembre,12,9,18,49,1.8,7.0,4.5,mid,open-meteo,,,9.9,8.2,,,49.0,calibrated
sydney,Janvier,1,20,26,43,3.4,7.5,8.0,rec,open-meteo,22.5,6.8,18.2,8.1,1.22,7.8,26.0,observed
sydney,Février,2,19,26,47,3.8,7.3,7.9,rec,open-meteo,23.4,6.7,17.6,7.0,1.49,8.5,28.0,observed
sydney,Mars,3,18,24,51,5.1,6.8,7.6,rec,open-meteo,22.9,6.2,16.7,6.7,1.38,8.8,27.0,observed
sydney,Avril,4,15,22,33,2.6,7.1,7.8,rec,open-meteo,21.7,5.5,13.7,4.9,1.59,9.2,23.0,observed
sydney,Mai,5,11,19,28,2.5,6.6,7.5,rec,open-meteo,20.3,4.8,10.0,3.7,1.53,9.2,25.0,observed
sydney,Juin,6,9,17,32,2.5,5.7,4.5,mid,open-meteo,19.3,4.1,8.1,3.0,1.57,8.9,20.0,observed
sydney,Juillet,7,8,17,24,2.4,6.7,7.4,rec,open-meteo,18.1,4.0,6.5,3.4,1.57,9.2,22.0,observed
sydney,Août,8,9,18,24,2.2,8.0,7.5,rec,open-meteo,18.0,4.7,6.7,4.4,1.12,9.1,27.0,observed
sydney,Septembre,9,10,20,24,1.8,8.1,7.8,rec,open-meteo,18.3,4.9,8.4,5.9,1.4,9.3,26.0,observed
sydney,Octobre,10,13,22,36,2.4,7.9,7.8,rec,open-meteo,19.0,5.4,11.8,7.0,1.35,8.5,28.0,observed
sydney,Novembre,11,16,23,37,2.7,7.4,7.8,rec,open-meteo,19.8,6.0,13.8,7.3,1.21,7.2,28.0,observed
sydney,Décembre,12,18,25,34,2.1,7.6,8.1,rec,open-meteo,20.4,6.5,16.0,8.9,1.23,7.8,30.0,observed
nouvelle-zelande,Janvier,1,15,20,26,1.5,8.4,7.8,rec,open-meteo,17.7,5.0,13.6,8.2,1.39,9.6,14.0,calibrated
nouvelle-zelande,Février,2,16,20,26,2.8,7.8,7.7,rec,open-meteo,18.4,4.7,13.5,7.7,1.7,10.5,14.0,calibrated
nouvelle-zelande,Mars,3,14,19,32,2.3,6.7,7.4,rec,open-meteo,18.0,3.9,12.4,5.9,1.98,10.5,15.0,calibrated
nouvelle-zelande,Avril,4,13,17,32,3.3,5.9,4.5,mid,open-meteo,17.2,3.9,11.0,4.1,1.49,10.7,16.0,calibrated
nouvelle-zelande,Mai,5,11,15,37,3.3,5.0,4.3,mid,open-meteo,16.5,2.7,9.5,2.7,2.35,10.9,18.0,calibrated
nouvelle-zelande,Juin,6,10,13,41,3.6,4.3,4.1,mid,open-meteo,14.8,2.9,8.1,2.0,1.54,10.5,20.0,calibrated
nouvelle-zelande,Juillet,7,9,12,43,3.7,4.5,4.1,mid,open-meteo,13.3,2.2,6.9,2.0,2.09,9.9,21.0,calibrated
nouvelle-zelande,Août,8,9,12,42,3.2,5.2,4.1,mid,open-meteo,12.2,2.4,7.1,3.2,1.95,10.4,24.0,calibrated
nouvelle-zelande,Septembre,9,10,14,40,2.9,6.0,4.2,mid,open-meteo,13.2,2.8,7.6,4.7,1.75,10.6,26.0,calibrated
nouvelle-zelande,Octobre,10,11,15,41,2.5,6.6,4.3,mid,open-meteo,13.6,3.1,9.0,5.9,1.62,9.9,23.0,calibrated
nouvelle-zelande,Novembre,11,13,17,39,2.8,7.4,4.5,mid,open-meteo,15.2,3.5,10.6,7.4,1.72,10.1,19.0,calibrated
nouvelle-zelande,Décembre,12,14,18,37,2.7,7.7,7.3,rec,open-meteo,17.1,4.0,12.4,7.8,1.75,9.2,17.0,calibrated
polynesie,Janvier,1,24,28,91,15.8,5.2,4.5,mid,open-meteo,28.5,7.2,24.2,8.5,1.33,10.4,11.0,calibrated
polynesie,Février,2,25,29,93,15.7,5.3,4.4,mid,open-meteo,28.8,6.7,24.4,7.6,1.88,11.2,10.0,calibrated
polynesie,Mars,3,25,29,91,8.5,5.3,4.5,mid,open-meteo,29.1,7.4,24.5,8.6,1.32,11.9,10.0,calibrated
polynesie,Avril,4,25,29,88,9.0,4.9,4.5,mid,open-meteo,29.1,6.8,24.4,7.7,1.77,11.9,13.0,calibrated
polynesie,Mai,5,24,28,70,4.6,5.5,4.8,mid,open-meteo,28.6,6.7,23.6,6.6,1.93,12.3,16.0,calibrated
polynesie,Juin,6,24,27,75,6.0,5.3,4.7,mid,open-meteo,27.9,6.3,22.6,5.8,2.19,11.2,18.0,calibrated
polynesie,Juillet,7,23,27,66,5.1,5.6,4.8,mid,open-meteo,27.4,6.5,22.0,6.0,1.91,10.7,21.0,calibrated
polynesie,Août,8,23,27,65,4.7,5.8,7.5,rec,open-meteo,26.9,6.5,21.5,7.2,1.95,10.6,21.0,calibrated
polynesie,Septembre,9,23,27,78,5.9,5.8,7.3,rec,open-meteo,26.2,6.9,21.9,8.4,1.46,10.9,17.0,calibrated
polynesie,Octobre,10,23,27,78,7.8,6.0,4.7,mid,open-meteo,26.9,6.4,22.4,8.7,1.97,11.0,18.0,calibrated
polynesie,Novembre,11,24,28,88,11.5,5.6,4.6,mid,open-meteo,27.6,7.0,23.3,9.3,1.54,10.9,15.0,calibrated
polynesie,Décembre,12,24,28,94,14.8,5.1,4.5,mid,open-meteo,28.3,7.1,24.0,8.6,1.36,10.7,17.0,calibrated
bora-bora,Janvier,1,22,24,84,9.9,6.5,4.5,mid,open-meteo,28.3,6.2,19.8,8.6,1.75,11.2,13.0,observed
bora-bora,Février,2,23,25,75,9.5,7.2,7.3,rec,open-meteo,28.7,6.1,20.1,8.2,2.39,11.3,15.0,observed
bora-bora,Mars,3,23,25,77,5.0,7.7,7.3,rec,open-meteo,29.3,6.6,20.1,9.0,1.64,12.0,11.0,observed
bora-bora,Avril,4,23,25,77,6.9,7.3,7.3,rec,open-meteo,29.2,6.1,20.1,7.6,2.07,11.6,14.0,observed
bora-bora,Mai,5,23,24,61,3.3,7.2,7.5,rec,open-meteo,28.9,6.0,19.5,6.5,2.32,12.5,17.0,observed
bora-bora,Juin,6,22,24,55,3.7,7.5,7.6,rec,open-meteo,28.0,6.0,18.7,5.7,2.57,11.3,19.0,observed
bora-bora,Juillet,7,22,23,51,2.2,7.5,7.6,rec,open-meteo,27.4,5.9,18.2,6.3,2.28,11.0,22.0,observed
bora-bora,Août,8,22,23,40,2.1,8.0,7.8,rec,open-meteo,27.1,6.1,17.6,7.3,2.29,10.5,22.0,observed
bora-bora,Septembre,9,22,23,45,2.7,8.0,7.7,rec,open-meteo,26.6,6.4,17.9,8.6,1.75,11.4,18.0,observed
bora-bora,Octobre,10,22,23,56,4.4,7.4,7.5,rec,open-meteo,27.3,6.0,18.4,8.9,2.24,10.8,19.0,observed
bora-bora,Novembre,11,22,24,72,6.6,7.3,7.3,rec,open-meteo,27.8,6.3,19.2,9.1,1.81,10.6,15.0,observed
bora-bora,Décembre,12,22,24,77,8.7,6.7,4.6,mid,open-meteo,28.1,6.2,19.7,8.3,1.8,11.1,18.0,observed
dublin,Janvier,1,4,8,41,2.2,1.9,0.9,avoid,open-meteo,7.2,1.7,3.3,0.2,,,24.0,observed
dublin,Février,2,4,9,48,2.5,2.9,0.9,avoid,open-meteo,7.6,1.8,3.3,0.5,,,25.0,observed
dublin,Mars,3,5,10,45,2.5,3.9,1.1,avoid,open-meteo,7.8,2.1,3.8,1.2,,,28.0,observed
dublin,Avril,4,6,12,41,2.4,5.5,4.2,mid,open-meteo,10.3,2.6,5.0,2.2,,,27.0,observed
dublin,Mai,5,9,15,40,1.9,6.4,4.3,mid,open-meteo,13.8,2.9,7.9,3.3,,,28.0,observed
dublin,Juin,6,12,18,48,2.7,6.0,4.4,mid,open-meteo,17.7,3.0,10.2,4.0,,,23.0,observed
dublin,Juillet,7,13,19,47,2.6,5.1,4.5,mid,open-meteo,16.5,2.9,11.9,3.8,,,20.0,observed
dublin,Août,8,13,19,45,2.6,5.0,4.5,mid,open-meteo,16.9,3.0,12.0,3.4,,,22.0,observed
dublin,Septembre,9,11,17,46,3.1,4.3,4.3,mid,open-meteo,17.0,2.5,10.6,2.3,,,25.0,observed
dublin,Octobre,10,9,14,46,3.0,3.4,4.1,mid,open-meteo,14.5,2.0,8.5,1.2,,,23.0,observed
dublin,Novembre,11,6,11,44,3.0,2.5,1.0,avoid,open-meteo,11.1,1.7,5.9,0.3,,,26.0,observed
dublin,Décembre,12,6,9,45,2.8,1.8,0.8,avoid,open-meteo,8.3,1.5,4.8,0.1,,,26.0,observed
thessalonique,Janvier,1,2,11,24,2.1,3.2,4.2,mid,open-meteo,11.0,4.0,0.7,2.6,0.21,3.7,41.0,observed
thessalonique,Février,2,5,13,27,1.4,3.6,4.2,mid,open-meteo,9.0,4.0,3.4,3.6,0.19,3.7,46.0,observed
thessalonique,Mars,3,7,16,36,2.5,4.7,4.4,mid,open-meteo,10.9,4.0,5.4,4.7,0.19,3.6,36.0,observed
thessalonique,Avril,4,10,20,27,1.9,6.8,7.6,rec,open-meteo,14.8,5.1,8.5,6.5,0.15,3.5,34.0,observed
thessalonique,Mai,5,15,24,32,2.3,8.2,8.1,rec,open-meteo,19.1,6.6,12.9,7.0,0.15,2.5,30.0,observed
thessalonique,Juin,6,20,30,20,1.9,9.9,6.1,mid,open-meteo,24.3,8.9,16.5,8.0,0.18,2.5,33.0,observed
thessalonique,Juillet,7,22,33,12,1.1,10.5,5.7,mid,open-meteo,28.1,9.1,17.5,7.9,0.15,2.3,36.0,observed
thessalonique,Août,8,22,32,14,0.9,9.5,5.8,mid,open-meteo,28.8,9.2,17.6,7.4,0.13,2.3,34.0,observed
thessalonique,Septembre,9,18,28,17,1.2,7.7,8.8,rec,open-meteo,27.2,8.8,15.2,5.7,0.13,2.9,30.0,observed
thessalonique,Octobre,10,13,22,16,1.9,5.3,8.0,rec,open-meteo,24.0,7.2,11.8,4.6,0.11,3.2,29.0,observed
thessalonique,Novembre,11,9,17,33,2.7,3.9,4.4,mid,open-meteo,18.7,4.8,8.5,2.6,0.17,3.6,32.0,observed
thessalonique,Décembre,12,5,12,27,2.7,3.3,4.2,mid,open-meteo,13.5,3.9,3.8,2.0,0.21,4.1,31.0,observed
naxos,Janvier,1,10,15,41,2.3,5.2,4.3,mid,open-meteo,16.0,3.5,7.2,2.8,1.25,5.9,30.0,calibrated
naxos,Février,2,10,15,28,1.5,6.0,4.4,mid,open-meteo,15.9,4.0,8.1,3.9,0.94,5.2,33.0,calibrated
naxos,Mars,3,11,17,26,1.6,7.0,7.3,rec,open-meteo,15.9,4.5,8.6,5.5,0.73,4.8,41.0,calibrated
naxos,Avril,4,14,20,15,0.8,8.1,8.0,rec,open-meteo,16.7,5.4,10.6,6.9,0.9,5.1,44.0,calibrated
naxos,Mai,5,17,24,13,0.5,8.9,8.7,rec,open-meteo,18.3,6.7,13.6,7.3,0.64,4.4,41.0,calibrated
naxos,Juin,6,21,28,6,0.2,9.6,9.4,rec,open-meteo,21.9,8.2,17.0,8.1,0.66,4.5,44.0,calibrated
naxos,Juillet,7,24,30,1,0.1,9.7,6.6,mid,open-meteo,24.7,9.1,18.6,8.1,0.84,4.9,44.0,calibrated
naxos,Août,8,24,30,4,0.1,9.1,6.4,mid,open-meteo,25.7,9.3,19.6,7.6,0.7,4.5,43.0,calibrated
naxos,Septembre,9,22,27,6,0.3,8.2,9.1,rec,open-meteo,24.2,8.3,17.7,6.4,0.61,4.5,38.0,calibrated
naxos,Octobre,10,18,23,11,0.6,7.0,8.4,rec,open-meteo,22.5,6.9,15.3,5.0,0.87,5.1,35.0,calibrated
naxos,Novembre,11,15,20,22,1.6,5.9,7.6,rec,open-meteo,20.6,5.7,12.6,3.4,0.9,5.2,30.0,calibrated
naxos,Décembre,12,12,16,36,2.3,5.2,4.4,mid,open-meteo,18.0,4.2,9.4,2.5,0.95,5.2,30.0,calibrated
paros,Janvier,1,11,15,37,2.3,5.3,4.3,mid,open-meteo,15.8,3.1,6.6,2.8,1.69,6.4,30.0,calibrated
paros,Février,2,11,15,26,1.5,6.1,4.5,mid,open-meteo,16.2,3.9,7.6,3.9,1.22,5.5,33.0,calibrated
paros,Mars,3,12,16,22,1.3,7.1,7.3,rec,open-meteo,16.0,4.3,8.1,5.5,0.93,5.0,41.0,calibrated
paros,Avril,4,14,19,11,0.7,8.2,7.9,rec,open-meteo,16.8,5.0,10.4,6.9,1.17,5.3,44.0,calibrated
paros,Mai,5,17,23,10,0.4,9.0,8.6,rec,open-meteo,18.0,6.4,13.5,7.3,0.81,4.7,40.0,calibrated
paros,Juin,6,22,27,5,0.1,9.6,9.3,rec,open-meteo,21.6,7.8,17.0,8.1,0.82,4.8,44.0,calibrated
paros,Juillet,7,24,29,1,0.0,9.7,9.5,rec,open-meteo,24.5,8.7,18.5,8.1,1.02,4.9,43.0,calibrated
paros,Août,8,24,28,1,0.1,9.3,9.6,rec,open-meteo,25.6,8.9,19.4,7.6,0.87,4.6,42.0,calibrated
paros,Septembre,9,22,26,6,0.2,8.2,9.0,rec,open-meteo,23.7,7.9,17.5,6.4,0.77,4.6,38.0,calibrated
paros,Octobre,10,18,22,10,0.6,7.1,8.3,rec,open-meteo,22.7,6.6,14.8,5.0,1.13,5.3,35.0,calibrated
paros,Novembre,11,16,19,20,1.4,6.0,7.6,rec,open-meteo,20.6,5.3,12.1,3.4,1.2,5.4,30.0,calibrated
paros,Décembre,12,13,16,35,2.3,5.2,4.4,mid,open-meteo,18.2,3.9,8.8,2.5,1.27,5.5,30.0,calibrated
kefalonia,Janvier,1,9,14,48,4.8,4.8,4.1,mid,open-meteo,17.3,3.6,7.0,2.9,1.22,5.6,28.0,calibrated
kefalonia,Février,2,9,15,33,3.1,5.9,4.4,mid,open-meteo,15.6,3.8,7.7,3.9,1.12,5.4,33.0,calibrated
kefalonia,Mars,3,10,16,37,2.6,6.3,4.4,mid,open-meteo,15.9,3.9,8.7,5.7,1.08,5.2,38.0,calibrated
kefalonia,Avril,4,13,18,22,1.3,7.8,7.6,rec,open-meteo,16.1,4.8,11.1,7.0,0.86,4.9,41.0,calibrated
kefalonia,Mai,5,16,22,22,1.3,8.6,8.2,rec,open-meteo,18.7,6.2,14.7,7.3,0.67,4.6,43.0,calibrated
kefalonia,Juin,6,21,27,11,0.6,9.3,9.1,rec,open-meteo,23.1,8.2,18.7,8.2,0.62,4.7,39.0,calibrated
kefalonia,Juillet,7,23,30,3,0.3,9.7,6.5,mid,open-meteo,25.7,9.4,20.5,8.1,0.63,4.4,43.0,calibrated
kefalonia,Août,8,24,30,8,0.3,8.9,6.3,mid,open-meteo,25.9,9.4,20.9,7.7,0.5,4.0,42.0,calibrated
kefalonia,Septembre,9,21,27,21,2.2,7.3,8.5,rec,open-meteo,25.2,8.2,18.7,6.4,0.67,4.8,34.0,calibrated
kefalonia,Octobre,10,17,23,29,3.4,6.3,7.9,rec,open-meteo,24.5,7.1,15.8,4.9,0.75,4.8,32.0,calibrated
kefalonia,Novembre,11,14,19,47,7.0,5.1,4.5,mid,open-meteo,21.6,5.3,12.7,3.4,0.91,5.0,30.0,calibrated
kefalonia,Décembre,12,11,16,43,4.9,4.9,4.3,mid,open-meteo,18.4,3.8,9.1,2.6,1.31,5.7,28.0,calibrated
pouilles,Janvier,1,4,12,34,2.5,4.9,4.2,mid,open-meteo,,,3.3,2.4,,,24.0,calibrated
pouilles,Février,2,5,14,29,1.7,5.8,4.3,mid,open-meteo,,,4.0,3.4,,,29.0,calibrated
pouilles,Mars,3,7,15,38,2.5,6.1,4.3,mid,open-meteo,,,4.8,5.0,,,33.0,calibrated
pouilles,Avril,4,9,19,32,1.8,7.3,7.5,rec,open-meteo,,,6.8,6.3,,,36.0,calibrated
pouilles,Mai,5,13,22,34,2.3,7.8,7.9,rec,open-meteo,,,10.6,7.4,,,35.0,calibrated
pouilles,Juin,6,19,28,26,1.6,8.8,8.7,rec,open-meteo,,,13.6,7.8,,,36.0,calibrated
pouilles,Juillet,7,21,32,13,0.9,9.3,8.5,rec,open-meteo,,,14.4,8.0,,,37.0,calibrated
pouilles,Août,8,21,31,19,1.0,8.1,8.5,rec,open-meteo,,,15.5,7.3,,,37.0,calibrated
pouilles,Septembre,9,18,27,25,1.8,7.1,8.4,rec,open-meteo,,,13.7,5.9,,,30.0,calibrated
pouilles,Octobre,10,13,22,23,1.5,6.2,7.9,rec,open-meteo,,,12.0,4.3,,,28.0,calibrated
pouilles,Novembre,11,10,17,36,2.9,5.0,4.4,mid,open-meteo,,,8.9,2.9,,,25.0,calibrated
pouilles,Décembre,12,6,13,29,1.8,5.0,4.3,mid,open-meteo,,,5.3,2.1,,,23.0,calibrated
lac-garde,Janvier,1,3,9,22,1.8,4.9,4.2,mid,open-meteo,,,1.9,1.7,,,48.0,calibrated
lac-garde,Février,2,4,11,26,2.6,5.5,4.2,mid,open-meteo,,,3.4,2.2,,,47.0,calibrated
lac-garde,Mars,3,6,14,30,2.4,6.3,4.3,mid,open-meteo,,,4.9,3.3,,,35.0,calibrated
lac-garde,Avril,4,10,18,36,2.9,7.0,7.3,rec,open-meteo,,,7.8,5.2,,,35.0,calibrated
lac-garde,Mai,5,14,21,56,5.2,6.3,7.3,rec,open-meteo,,,12.7,5.8,,,32.0,calibrated
lac-garde,Juin,6,19,27,37,3.2,8.1,8.2,rec,open-meteo,,,16.9,6.5,,,37.0,calibrated
lac-garde,Juillet,7,22,29,37,2.8,7.9,8.2,rec,open-meteo,,,18.9,6.8,,,39.0,calibrated
lac-garde,Août,8,22,29,36,3.0,7.5,8.2,rec,open-meteo,,,18.8,6.1,,,40.0,calibrated
lac-garde,Septembre,9,18,24,36,3.8,6.4,7.8,rec,open-meteo,,,15.7,4.4,,,30.0,calibrated
lac-garde,Octobre,10,14,19,33,3.7,5.6,7.4,rec,open-meteo,,,12.6,2.5,,,25.0,calibrated
lac-garde,Novembre,11,9,13,36,3.8,4.4,4.2,mid,open-meteo,,,7.9,2.2,,,57.0,calibrated
lac-garde,Décembre,12,5,10,24,2.2,4.5,4.2,mid,open-meteo,,,4.2,1.6,,,39.0,calibrated
palerme,Janvier,1,9,14,38,2.8,5.2,4.2,mid,open-meteo,16.3,3.6,7.5,2.9,1.27,5.6,24.0,calibrated
palerme,Février,2,9,15,30,2.7,5.9,4.4,mid,open-meteo,15.0,3.9,7.5,4.1,0.91,5.6,29.0,calibrated
palerme,Mars,3,10,16,38,2.9,6.4,4.4,mid,open-meteo,15.2,3.8,8.5,5.6,1.04,5.9,35.0,calibrated
palerme,Avril,4,12,19,25,1.5,7.7,7.6,rec,open-meteo,16.2,5.0,10.1,6.6,0.92,5.0,38.0,calibrated
palerme,Mai,5,15,22,27,2.0,8.0,8.0,rec,open-meteo,19.0,6.2,13.6,7.4,0.59,4.8,38.0,calibrated
palerme,Juin,6,20,27,12,0.8,9.5,9.1,rec,open-meteo,23.4,8.3,17.2,8.2,0.51,4.7,34.0,calibrated
palerme,Juillet,7,23,30,7,0.3,9.5,6.4,mid,open-meteo,27.2,9.6,19.0,8.3,0.48,4.7,35.0,calibrated
palerme,Août,8,23,30,15,0.9,8.4,6.0,mid,open-meteo,27.2,9.3,19.8,7.7,0.41,4.3,36.0,calibrated
palerme,Septembre,9,21,27,34,2.0,6.9,8.2,rec,open-meteo,25.7,8.0,18.7,6.3,0.91,5.2,32.0,calibrated
palerme,Octobre,10,17,24,34,2.8,6.1,7.8,rec,open-meteo,24.4,7.3,15.8,4.9,0.56,4.9,27.0,calibrated
palerme,Novembre,11,14,20,44,3.7,5.0,7.3,rec,open-meteo,21.1,5.5,12.6,3.5,0.82,5.2,26.0,calibrated
palerme,Décembre,12,11,16,36,2.8,5.0,4.4,mid,open-meteo,17.8,3.3,9.4,2.7,1.7,6.1,26.0,calibrated
dolomites,Janvier,1,-16,-7,26,1.6,4.7,4.1,mid,open-meteo,,,-17.2,2.1,,,26.0,calibrated
dolomites,Février,2,-14,-5,27,2.1,5.5,4.1,mid,open-meteo,,,-14.9,2.6,,,26.0,calibrated
dolomites,Mars,3,-12,-4,31,2.3,6.2,4.1,mid,open-meteo,,,-12.6,3.9,,,30.0,calibrated
dolomites,Avril,4,-8,0,41,3.7,6.4,1.0,avoid,open-meteo,,,-9.1,5.2,,,32.0,calibrated
dolomites,Mai,5,-5,4,70,5.2,5.1,0.6,avoid,open-meteo,,,-3.7,4.3,,,29.0,calibrated
dolomites,Juin,6,0,11,68,4.8,6.3,0.9,avoid,open-meteo,,,1.2,6.2,,,30.0,calibrated
dolomites,Juillet,7,2,12,64,5.3,6.4,1.1,avoid,open-meteo,,,3.0,6.5,,,28.0,calibrated
dolomites,Août,8,2,12,59,4.9,6.2,1.2,avoid,open-meteo,,,3.0,5.9,,,29.0,calibrated
dolomites,Septembre,9,-1,8,44,3.4,6.0,1.1,avoid,open-meteo,,,-0.7,4.1,,,27.0,calibrated
dolomites,Octobre,10,-5,4,28,3.6,5.7,4.1,mid,open-meteo,,,-4.5,2.4,,,22.0,calibrated
dolomites,Novembre,11,-10,-3,30,3.9,4.8,1.1,avoid,open-meteo,,,-10.4,2.3,,,26.0,calibrated
dolomites,Décembre,12,-14,-6,23,2.7,4.7,4.1,mid,open-meteo,,,-15.3,1.8,,,28.0,calibrated
cadix,Janvier,1,8,17,22,1.8,5.9,7.3,rec,open-meteo,15.7,3.7,7.6,3.2,1.53,10.8,29.0,observed
cadix,Février,2,10,18,20,1.5,7.0,7.5,rec,open-meteo,14.8,3.7,8.3,4.2,1.62,10.3,31.0,observed
cadix,Mars,3,11,18,37,4.1,7.4,7.3,rec,open-meteo,15.9,3.4,9.0,5.3,1.9,9.7,35.0,observed
cadix,Avril,4,13,20,25,1.7,8.5,7.8,rec,open-meteo,17.6,5.2,10.5,6.9,1.14,8.6,36.0,observed
cadix,Mai,5,16,24,15,1.1,9.9,8.7,rec,open-meteo,19.4,6.7,12.0,7.6,0.9,7.0,33.0,observed
cadix,Juin,6,19,26,7,0.3,11.0,9.4,rec,open-meteo,21.8,7.7,14.4,7.8,0.8,5.6,33.0,observed
cadix,Juillet,7,21,29,1,0.0,11.4,9.8,rec,open-meteo,23.6,8.7,16.9,8.0,0.69,5.8,32.0,observed
cadix,Août,8,22,31,1,0.0,10.8,6.6,mid,open-meteo,22.3,8.5,17.5,7.5,0.61,6.4,35.0,observed
cadix,Septembre,9,20,28,12,0.7,8.4,9.1,rec,open-meteo,21.8,7.8,16.3,6.5,0.69,6.4,32.0,observed
cadix,Octobre,10,18,25,23,2.5,7.4,8.3,rec,open-meteo,21.3,6.4,14.4,4.7,1.37,8.7,25.0,observed
cadix,Novembre,11,13,20,26,2.6,6.2,7.6,rec,open-meteo,17.4,4.9,11.3,3.5,1.08,9.3,30.0,observed
cadix,Décembre,12,10,18,25,2.3,5.4,7.4,rec,open-meteo,16.2,4.5,9.6,3.0,0.81,9.3,25.0,observed
saint-sebastien,Janvier,1,6,12,52,6.6,2.8,1.0,avoid,open-meteo,13.8,2.4,5.2,2.0,1.61,10.8,25.0,observed
saint-sebastien,Février,2,7,14,49,5.3,3.9,4.1,mid,open-meteo,12.9,2.1,5.9,2.6,2.24,11.5,32.0,observed
saint-sebastien,Mars,3,8,15,55,5.0,4.7,4.1,mid,open-meteo,12.8,2.4,6.8,4.3,1.79,10.0,31.0,observed
saint-sebastien,Avril,4,9,17,49,4.1,5.5,4.3,mid,open-meteo,14.4,3.4,8.3,5.6,1.32,8.5,33.0,observed
saint-sebastien,Mai,5,12,18,52,4.1,6.1,4.4,mid,open-meteo,16.9,4.3,11.8,6.0,1.14,7.9,30.0,observed
saint-sebastien,Juin,6,15,21,47,3.6,6.3,7.4,rec,open-meteo,21.5,5.8,15.4,6.1,1.1,7.4,29.0,observed
saint-sebastien,Juillet,7,17,23,40,2.4,6.6,7.7,rec,open-meteo,22.8,6.7,17.0,6.7,0.96,7.7,27.0,observed
saint-sebastien,Août,8,18,24,40,3.2,6.7,7.8,rec,open-meteo,23.7,6.8,17.2,6.1,1.17,9.1,29.0,observed
saint-sebastien,Septembre,9,16,22,44,4.2,5.9,7.5,rec,open-meteo,23.1,6.1,15.2,4.8,1.2,7.7,28.0,observed
saint-sebastien,Octobre,10,13,20,43,4.5,4.5,4.6,mid,open-meteo,20.4,4.9,12.5,3.3,1.37,9.7,25.0,observed
saint-sebastien,Novembre,11,10,15,58,7.7,3.0,1.2,avoid,open-meteo,17.1,3.3,9.0,2.3,1.22,9.9,26.0,observed
saint-sebastien,Décembre,12,8,14,49,6.1,2.6,1.2,avoid,open-meteo,15.1,2.1,7.2,1.6,1.97,10.6,26.0,observed
formentera,Janvier,1,13,15,19,1.4,5.7,4.5,mid,open-meteo,15.9,3.8,8.4,2.9,1.26,5.4,28.0,calibrated
formentera,Février,2,14,15,17,0.9,6.5,7.3,rec,open-meteo,14.6,3.7,9.0,3.8,1.28,6.1,32.0,calibrated
formentera,Mars,3,14,15,22,1.4,6.9,7.2,rec,open-meteo,15.0,3.4,10.1,5.2,1.62,6.0,35.0,calibrated
formentera,Avril,4,15,16,19,1.2,8.0,7.4,rec,open-meteo,17.2,4.7,11.6,6.1,0.88,5.5,41.0,calibrated
formentera,Mai,5,18,19,9,0.6,8.9,8.0,rec,open-meteo,19.9,5.9,14.6,7.5,0.9,5.0,39.0,calibrated
formentera,Juin,6,22,23,5,0.3,9.8,8.9,rec,open-meteo,23.9,7.6,18.5,7.8,1.02,4.9,37.0,calibrated
formentera,Juillet,7,24,26,1,0.1,9.8,9.4,rec,open-meteo,27.8,8.9,21.4,7.8,0.71,4.6,35.0,calibrated
formentera,Août,8,26,27,5,0.5,8.8,9.2,rec,open-meteo,28.0,8.9,21.7,7.2,0.72,4.5,37.0,calibrated
formentera,Septembre,9,24,25,18,1.3,7.4,8.4,rec,open-meteo,26.8,8.1,19.2,6.1,0.85,5.2,36.0,calibrated
formentera,Octobre,10,21,23,21,1.7,6.5,8.1,rec,open-meteo,24.1,6.8,16.5,4.6,1.15,5.4,34.0,calibrated
formentera,Novembre,11,17,19,28,2.1,5.6,7.4,rec,open-meteo,19.3,5.1,12.5,3.4,0.96,5.2,32.0,calibrated
formentera,Décembre,12,15,16,21,1.2,5.5,7.2,rec,open-meteo,17.6,4.3,10.7,2.6,0.91,5.5,31.0,calibrated
costa-brava,Janvier,1,6,13,18,1.8,5.4,4.4,mid,open-meteo,14.5,3.6,4.6,2.3,1.19,5.7,26.0,calibrated
costa-brava,Février,2,7,14,23,1.5,5.9,4.4,mid,open-meteo,13.3,3.6,5.5,3.2,1.2,5.8,34.0,calibrated
costa-brava,Mars,3,9,15,28,2.0,6.4,4.5,mid,open-meteo,13.8,3.4,7.0,4.5,1.34,5.8,33.0,calibrated
costa-brava,Avril,4,11,17,26,2.5,7.5,7.4,rec,open-meteo,14.8,4.0,8.6,5.4,1.3,5.7,36.0,calibrated
costa-brava,Mai,5,14,20,27,1.9,8.1,7.7,rec,open-meteo,17.4,5.5,11.9,6.8,0.74,5.5,34.0,calibrated
costa-brava,Juin,6,18,25,18,1.1,9.1,8.6,rec,open-meteo,21.7,7.4,16.1,7.0,0.8,4.9,34.0,calibrated
costa-brava,Juillet,7,21,28,12,0.7,9.4,9.2,rec,open-meteo,25.0,8.7,18.0,7.3,0.75,4.7,33.0,calibrated
costa-brava,Août,8,21,28,14,1.0,8.4,9.0,rec,open-meteo,26.3,8.8,18.2,6.8,0.66,4.7,35.0,calibrated
costa-brava,Septembre,9,18,24,31,2.4,6.8,8.0,rec,open-meteo,23.7,6.9,15.9,5.2,1.18,5.7,32.0,calibrated
costa-brava,Octobre,10,15,21,26,2.7,6.0,7.7,rec,open-meteo,21.9,5.9,13.8,3.8,1.08,5.4,28.0,calibrated
costa-brava,Novembre,11,11,16,30,2.2,5.3,4.5,mid,open-meteo,17.3,4.0,9.1,2.7,1.13,5.4,27.0,calibrated
costa-brava,Décembre,12,8,14,24,2.0,5.1,4.4,mid,open-meteo,15.3,3.6,7.0,2.1,1.25,6.0,28.0,calibrated
cordoue,Janvier,1,5,15,24,1.5,5.6,4.5,mid,open-meteo,,,4.8,2.9,,,30.0,observed
cordoue,Février,2,6,18,18,1.5,6.6,7.5,rec,open-meteo,,,5.4,3.8,,,30.0,observed
cordoue,Mars,3,8,19,35,3.7,7.0,7.4,rec,open-meteo,,,6.3,4.8,,,32.0,observed
cordoue,Avril,4,11,22,27,2.0,8.2,8.0,rec,open-meteo,,,8.0,6.9,,,30.0,observed
cordoue,Mai,5,14,28,16,1.2,9.6,9.1,rec,open-meteo,,,8.7,7.6,,,29.0,observed
cordoue,Juin,6,19,33,7,0.4,11.2,8.6,rec,open-meteo,,,10.1,7.7,,,31.0,observed
cordoue,Juillet,7,22,38,0,0.0,12.0,3.9,avoid,open-meteo,,,11.0,8.1,,,34.0,observed
cordoue,Août,8,22,37,2,0.1,11.1,5.0,mid,open-meteo,,,11.8,7.6,,,33.0,observed
cordoue,Septembre,9,18,32,10,0.8,8.5,8.5,rec,open-meteo,,,12.1,6.3,,,28.0,observed
cordoue,Octobre,10,15,27,22,2.2,7.1,8.5,rec,open-meteo,,,10.9,4.2,,,21.0,observed
cordoue,Novembre,11,9,19,25,2.6,6.0,7.5,rec,open-meteo,,,8.4,3.3,,,27.0,observed
cordoue,Décembre,12,6,16,22,2.1,5.2,4.5,mid,open-meteo,,,6.6,2.9,,,24.0,observed
faro,Janvier,1,10,16,21,1.5,5.9,7.3,rec,open-meteo,16.4,3.5,8.2,3.0,1.6,10.1,28.0,observed
faro,Février,2,11,17,20,1.8,6.1,7.4,rec,open-meteo,15.4,3.5,8.5,4.3,1.74,9.4,30.0,observed
faro,Mars,3,11,18,32,2.8,7.8,7.4,rec,open-meteo,15.9,3.5,9.2,5.5,1.9,8.9,34.0,observed
faro,Avril,4,13,20,27,1.5,8.5,7.8,rec,open-meteo,16.9,4.9,11.1,6.9,1.27,7.7,33.0,observed
faro,Mai,5,15,23,13,1.0,9.8,8.7,rec,open-meteo,17.4,6.2,12.5,7.7,0.95,7.7,31.0,observed
faro,Juin,6,18,25,7,0.2,10.9,9.2,rec,open-meteo,19.6,7.0,14.4,7.9,0.87,6.0,30.0,observed
faro,Juillet,7,20,29,1,0.0,11.6,9.8,rec,open-meteo,18.6,7.7,15.7,8.1,0.81,6.3,30.0,observed
faro,Août,8,21,29,1,0.0,11.1,9.7,rec,open-meteo,18.1,7.6,15.9,7.6,0.77,6.6,31.0,observed
faro,Septembre,9,19,26,7,0.4,9.3,9.1,rec,open-meteo,18.0,6.8,15.8,6.4,0.82,6.8,30.0,observed
faro,Octobre,10,17,24,22,2.2,7.3,8.2,rec,open-meteo,20.2,6.0,14.8,4.6,1.4,8.1,25.0,observed
faro,Novembre,11,13,20,26,2.0,6.4,7.6,rec,open-meteo,17.6,4.7,11.9,3.4,1.3,8.3,28.0,observed
faro,Décembre,12,11,17,23,2.0,5.1,7.3,rec,open-meteo,16.8,4.3,10.2,3.0,1.04,8.0,27.0,observed
normandie,Janvier,1,3,9,45,2.5,2.5,0.9,avoid,open-meteo,,,3.3,1.4,,,26.0,calibrated
normandie,Février,2,4,10,40,2.0,3.7,4.1,mid,open-meteo,,,3.4,1.8,,,25.0,calibrated
normandie,Mars,3,5,12,44,1.9,4.9,4.1,mid,open-meteo,,,4.5,3.5,,,27.0,calibrated
normandie,Avril,4,6,14,35,1.7,6.8,4.3,mid,open-meteo,,,5.7,5.0,,,29.0,calibrated
normandie,Mai,5,9,17,38,2.1,7.3,7.2,rec,open-meteo,,,9.1,5.6,,,28.0,calibrated
normandie,Juin,6,12,20,41,2.3,7.2,7.4,rec,open-meteo,,,12.3,6.1,,,27.0,calibrated
normandie,Juillet,7,14,22,33,1.6,7.7,7.9,rec,open-meteo,,,13.3,5.9,,,24.0,calibrated
normandie,Août,8,14,23,33,1.7,7.1,7.9,rec,open-meteo,,,13.8,5.4,,,25.0,calibrated
normandie,Septembre,9,13,20,39,2.0,5.8,7.4,rec,open-meteo,,,12.0,3.9,,,25.0,calibrated
normandie,Octobre,10,10,17,41,2.4,4.3,4.4,mid,open-meteo,,,9.9,2.7,,,21.0,calibrated
normandie,Novembre,11,7,12,44,2.6,3.3,4.1,mid,open-meteo,,,6.6,1.7,,,32.0,calibrated
normandie,Décembre,12,5,10,43,2.7,2.6,1.0,avoid,open-meteo,,,5.1,1.1,,,30.0,calibrated
pays-basque,Janvier,1,4,10,47,4.8,3.5,1.0,avoid,open-meteo,12.5,2.0,3.6,2.0,2.03,11.0,22.0,calibrated
pays-basque,Février,2,5,13,43,3.8,4.6,4.1,mid,open-meteo,11.8,2.0,4.4,2.6,2.75,11.6,27.0,calibrated
pays-basque,Mars,3,6,14,55,4.1,4.8,4.1,mid,open-meteo,12.8,2.1,5.5,4.4,2.3,10.0,29.0,calibrated
pays-basque,Avril,4,8,16,51,3.9,5.6,4.3,mid,open-meteo,14.9,2.9,7.1,5.4,1.62,8.5,31.0,calibrated
pays-basque,Mai,5,10,18,54,3.7,6.3,4.4,mid,open-meteo,17.8,4.1,10.6,6.1,1.44,8.2,28.0,calibrated
pays-basque,Juin,6,14,23,50,4.2,6.6,7.5,rec,open-meteo,22.4,6.1,14.3,6.4,1.24,7.7,27.0,calibrated
pays-basque,Juillet,7,16,24,38,2.2,7.5,7.9,rec,open-meteo,23.4,6.9,15.9,6.5,1.11,7.7,25.0,calibrated
pays-basque,Août,8,16,25,35,2.2,7.2,8.0,rec,open-meteo,24.2,7.0,15.9,6.0,1.34,9.1,26.0,calibrated
pays-basque,Septembre,9,14,23,41,3.5,6.2,7.7,rec,open-meteo,23.5,6.2,13.7,4.7,1.4,8.0,25.0,calibrated
pays-basque,Octobre,10,11,20,41,3.8,5.1,7.3,rec,open-meteo,20.7,4.5,11.1,3.3,1.76,10.4,23.0,calibrated
pays-basque,Novembre,11,7,14,53,5.8,3.6,1.2,avoid,open-meteo,15.9,2.9,7.6,2.3,1.45,10.3,24.0,calibrated
pays-basque,Décembre,12,5,12,45,5.1,3.3,1.2,avoid,open-meteo,13.8,1.9,5.8,1.6,2.2,10.4,24.0,calibrated
biarritz,Janvier,1,6,12,47,4.9,3.1,1.1,avoid,open-meteo,12.5,2.0,4.5,2.0,2.18,11.0,24.0,observed
biarritz,Février,2,6,14,44,4.2,4.1,4.1,mid,open-meteo,11.8,2.0,5.4,2.6,2.96,11.7,29.0,observed
biarritz,Mars,3,8,14,52,4.2,5.3,4.1,mid,open-meteo,12.7,2.2,6.5,4.3,2.46,10.1,30.0,observed
biarritz,Avril,4,10,16,46,3.9,5.7,4.3,mid,open-meteo,14.8,2.9,8.2,5.5,1.74,8.4,32.0,observed
biarritz,Mai,5,12,18,49,3.6,6.3,4.5,mid,open-meteo,17.8,4.1,11.6,6.3,1.53,8.2,30.0,observed
biarritz,Juin,6,16,22,44,3.7,6.9,7.6,rec,open-meteo,22.5,6.1,15.2,6.3,1.33,7.5,29.0,observed
biarritz,Juillet,7,18,23,32,2.0,7.0,7.9,rec,open-meteo,23.6,6.9,16.8,6.6,1.19,7.7,26.0,observed
biarritz,Août,8,18,24,33,2.3,6.9,7.9,rec,open-meteo,24.2,6.8,16.9,6.1,1.43,9.1,28.0,observed
biarritz,Septembre,9,16,22,42,4.0,6.6,7.6,rec,open-meteo,23.5,6.0,14.8,4.8,1.49,8.0,27.0,observed
biarritz,Octobre,10,13,20,40,3.7,4.7,7.3,rec,open-meteo,20.7,4.4,12.1,3.3,1.88,10.3,24.0,observed
biarritz,Novembre,11,9,15,52,7.3,3.4,4.1,mid,open-meteo,16.0,2.9,8.5,2.2,1.56,10.4,25.0,observed
biarritz,Décembre,12,7,13,46,5.5,3.0,1.2,avoid,open-meteo,13.9,1.9,6.6,1.6,2.37,10.5,25.0,observed
zadar,Janvier,1,3,11,36,3.4,3.7,4.1,mid,open-meteo,14.1,3.7,1.8,1.9,0.44,3.6,25.0,observed
zadar,Février,2,4,13,34,3.7,5.2,4.2,mid,open-meteo,13.2,3.8,3.4,2.8,0.42,3.7,33.0,observed
zadar,Mars,3,6,14,35,3.3,6.0,4.3,mid,open-meteo,13.6,4.0,4.6,4.0,0.52,4.4,31.0,observed
zadar,Avril,4,9,18,30,2.3,6.9,7.4,rec,open-meteo,14.7,4.7,7.6,5.8,0.37,3.3,33.0,observed
zadar,Mai,5,14,21,33,3.2,8.9,7.8,rec,open-meteo,18.1,5.9,12.5,6.6,0.35,3.5,33.0,observed
zadar,Juin,6,19,27,18,1.6,10.1,9.0,rec,open-meteo,21.2,7.8,16.4,7.3,0.26,2.9,35.0,observed
zadar,Juillet,7,21,30,15,1.2,11.3,6.4,mid,open-meteo,24.6,9.1,17.4,7.3,0.25,2.6,35.0,observed
zadar,Août,8,21,30,14,1.9,10.4,6.3,mid,open-meteo,24.8,9.0,17.4,6.5,0.25,2.6,36.0,observed
zadar,Septembre,9,17,25,29,4.0,8.2,8.3,rec,open-meteo,22.9,7.4,14.5,4.9,0.38,3.6,29.0,observed
zadar,Octobre,10,13,20,30,3.8,5.9,7.5,rec,open-meteo,21.9,6.1,11.9,3.5,0.38,3.7,26.0,observed
zadar,Novembre,11,9,16,45,6.0,4.1,4.2,mid,open-meteo,18.5,4.3,7.7,2.3,0.39,3.4,27.0,observed
zadar,Décembre,12,5,12,40,4.5,3.5,4.1,mid,open-meteo,15.6,3.9,4.3,1.5,0.46,3.8,24.0,observed
hvar,Janvier,1,7,12,36,3.2,4.3,4.2,mid,open-meteo,15.7,3.9,3.1,2.1,0.71,4.2,26.0,observed
hvar,Février,2,8,14,34,2.6,5.5,4.3,mid,open-meteo,14.8,3.9,4.8,2.9,0.75,4.3,30.0,observed
hvar,Mars,3,9,15,35,3.0,6.3,4.4,mid,open-meteo,14.9,3.9,5.4,4.3,0.93,4.5,35.0,observed
hvar,Avril,4,12,18,32,2.5,7.4,7.4,rec,open-meteo,15.7,4.8,8.1,6.1,0.64,4.0,38.0,observed
hvar,Mai,5,16,22,34,2.6,9.3,8.0,rec,open-meteo,18.4,6.0,12.7,6.7,0.64,4.2,39.0,observed
hvar,Juin,6,21,28,15,1.2,10.8,9.3,rec,open-meteo,23.5,8.5,16.1,7.5,0.55,3.7,39.0,observed
hvar,Juillet,7,23,30,9,0.6,11.8,6.6,mid,open-meteo,26.0,9.5,17.1,7.4,0.54,3.4,40.0,observed
hvar,Août,8,24,31,14,1.3,10.8,6.2,mid,open-meteo,26.3,9.2,17.8,6.6,0.45,3.1,40.0,observed
hvar,Septembre,9,20,26,26,2.6,8.6,8.5,rec,open-meteo,24.5,7.8,15.3,5.2,0.69,4.1,33.0,observed
hvar,Octobre,10,16,21,27,2.2,6.4,7.7,rec,open-meteo,23.0,6.5,12.9,3.7,0.69,4.1,31.0,observed
hvar,Novembre,11,12,17,48,6.9,4.5,4.3,mid,open-meteo,19.3,4.6,9.4,2.5,0.56,4.2,28.0,observed
hvar,Décembre,12,9,14,35,4.3,4.0,4.2,mid,open-meteo,17.0,4.0,5.9,1.7,0.77,4.5,26.0,observed
bodrum,Janvier,1,9,14,44,5.6,4.8,4.2,mid,open-meteo,18.3,4.3,6.5,2.9,0.69,4.6,27.0,observed
bodrum,Février,2,10,16,33,2.5,5.3,4.4,mid,open-meteo,17.3,4.4,7.4,4.2,0.61,4.5,30.0,observed
bodrum,Mars,3,11,17,29,2.4,6.4,7.3,rec,open-meteo,16.9,4.7,8.2,5.5,0.58,4.4,37.0,observed
bodrum,Avril,4,14,20,18,1.3,7.8,7.9,rec,open-meteo,17.4,5.7,10.5,6.8,0.56,4.4,42.0,observed
bodrum,Mai,5,17,25,15,0.8,8.6,8.7,rec,open-meteo,19.2,7.0,13.6,7.4,0.43,4.1,41.0,observed
bodrum,Juin,6,22,30,7,0.4,10.0,6.4,mid,open-meteo,22.2,8.7,16.9,8.0,0.43,4.1,45.0,observed
bodrum,Juillet,7,25,34,1,0.0,10.3,5.7,mid,open-meteo,24.2,8.6,17.8,7.9,0.48,4.3,43.0,observed
bodrum,Août,8,25,33,1,0.0,10.2,5.9,mid,open-meteo,26.7,9.1,19.4,7.5,0.42,4.0,44.0,observed
bodrum,Septembre,9,22,30,5,0.3,8.9,6.3,mid,open-meteo,26.9,9.4,17.4,6.3,0.43,4.0,36.0,observed
bodrum,Octobre,10,18,25,13,1.3,7.2,8.5,rec,open-meteo,25.0,8.0,14.4,5.0,0.34,4.1,30.0,observed
bodrum,Novembre,11,14,20,29,3.9,5.9,7.5,rec,open-meteo,22.5,6.2,11.6,3.5,0.37,4.0,27.0,observed
bodrum,Décembre,12,11,16,39,4.6,4.5,4.3,mid,open-meteo,20.4,4.7,8.8,2.5,0.64,4.5,28.0,observed
munich,Janvier,1,-2,4,45,2.5,2.4,0.7,avoid,open-meteo,,,-2.7,1.4,,,29.0,observed
munich,Février,2,-1,7,43,2.2,3.4,0.9,avoid,open-meteo,,,-1.8,2.1,,,26.0,observed
munich,Mars,3,1,10,40,2.0,4.7,4.1,mid,open-meteo,,,0.1,3.4,,,28.0,observed
munich,Avril,4,4,14,41,2.1,6.2,4.2,mid,open-meteo,,,2.9,4.7,,,29.0,observed
munich,Mai,5,8,18,51,3.8,6.9,4.5,mid,open-meteo,,,8.1,5.5,,,27.0,observed
munich,Juin,6,13,23,50,4.2,7.5,7.6,rec,open-meteo,,,12.4,5.8,,,29.0,observed
munich,Juillet,7,14,24,48,3.9,7.8,7.7,rec,open-meteo,,,13.3,6.0,,,29.0,observed
munich,Août,8,14,24,46,4.0,7.5,7.7,rec,open-meteo,,,13.9,5.2,,,30.0,observed
munich,Septembre,9,10,20,42,3.2,5.7,7.3,rec,open-meteo,,,10.6,3.8,,,26.0,observed
munich,Octobre,10,7,15,38,2.2,4.0,4.2,mid,open-meteo,,,7.2,2.6,,,25.0,observed
munich,Novembre,11,1,8,41,2.3,2.5,0.9,avoid,open-meteo,,,2.1,1.9,,,38.0,observed
munich,Décembre,12,-1,5,42,2.3,2.1,0.7,avoid,open-meteo,,,-0.8,1.2,,,30.0,observed
stockholm,Janvier,1,-3,1,33,1.5,1.4,0.8,avoid,open-meteo,-0.0,2.9,-3.2,0.5,0.68,5.3,23.0,observed
stockholm,Février,2,-3,2,30,1.2,2.7,0.9,avoid,open-meteo,-0.0,3.2,-3.2,1.0,0.56,4.7,22.0,observed
stockholm,Mars,3,-2,5,26,1.2,4.9,4.1,mid,open-meteo,0.3,3.5,-2.3,2.3,0.42,4.0,24.0,observed
stockholm,Avril,4,1,10,25,1.0,7.2,4.3,mid,open-meteo,4.5,3.8,-0.6,3.1,0.43,4.2,28.0,observed
stockholm,Mai,5,6,16,28,1.5,8.9,7.3,rec,open-meteo,11.4,4.0,4.4,5.2,0.25,3.1,29.0,observed
stockholm,Juin,6,11,21,33,2.0,9.2,7.9,rec,open-meteo,18.1,5.6,9.6,5.5,0.4,3.8,28.0,observed
stockholm,Juillet,7,13,22,38,2.1,9.0,7.9,rec,open-meteo,22.2,6.5,11.9,5.4,0.36,3.7,26.0,observed
stockholm,Août,8,13,21,40,2.5,7.6,7.6,rec,open-meteo,21.0,5.8,12.4,4.7,0.39,3.7,25.0,observed
stockholm,Septembre,9,10,17,27,1.6,5.7,7.3,rec,open-meteo,18.9,4.6,9.6,3.2,0.36,3.8,23.0,observed
stockholm,Octobre,10,6,11,35,2.1,3.1,4.1,mid,open-meteo,11.7,3.2,5.1,1.6,0.52,4.5,21.0,observed
stockholm,Novembre,11,1,6,33,1.6,1.5,0.8,avoid,open-meteo,6.5,3.0,1.8,0.7,0.44,5.0,21.0,observed
stockholm,Décembre,12,-1,2,38,1.5,1.1,0.7,avoid,open-meteo,2.6,2.9,-1.2,0.4,0.51,4.8,22.0,observed
oslo,Janvier,1,-5,1,35,2.3,1.5,0.7,avoid,open-meteo,,,-4.9,0.5,,,25.0,observed
oslo,Février,2,-3,2,37,2.0,2.7,0.8,avoid,open-meteo,,,-3.9,1.0,,,28.0,observed
oslo,Mars,3,-2,5,27,1.7,4.6,1.1,avoid,open-meteo,,,-2.2,1.9,,,25.0,observed
oslo,Avril,4,2,11,27,1.7,6.1,4.3,mid,open-meteo,,,-0.5,3.5,,,26.0,observed
oslo,Mai,5,8,17,36,2.2,8.1,7.3,rec,open-meteo,,,4.9,5.0,,,28.0,observed
oslo,Juin,6,12,21,40,2.9,8.0,7.6,rec,open-meteo,,,9.6,5.4,,,25.0,observed
oslo,Juillet,7,14,21,42,3.6,7.8,7.6,rec,open-meteo,,,11.6,4.3,,,22.0,observed
oslo,Août,8,13,20,42,2.9,6.7,7.4,rec,open-meteo,,,11.9,4.0,,,23.0,observed
oslo,Septembre,9,10,16,38,3.0,5.1,4.4,mid,open-meteo,,,9.5,2.9,,,23.0,observed
oslo,Octobre,10,5,11,41,3.0,3.0,4.1,mid,open-meteo,,,5.0,1.4,,,21.0,observed
oslo,Novembre,11,1,5,40,2.7,1.7,0.7,avoid,open-meteo,,,0.9,0.7,,,27.0,observed
oslo,Décembre,12,-2,2,41,2.2,1.1,0.7,avoid,open-meteo,,,-2.6,0.3,,,24.0,observed
lofoten,Janvier,1,-5,0,56,4.6,0.0,0.5,avoid,open-meteo,5.2,1.8,-4.8,0.0,1.54,10.0,28.0,calibrated
lofoten,Février,2,-4,0,61,4.5,0.3,0.5,avoid,open-meteo,4.8,1.6,-4.6,0.4,1.74,10.2,29.0,calibrated
lofoten,Mars,3,-4,1,59,3.8,3.0,0.6,avoid,open-meteo,3.5,3.0,-4.3,1.4,1.06,10.3,29.0,calibrated
lofoten,Avril,4,-1,4,47,2.6,5.3,0.8,avoid,open-meteo,3.8,3.7,-1.5,2.6,0.81,8.2,32.0,calibrated
lofoten,Mai,5,4,8,55,3.4,5.1,0.9,avoid,open-meteo,5.6,3.8,2.5,3.7,0.61,7.7,30.0,calibrated
lofoten,Juin,6,8,13,52,2.8,6.7,4.1,mid,open-meteo,9.4,3.9,6.5,4.2,0.92,8.2,27.0,calibrated
lofoten,Juillet,7,11,16,44,2.5,7.4,4.4,mid,open-meteo,14.5,4.4,10.0,4.0,0.44,7.8,24.0,calibrated
lofoten,Août,8,10,15,56,4.5,4.9,4.1,mid,open-meteo,15.0,3.4,9.9,2.9,1.2,8.4,24.0,calibrated
lofoten,Septembre,9,8,12,57,4.3,3.3,0.9,avoid,open-meteo,12.0,2.8,7.1,1.7,1.32,7.9,27.0,calibrated
lofoten,Octobre,10,3,7,56,4.1,1.9,0.6,avoid,open-meteo,9.4,2.0,2.5,0.6,1.78,9.1,26.0,calibrated
lofoten,Novembre,11,0,3,60,4.3,0.0,0.5,avoid,open-meteo,7.7,1.8,-0.8,0.1,1.48,9.6,29.0,calibrated
lofoten,Décembre,12,-2,1,61,4.8,0.0,0.5,avoid,open-meteo,6.2,1.3,-3.1,0.0,1.91,10.2,31.0,calibrated
laponie,Janvier,1,-12,-8,38,1.3,0.1,0.6,avoid,open-meteo,,,-13.0,0.0,,,26.0,calibrated
laponie,Février,2,-12,-7,34,1.1,0.4,0.7,avoid,open-meteo,,,-11.3,0.5,,,26.0,calibrated
laponie,Mars,3,-9,-4,34,1.1,3.6,0.9,avoid,open-meteo,,,-9.1,1.5,,,29.0,calibrated
laponie,Avril,4,-5,1,36,1.4,5.1,1.0,avoid,open-meteo,,,-5.1,2.6,,,30.0,calibrated
laponie,Mai,5,0,7,41,2.0,6.0,4.1,mid,open-meteo,,,-0.7,3.7,,,27.0,calibrated
laponie,Juin,6,6,14,45,2.9,6.4,4.2,mid,open-meteo,,,4.8,4.1,,,23.0,calibrated
laponie,Juillet,7,11,18,46,3.1,6.6,4.5,mid,open-meteo,,,9.2,4.1,,,21.0,calibrated
laponie,Août,8,9,15,55,3.4,3.6,4.1,mid,open-meteo,,,8.6,3.4,,,23.0,calibrated
laponie,Septembre,9,4,9,44,2.5,2.4,0.9,avoid,open-meteo,,,4.9,1.9,,,23.0,calibrated
laponie,Octobre,10,-2,2,45,2.1,0.3,0.6,avoid,open-meteo,,,-1.3,0.7,,,21.0,calibrated
laponie,Novembre,11,-6,-2,32,1.3,0.2,0.7,avoid,open-meteo,,,-6.2,0.1,,,26.0,calibrated
laponie,Décembre,12,-10,-5,41,1.5,0.0,0.6,avoid,open-meteo,,,-9.9,0.0,,,27.0,calibrated
kotor,Janvier,1,6,12,43,7.8,4.4,4.1,mid,open-meteo,14.9,3.7,3.1,2.1,0.44,4.8,25.0,calibrated
kotor,Février,2,7,13,39,7.8,5.3,4.2,mid,open-meteo,14.1,3.8,4.7,3.1,0.44,4.7,28.0,calibrated
kotor,Mars,3,8,15,43,7.9,5.8,4.3,mid,open-meteo,14.4,3.9,5.8,4.4,0.48,4.6,31.0,calibrated
kotor,Avril,4,11,18,39,5.0,7.0,7.3,rec,open-meteo,15.5,4.7,8.8,6.1,0.34,4.6,33.0,calibrated
kotor,Mai,5,15,21,47,6.1,7.2,7.5,rec,open-meteo,19.1,5.8,14.1,6.8,0.33,4.2,34.0,calibrated
kotor,Juin,6,20,27,27,2.6,8.7,8.6,rec,open-meteo,24.1,8.3,18.4,7.7,0.27,3.6,33.0,calibrated
kotor,Juillet,7,23,30,16,1.5,9.2,6.1,mid,open-meteo,27.2,9.5,19.2,7.7,0.26,3.4,33.0,calibrated
kotor,Août,8,23,30,19,2.5,8.3,5.9,mid,open-meteo,26.9,9.3,19.3,6.9,0.19,3.2,33.0,calibrated
kotor,Septembre,9,20,26,31,5.4,6.8,8.1,rec,open-meteo,24.4,7.8,16.4,5.4,0.35,4.0,28.0,calibrated
kotor,Octobre,10,15,21,34,6.1,5.7,7.5,rec,open-meteo,23.2,6.5,13.4,4.1,0.34,4.6,26.0,calibrated
kotor,Novembre,11,12,17,48,12.9,4.4,4.3,mid,open-meteo,20.7,4.9,9.8,2.6,0.33,4.7,25.0,calibrated
kotor,Décembre,12,8,14,40,9.3,4.4,4.2,mid,open-meteo,16.8,4.1,5.9,1.8,0.37,5.0,25.0,calibrated
albanie,Janvier,1,3,12,39,6.0,4.8,4.1,mid,open-meteo,,,0.8,2.3,,,27.0,calibrated
albanie,Février,2,5,14,34,3.6,5.6,4.3,mid,open-meteo,,,2.7,3.7,,,33.0,calibrated
albanie,Mars,3,6,16,39,4.8,6.1,4.4,mid,open-meteo,,,4.2,4.7,,,33.0,calibrated
albanie,Avril,4,9,19,37,3.9,7.0,7.4,rec,open-meteo,,,7.3,6.0,,,33.0,calibrated
albanie,Mai,5,13,23,45,4.1,7.4,7.7,rec,open-meteo,,,12.0,7.1,,,35.0,calibrated
albanie,Juin,6,18,28,22,2.1,8.9,8.8,rec,open-meteo,,,15.8,7.9,,,35.0,calibrated
albanie,Juillet,7,20,32,13,1.1,9.3,5.8,mid,open-meteo,,,16.7,7.8,,,38.0,calibrated
albanie,Août,8,20,32,15,1.0,8.5,5.7,mid,open-meteo,,,16.4,7.1,,,37.0,calibrated
albanie,Septembre,9,17,27,28,3.5,7.0,8.3,rec,open-meteo,,,14.1,5.4,,,29.0,calibrated
albanie,Octobre,10,13,22,27,4.1,6.1,7.8,rec,open-meteo,,,10.9,4.3,,,33.0,calibrated
albanie,Novembre,11,9,17,40,7.1,4.9,4.4,mid,open-meteo,,,7.5,2.8,,,27.0,calibrated
albanie,Décembre,12,5,13,35,4.5,4.8,4.2,mid,open-meteo,,,3.4,2.1,,,26.0,calibrated
bruxelles,Janvier,1,2,6,44,2.6,1.9,0.7,avoid,open-meteo,,,1.7,1.1,,,30.0,observed
bruxelles,Février,2,2,9,43,2.3,2.6,0.9,avoid,open-meteo,,,2.1,1.4,,,25.0,observed
bruxelles,Mars,3,4,11,41,2.2,4.1,4.1,mid,open-meteo,,,3.1,3.2,,,30.0,observed
bruxelles,Avril,4,5,14,36,1.5,5.7,4.3,mid,open-meteo,,,4.4,4.5,,,28.0,observed
bruxelles,Mai,5,9,18,37,2.0,6.4,7.3,rec,open-meteo,,,8.4,5.3,,,31.0,observed
bruxelles,Juin,6,13,22,36,2.4,6.6,7.7,rec,open-meteo,,,11.9,5.8,,,28.0,observed
bruxelles,Juillet,7,14,22,35,2.3,6.6,7.7,rec,open-meteo,,,12.8,5.6,,,26.0,observed
bruxelles,Août,8,15,23,36,1.8,6.2,7.7,rec,open-meteo,,,13.5,5.3,,,28.0,observed
bruxelles,Septembre,9,12,20,35,2.0,5.2,7.4,rec,open-meteo,,,11.4,3.9,,,26.0,observed
bruxelles,Octobre,10,10,15,41,2.5,3.6,4.2,mid,open-meteo,,,9.1,2.4,,,25.0,observed
bruxelles,Novembre,11,5,10,45,2.2,2.2,0.9,avoid,open-meteo,,,5.4,1.4,,,39.0,observed
bruxelles,Décembre,12,3,8,44,2.4,1.6,0.8,avoid,open-meteo,,,3.8,0.8,,,34.0,observed
essaouira,Janvier,1,11,19,10,1.1,6.7,7.8,rec,open-meteo,17.3,3.9,9.2,4.3,2.35,11.3,30.0,observed
essaouira,Février,2,11,20,16,1.7,7.3,7.9,rec,open-meteo,15.8,3.7,10.0,5.5,2.59,11.8,37.0,observed
essaouira,Mars,3,13,19,21,1.4,8.0,7.7,rec,open-meteo,17.0,3.6,11.5,6.5,3.04,10.5,37.0,observed
essaouira,Avril,4,15,21,15,0.7,8.8,8.2,rec,open-meteo,17.7,4.5,13.0,8.0,2.1,9.3,40.0,observed
essaouira,Mai,5,16,22,7,0.4,9.3,8.7,rec,open-meteo,18.3,5.1,14.8,8.3,1.96,8.8,35.0,observed
essaouira,Juin,6,18,23,2,0.1,9.7,9.0,rec,open-meteo,19.9,5.9,16.3,8.7,1.79,8.1,31.0,observed
essaouira,Juillet,7,19,25,0,0.0,9.7,9.3,rec,open-meteo,18.9,6.1,17.7,8.8,1.73,7.8,29.0,observed
essaouira,Août,8,20,25,0,0.0,9.4,9.2,rec,open-meteo,19.3,5.9,18.2,8.4,1.92,8.8,31.0,observed
essaouira,Septembre,9,19,25,1,0.0,8.4,9.0,rec,open-meteo,19.9,6.2,17.7,7.5,1.68,8.4,31.0,observed
essaouira,Octobre,10,18,24,9,0.5,7.6,8.6,rec,open-meteo,20.5,5.5,15.7,6.0,2.31,10.0,28.0,observed
essaouira,Novembre,11,14,22,15,1.2,6.6,8.1,rec,open-meteo,18.9,5.2,12.4,4.7,1.63,10.2,38.0,observed
essaouira,Décembre,12,12,20,14,1.3,6.4,7.8,rec,open-meteo,17.7,4.3,10.6,4.0,1.88,10.6,29.0,observed
tunis,Janvier,1,8,16,18,1.0,5.3,7.3,rec,open-meteo,14.7,2.8,6.8,3.3,,,50.0,observed
tunis,Février,2,8,18,23,1.4,6.3,7.4,rec,open-meteo,14.0,2.8,7.5,4.2,,,48.0,observed
tunis,Mars,3,10,19,25,1.5,7.1,7.6,rec,open-meteo,16.0,3.2,8.7,6.1,,,46.0,observed
tunis,Avril,4,12,22,22,1.4,7.9,8.1,rec,open-meteo,18.2,4.6,10.5,7.1,,,39.0,observed
tunis,Mai,5,15,26,21,1.5,9.4,8.7,rec,open-meteo,20.8,6.4,13.1,8.0,,,41.0,observed
tunis,Juin,6,19,32,10,0.6,10.6,6.0,mid,open-meteo,24.7,8.4,16.3,8.4,,,37.0,observed
tunis,Juillet,7,22,35,1,0.0,11.4,5.5,mid,open-meteo,29.3,8.6,18.1,8.5,,,38.0,observed
tunis,Août,8,22,34,7,0.4,10.6,5.6,mid,open-meteo,28.7,8.7,19.5,7.9,,,38.0,observed
tunis,Septembre,9,21,30,17,1.4,8.4,6.0,mid,open-meteo,26.8,8.8,18.9,6.5,,,38.0,observed
tunis,Octobre,10,17,26,23,1.6,7.1,8.4,rec,open-meteo,24.6,7.1,16.1,4.8,,,30.0,observed
tunis,Novembre,11,12,21,27,1.1,5.8,7.7,rec,open-meteo,20.0,4.3,11.9,3.8,,,38.0,observed
tunis,Décembre,12,9,17,26,1.5,5.1,7.2,rec,open-meteo,16.6,2.7,8.9,2.9,,,34.0,observed
sharm-el-sheikh,Janvier,1,14,21,1,0.1,9.0,8.6,rec,open-meteo,23.5,7.1,4.9,4.3,0.46,5.0,38.0,observed
sharm-el-sheikh,Février,2,15,22,4,0.1,8.9,8.7,rec,open-meteo,22.6,7.0,5.1,5.3,0.56,5.0,50.0,observed
sharm-el-sheikh,Mars,3,17,25,2,0.1,10.0,9.2,rec,open-meteo,23.0,7.8,6.4,6.4,0.52,5.9,51.0,observed
sharm-el-sheikh,Avril,4,21,29,1,0.0,10.0,9.5,rec,open-meteo,23.5,8.6,7.6,7.3,0.57,5.5,63.0,observed
sharm-el-sheikh,Mai,5,24,33,1,0.0,11.0,8.7,rec,open-meteo,25.0,8.7,9.5,7.7,0.73,4.6,59.0,observed
sharm-el-sheikh,Juin,6,28,35,0,0.0,13.0,5.7,mid,open-meteo,27.7,8.9,11.9,7.7,0.59,3.8,50.0,observed
sharm-el-sheikh,Juillet,7,28,37,0,0.0,13.0,5.1,mid,open-meteo,29.1,8.7,14.6,7.7,0.37,4.1,50.0,observed
sharm-el-sheikh,Août,8,29,36,0,0.0,12.0,5.3,mid,open-meteo,30.1,8.8,16.3,7.6,0.5,4.9,49.0,observed
sharm-el-sheikh,Septembre,9,28,34,0,0.0,11.0,5.8,mid,open-meteo,28.4,8.8,15.7,7.0,0.63,4.1,44.0,observed
sharm-el-sheikh,Octobre,10,25,31,1,0.1,10.0,9.3,rec,open-meteo,27.4,9.2,14.3,5.9,0.63,4.2,49.0,observed
sharm-el-sheikh,Novembre,11,21,27,1,0.1,9.0,9.4,rec,open-meteo,27.1,8.7,10.9,4.7,0.62,5.4,45.0,observed
sharm-el-sheikh,Décembre,12,17,23,1,0.1,8.0,8.8,rec,open-meteo,25.4,7.8,7.1,4.1,0.49,5.5,45.0,observed
louxor,Janvier,1,9,22,1,0.0,9.3,8.8,rec,open-meteo,,,2.4,4.7,,,100.0,observed
louxor,Février,2,10,24,0,0.0,9.8,9.2,rec,open-meteo,,,1.7,5.7,,,108.0,observed
louxor,Mars,3,14,29,1,0.0,9.8,9.5,rec,open-meteo,,,0.7,6.8,,,107.0,observed
louxor,Avril,4,19,35,1,0.0,10.3,5.4,mid,open-meteo,,,0.6,7.5,,,111.0,observed
louxor,Mai,5,24,39,0,0.0,11.3,3.4,avoid,open-meteo,,,2.4,7.8,,,114.0,observed
louxor,Juin,6,26,41,0,0.0,12.3,3.0,avoid,open-meteo,,,5.5,7.8,,,105.0,observed
louxor,Juillet,7,27,41,0,0.0,12.4,3.1,avoid,open-meteo,,,7.5,7.7,,,102.0,observed
louxor,Août,8,27,42,0,0.0,11.8,3.0,avoid,open-meteo,,,8.8,7.7,,,102.0,observed
louxor,Septembre,9,25,39,0,0.0,10.7,3.3,avoid,open-meteo,,,9.0,7.2,,,112.0,observed
louxor,Octobre,10,20,36,0,0.0,10.2,5.1,mid,open-meteo,,,8.6,6.2,,,110.0,observed
louxor,Novembre,11,16,29,0,0.0,9.7,9.5,rec,open-meteo,,,7.2,5.0,,,101.0,observed
louxor,Décembre,12,11,24,0,0.0,9.1,9.1,rec,open-meteo,,,5.0,4.4,,,93.0,observed
bordeaux,Janvier,1,4,11,42,3.0,2.9,1.1,avoid,open-meteo,,,4.1,1.7,,,29.0,observed
bordeaux,Février,2,5,13,36,2.6,4.2,4.2,mid,open-meteo,,,4.8,2.6,,,30.0,observed
bordeaux,Mars,3,6,15,42,2.6,5.5,4.3,mid,open-meteo,,,5.9,3.8,,,28.0,observed
bordeaux,Avril,4,9,17,39,2.4,6.2,4.5,mid,open-meteo,,,7.0,5.6,,,29.0,observed
bordeaux,Mai,5,11,21,40,2.8,7.1,7.6,rec,open-meteo,,,10.7,5.6,,,28.0,observed
bordeaux,Juin,6,15,25,42,3.9,7.9,7.9,rec,open-meteo,,,14.3,6.4,,,26.0,observed
bordeaux,Juillet,7,17,27,25,1.3,8.3,8.6,rec,open-meteo,,,15.1,6.9,,,25.0,observed
bordeaux,Août,8,17,27,25,1.3,8.0,8.5,rec,open-meteo,,,14.9,6.4,,,26.0,observed
bordeaux,Septembre,9,14,24,34,2.0,7.0,7.9,rec,open-meteo,,,12.8,4.8,,,25.0,observed
bordeaux,Octobre,10,12,20,37,2.8,4.8,7.3,rec,open-meteo,,,11.3,3.1,,,21.0,observed
bordeaux,Novembre,11,7,14,45,3.2,3.3,4.1,mid,open-meteo,,,7.8,2.2,,,28.0,observed
bordeaux,Décembre,12,5,12,41,3.1,2.7,4.1,mid,open-meteo,,,6.2,1.7,,,31.0,observed
bretagne,Janvier,1,3,9,43,2.8,2.5,0.9,avoid,open-meteo,,,3.7,1.5,,,27.0,calibrated
bretagne,Février,2,4,11,38,2.1,3.9,4.1,mid,open-meteo,,,3.7,1.8,,,26.0,calibrated
bretagne,Mars,3,5,12,45,2.3,4.7,4.1,mid,open-meteo,,,4.8,3.6,,,26.0,calibrated
bretagne,Avril,4,6,15,36,1.9,6.7,4.4,mid,open-meteo,,,5.8,4.8,,,29.0,calibrated
bretagne,Mai,5,10,19,39,2.0,7.0,7.4,rec,open-meteo,,,9.1,5.7,,,28.0,calibrated
bretagne,Juin,6,13,22,38,2.7,7.4,7.7,rec,open-meteo,,,12.3,6.1,,,26.0,calibrated
bretagne,Juillet,7,14,23,30,1.5,7.9,8.0,rec,open-meteo,,,13.3,5.9,,,24.0,calibrated
bretagne,Août,8,14,24,28,1.6,7.4,8.1,rec,open-meteo,,,13.6,5.5,,,25.0,calibrated
bretagne,Septembre,9,13,21,34,2.1,6.1,7.6,rec,open-meteo,,,12.0,4.0,,,25.0,calibrated
bretagne,Octobre,10,10,17,39,2.8,4.6,4.4,mid,open-meteo,,,10.1,3.0,,,21.0,calibrated
bretagne,Novembre,11,6,13,45,2.8,3.3,4.1,mid,open-meteo,,,6.9,1.9,,,32.0,calibrated
bretagne,Décembre,12,5,10,42,2.8,2.6,1.0,avoid,open-meteo,,,5.6,1.3,,,30.0,calibrated
buenos-aires,Janvier,1,21,28,27,2.4,8.8,8.7,rec,open-meteo,26.5,8.7,17.5,8.8,0.69,3.8,24.0,observed
buenos-aires,Février,2,21,28,25,3.0,7.9,8.6,rec,open-meteo,25.9,8.6,17.3,8.0,0.72,3.9,23.0,observed
buenos-aires,Mars,3,19,25,29,4.5,7.0,8.1,rec,open-meteo,26.3,8.0,16.1,6.7,0.58,3.4,21.0,observed
buenos-aires,Avril,4,16,21,29,3.8,5.6,7.6,rec,open-meteo,20.1,5.9,13.8,4.2,0.69,3.8,17.0,observed
buenos-aires,Mai,5,11,17,23,2.9,5.1,7.3,rec,open-meteo,17.6,4.8,10.3,3.3,0.5,3.6,16.0,observed
buenos-aires,Juin,6,8,14,23,1.6,4.5,4.3,mid,open-meteo,14.2,4.0,7.9,2.8,0.51,3.4,21.0,observed
buenos-aires,Juillet,7,8,14,26,2.3,4.6,4.3,mid,open-meteo,12.3,4.0,7.2,3.4,0.36,3.5,27.0,observed
buenos-aires,Août,8,9,16,19,2.0,5.5,7.3,rec,open-meteo,12.6,4.1,8.0,3.7,0.7,4.0,19.0,observed
buenos-aires,Septembre,9,11,18,21,2.4,6.0,7.4,rec,open-meteo,14.4,4.6,9.4,6.0,0.54,3.7,23.0,observed
buenos-aires,Octobre,10,13,21,28,2.9,6.6,7.7,rec,open-meteo,18.4,5.8,11.1,7.0,0.58,3.6,23.0,observed
buenos-aires,Novembre,11,17,24,29,2.8,8.2,8.2,rec,open-meteo,21.9,7.0,13.6,8.2,0.76,4.0,24.0,observed
buenos-aires,Décembre,12,19,27,26,2.7,8.6,8.6,rec,open-meteo,25.4,8.5,15.1,8.8,0.58,3.5,25.0,observed
cancun,Janvier,1,22,26,45,2.6,7.0,7.9,rec,open-meteo,26.7,7.2,19.0,5.8,1.39,5.8,30.0,observed
cancun,Février,2,23,27,37,1.7,8.0,8.2,rec,open-meteo,26.8,7.8,19.3,6.7,1.11,5.4,37.0,observed
cancun,Mars,3,23,28,30,1.2,9.3,8.7,rec,open-meteo,26.5,8.1,20.1,8.0,1.25,5.4,33.0,observed
cancun,Avril,4,24,29,25,1.3,9.7,8.7,rec,open-meteo,27.0,8.3,21.4,8.6,1.3,5.5,36.0,observed
cancun,Mai,5,25,30,44,2.8,10.0,5.5,mid,open-meteo,27.0,8.4,22.7,9.0,1.13,5.3,31.0,observed
cancun,Juin,6,26,30,64,6.5,9.2,5.1,mid,open-meteo,28.3,7.9,24.1,7.8,1.43,5.9,29.0,observed
cancun,Juillet,7,26,31,53,3.1,10.0,5.3,mid,open-meteo,29.0,8.2,24.3,8.7,1.19,5.5,41.0,observed
cancun,Août,8,26,31,66,4.3,9.5,5.0,mid,open-meteo,28.3,8.3,24.5,8.5,0.77,5.3,30.0,observed
cancun,Septembre,9,25,31,75,6.0,8.7,4.8,mid,open-meteo,29.5,8.0,24.4,7.8,0.98,5.6,24.0,observed
cancun,Octobre,10,24,30,70,5.8,8.0,4.9,mid,open-meteo,29.5,7.8,23.1,6.7,1.35,5.9,29.0,observed
cancun,Novembre,11,23,28,52,3.6,7.8,8.0,rec,open-meteo,28.6,7.7,21.4,6.1,1.29,5.8,33.0,observed
cancun,Décembre,12,23,27,45,2.6,7.3,8.0,rec,open-meteo,27.5,7.4,20.3,5.2,1.4,5.7,35.0,observed
nice,Janvier,1,5,13,20,1.8,5.1,4.4,mid,open-meteo,14.9,4.0,2.7,2.1,0.74,4.8,20.0,observed
nice,Février,2,6,14,23,2.5,5.9,4.4,mid,open-meteo,14.0,3.9,4.2,2.8,0.71,5.2,25.0,observed
nice,Mars,3,8,15,23,2.6,7.0,4.5,mid,open-meteo,14.0,3.9,5.2,4.1,0.97,5.2,28.0,observed
nice,Avril,4,10,18,28,2.5,7.6,7.5,rec,open-meteo,15.4,4.7,8.2,5.7,0.73,4.5,30.0,observed
nice,Mai,5,14,21,31,2.0,8.7,7.9,rec,open-meteo,18.7,6.0,12.6,6.6,0.54,4.5,30.0,observed
nice,Juin,6,19,26,21,1.3,10.3,8.8,rec,open-meteo,23.2,8.0,16.9,7.1,0.59,4.3,31.0,observed
nice,Juillet,7,21,28,8,0.4,11.3,9.6,rec,open-meteo,26.5,9.2,18.8,7.3,0.35,4.2,35.0,observed
nice,Août,8,21,29,11,0.6,10.4,9.3,rec,open-meteo,26.0,9.2,18.0,6.6,0.3,4.0,36.0,observed
nice,Septembre,9,18,25,17,1.7,8.3,8.6,rec,open-meteo,24.3,7.8,14.6,4.8,0.68,4.4,28.0,observed
nice,Octobre,10,14,21,26,3.9,6.2,7.7,rec,open-meteo,21.8,6.2,12.3,3.5,0.76,4.5,22.0,observed
nice,Novembre,11,9,17,32,4.2,5.0,4.5,mid,open-meteo,18.4,4.6,7.2,2.3,0.72,4.9,24.0,observed
nice,Décembre,12,6,14,22,2.8,4.7,4.4,mid,open-meteo,16.3,4.2,4.4,2.0,0.65,4.6,20.0,observed
capri,Janvier,1,11,13,41,3.5,4.8,4.2,mid,open-meteo,16.7,3.4,6.2,2.4,1.37,5.8,28.0,calibrated
capri,Février,2,12,13,32,2.7,5.7,4.3,mid,open-meteo,14.9,3.5,6.9,3.7,1.26,6.1,33.0,calibrated
capri,Mars,3,12,14,37,2.5,6.3,4.3,mid,open-meteo,14.9,3.4,7.7,5.0,1.42,6.1,38.0,calibrated
capri,Avril,4,14,16,26,1.4,7.6,7.3,rec,open-meteo,15.7,4.2,10.1,6.5,1.03,5.5,40.0,calibrated
capri,Mai,5,17,19,25,1.6,8.2,7.7,rec,open-meteo,18.9,5.6,13.9,7.2,0.74,5.2,40.0,calibrated
capri,Juin,6,21,23,8,0.6,9.7,8.8,rec,open-meteo,24.1,7.8,18.1,7.7,0.69,4.8,40.0,calibrated
capri,Juillet,7,24,26,5,0.3,9.7,9.2,rec,open-meteo,27.4,8.9,20.8,7.8,0.59,4.4,41.0,calibrated
capri,Août,8,25,26,9,0.7,8.6,8.9,rec,open-meteo,25.6,8.6,20.8,7.3,0.5,4.2,41.0,calibrated
capri,Septembre,9,22,24,26,2.7,7.2,8.1,rec,open-meteo,24.8,7.3,17.3,5.8,1.1,5.1,36.0,calibrated
capri,Octobre,10,19,21,32,3.0,6.0,7.6,rec,open-meteo,24.0,6.5,14.8,4.3,0.87,5.5,32.0,calibrated
capri,Novembre,11,16,18,52,6.4,4.6,4.3,mid,open-meteo,20.1,4.5,11.4,3.0,1.15,5.1,31.0,calibrated
capri,Décembre,12,13,15,38,3.7,4.8,4.3,mid,open-meteo,17.8,3.6,8.0,2.4,1.45,5.8,28.0,calibrated
canaries,Janvier,1,14,20,5,0.2,7.1,8.1,rec,open-meteo,19.8,5.8,10.0,4.9,0.94,11.2,65.0,calibrated
canaries,Février,2,14,21,8,0.3,7.4,8.2,rec,open-meteo,18.6,5.5,10.3,6.0,1.24,10.3,66.0,calibrated
canaries,Mars,3,14,22,7,0.2,8.0,8.5,rec,open-meteo,19.2,6.0,10.9,7.2,1.16,9.9,42.0,calibrated
canaries,Avril,4,15,23,6,0.2,8.8,8.7,rec,open-meteo,19.7,6.6,11.8,8.2,0.95,8.2,44.0,calibrated
canaries,Mai,5,17,24,3,0.1,9.2,9.0,rec,open-meteo,21.5,7.2,13.1,8.4,0.95,6.4,37.0,calibrated
canaries,Juin,6,18,26,2,0.0,9.5,9.3,rec,open-meteo,23.4,8.0,14.9,8.7,0.86,6.0,31.0,calibrated
canaries,Juillet,7,20,28,0,0.0,9.3,9.6,rec,open-meteo,24.0,8.4,16.6,8.8,0.89,6.5,26.0,calibrated
canaries,Août,8,20,29,0,0.0,9.2,9.4,rec,open-meteo,23.6,8.5,17.3,8.5,0.97,6.7,30.0,calibrated
canaries,Septembre,9,20,27,2,0.2,8.5,9.3,rec,open-meteo,23.6,8.1,17.3,7.8,0.8,6.9,35.0,calibrated
canaries,Octobre,10,19,26,7,0.3,7.7,8.9,rec,open-meteo,23.6,7.7,16.0,6.5,0.94,9.0,31.0,calibrated
canaries,Novembre,11,17,23,6,0.3,7.2,8.5,rec,open-meteo,22.7,7.1,13.6,5.1,0.74,9.7,51.0,calibrated
canaries,Décembre,12,15,21,7,0.2,7.0,8.2,rec,open-meteo,21.2,6.2,11.5,4.4,0.98,8.7,68.0,calibrated
corfou,Janvier,1,9,13,47,6.5,3.8,4.1,mid,open-meteo,16.5,3.5,6.0,2.4,1.24,5.4,24.0,observed
corfou,Février,2,10,14,36,4.5,4.1,4.2,mid,open-meteo,15.7,3.8,6.9,3.7,1.1,5.4,28.0,observed
corfou,Mars,3,11,16,38,4.2,3.7,4.3,mid,open-meteo,15.6,3.7,8.1,4.8,1.16,5.3,33.0,observed
corfou,Avril,4,13,18,30,2.4,6.9,7.4,rec,open-meteo,16.3,4.8,10.8,6.7,0.84,5.1,34.0,observed
corfou,Mai,5,16,22,32,2.5,8.9,8.0,rec,open-meteo,18.9,6.1,14.5,7.2,0.69,4.7,40.0,observed
corfou,Juin,6,21,28,12,1.0,10.8,9.4,rec,open-meteo,24.0,8.5,18.2,7.9,0.68,4.7,36.0,observed
corfou,Juillet,7,24,32,5,0.3,11.8,6.3,mid,open-meteo,25.9,9.1,19.5,7.9,0.67,4.3,40.0,observed
corfou,Août,8,24,31,11,1.0,10.7,6.3,mid,open-meteo,25.8,9.1,20.0,7.4,0.57,3.9,39.0,observed
corfou,Septembre,9,21,27,30,2.9,8.6,8.5,rec,open-meteo,25.7,8.1,18.1,5.9,0.81,4.7,32.0,observed
corfou,Octobre,10,17,22,32,5.4,6.1,7.7,rec,open-meteo,24.8,6.9,15.4,4.3,0.84,4.9,28.0,observed
corfou,Novembre,11,14,18,53,12.1,4.5,4.3,mid,open-meteo,21.6,5.0,11.9,3.0,0.88,5.1,26.0,observed
corfou,Décembre,12,11,15,43,7.0,3.6,4.2,mid,open-meteo,18.1,3.8,8.2,2.2,1.23,5.5,25.0,observed
paris,Janvier,1,2,7,41,2.3,1.9,0.8,avoid,open-meteo,,,2.4,1.4,,,35.0,observed
paris,Février,2,3,10,39,1.9,3.0,4.1,mid,open-meteo,,,2.6,1.6,,,27.0,observed
paris,Mars,3,4,12,42,2.2,4.4,4.1,mid,open-meteo,,,3.8,3.4,,,30.0,observed
paris,Avril,4,6,15,34,1.7,5.9,4.4,mid,open-meteo,,,5.1,4.9,,,27.0,observed
paris,Mai,5,10,19,41,2.5,6.5,7.3,rec,open-meteo,,,8.9,5.7,,,26.0,observed
paris,Juin,6,14,23,40,2.5,6.8,7.7,rec,open-meteo,,,12.3,6.1,,,27.0,observed
paris,Juillet,7,15,25,31,1.9,7.2,8.1,rec,open-meteo,,,12.6,6.0,,,25.0,observed
paris,Août,8,15,25,31,2.0,6.9,8.1,rec,open-meteo,,,13.1,5.9,,,26.0,observed
paris,Septembre,9,13,22,32,2.0,5.8,7.7,rec,open-meteo,,,11.2,4.3,,,24.0,observed
paris,Octobre,10,10,16,40,2.3,3.8,4.3,mid,open-meteo,,,9.5,2.7,,,24.0,observed
paris,Novembre,11,6,11,43,2.3,2.3,1.0,avoid,open-meteo,,,5.9,1.7,,,41.0,observed
paris,Décembre,12,3,9,42,2.4,1.8,0.9,avoid,open-meteo,,,4.2,1.1,,,37.0,observed
agadir,Janvier,1,11,21,5,0.6,7.6,8.3,rec,open-meteo,17.9,5.2,7.0,4.6,1.5,11.1,35.0,observed
agadir,Février,2,12,21,11,1.2,8.0,8.2,rec,open-meteo,15.8,4.7,8.2,5.6,1.54,11.4,46.0,observed
agadir,Mars,3,13,21,13,0.8,8.6,8.2,rec,open-meteo,17.9,4.9,10.4,6.8,1.76,10.2,39.0,observed
agadir,Avril,4,15,22,5,0.3,9.1,8.7,rec,open-meteo,19.2,5.9,12.4,8.1,1.37,8.8,47.0,observed
agadir,Mai,5,16,23,4,0.2,9.6,8.9,rec,open-meteo,19.6,6.4,14.4,8.3,1.27,7.0,34.0,observed
agadir,Juin,6,17,25,0,0.0,8.9,9.1,rec,open-meteo,21.4,7.2,15.9,8.6,1.18,6.8,29.0,observed
agadir,Juillet,7,18,26,0,0.0,8.2,9.2,rec,open-meteo,22.3,7.7,17.3,8.3,1.03,6.0,43.0,observed
agadir,Août,8,19,26,0,0.0,8.0,9.1,rec,open-meteo,22.1,7.5,17.5,7.9,1.09,6.3,45.0,observed
agadir,Septembre,9,18,26,1,0.1,7.8,9.1,rec,open-meteo,22.2,7.6,17.4,7.2,0.92,7.0,44.0,observed
agadir,Octobre,10,17,24,6,0.6,7.8,8.7,rec,open-meteo,21.8,6.6,14.4,6.2,1.37,9.3,33.0,observed
agadir,Novembre,11,14,23,11,0.8,7.6,8.4,rec,open-meteo,19.7,6.3,11.0,4.9,0.99,9.8,43.0,observed
agadir,Décembre,12,12,21,9,1.0,7.2,8.2,rec,open-meteo,18.1,5.6,8.7,4.2,0.98,10.2,31.0,observed
algarve,Janvier,1,10,16,21,1.7,5.9,7.3,rec,open-meteo,16.4,4.0,8.1,3.1,1.16,8.3,28.0,observed
algarve,Février,2,11,17,25,1.7,6.1,7.3,rec,open-meteo,15.4,4.0,8.5,4.3,1.26,8.3,30.0,observed
algarve,Mars,3,11,18,36,2.8,7.8,7.4,rec,open-meteo,15.8,4.1,9.1,5.6,1.34,7.7,33.0,observed
algarve,Avril,4,13,19,32,1.6,8.5,7.6,rec,open-meteo,16.6,5.0,10.7,6.9,0.94,6.5,33.0,observed
algarve,Mai,5,14,23,16,0.8,9.8,8.6,rec,open-meteo,17.2,6.2,12.1,7.8,0.75,6.0,31.0,observed
algarve,Juin,6,17,25,10,0.3,10.9,9.1,rec,open-meteo,18.4,6.9,14.0,7.8,0.74,5.2,30.0,observed
algarve,Juillet,7,18,28,2,0.0,11.6,9.9,rec,open-meteo,17.4,7.4,15.2,8.1,0.7,5.7,28.0,observed
algarve,Août,8,19,29,0,0.0,11.1,9.8,rec,open-meteo,16.8,7.4,15.3,7.7,0.78,6.1,29.0,observed
algarve,Septembre,9,18,26,10,0.5,9.3,9.0,rec,open-meteo,17.6,6.7,15.1,6.4,0.7,5.9,30.0,observed
algarve,Octobre,10,17,24,24,1.9,7.3,8.2,rec,open-meteo,19.4,6.2,14.3,4.8,1.08,6.6,26.0,observed
algarve,Novembre,11,13,20,30,2.1,6.4,7.6,rec,open-meteo,17.1,4.9,11.7,3.4,1.03,6.6,28.0,observed
algarve,Décembre,12,11,17,29,2.1,5.1,4.5,mid,open-meteo,16.8,4.4,10.2,3.0,0.9,7.0,28.0,observed
alicante,Janvier,1,8,16,10,1.0,6.2,7.4,rec,open-meteo,14.9,4.3,4.6,3.0,0.76,5.8,25.0,observed
alicante,Février,2,9,17,12,0.4,6.8,7.5,rec,open-meteo,13.6,4.4,5.5,4.0,0.74,5.8,30.0,observed
alicante,Mars,3,11,18,25,2.2,7.6,7.5,rec,open-meteo,14.9,4.3,6.8,5.1,1.09,5.8,30.0,observed
alicante,Avril,4,13,20,21,1.3,8.6,7.9,rec,open-meteo,17.8,5.6,8.8,6.7,0.74,5.6,36.0,observed
alicante,Mai,5,16,23,14,0.9,9.7,8.6,rec,open-meteo,20.9,6.9,11.7,7.4,0.73,4.6,33.0,observed
alicante,Juin,6,20,27,7,0.5,10.7,9.4,rec,open-meteo,24.2,8.4,15.3,8.0,0.9,5.1,34.0,observed
alicante,Juillet,7,23,30,4,0.2,11.1,6.7,mid,open-meteo,28.6,9.6,18.7,8.1,0.72,4.8,34.0,observed
alicante,Août,8,24,30,6,0.4,10.3,6.5,mid,open-meteo,29.3,9.5,19.3,7.5,0.72,4.9,35.0,observed
alicante,Septembre,9,21,28,18,1.4,8.7,8.9,rec,open-meteo,27.1,8.7,17.1,6.2,0.83,4.9,33.0,observed
alicante,Octobre,10,18,24,18,1.3,7.4,8.3,rec,open-meteo,23.6,7.2,13.8,4.7,0.9,5.3,27.0,observed
alicante,Novembre,11,12,20,16,0.8,6.2,7.8,rec,open-meteo,16.1,5.1,8.7,3.5,0.8,5.4,28.0,observed
alicante,Décembre,12,10,17,13,1.0,5.6,7.4,rec,open-meteo,15.8,4.6,6.7,2.7,0.56,6.4,25.0,observed
amalfi,Janvier,1,6,13,45,4.1,4.8,4.1,mid,open-meteo,16.6,3.8,5.7,2.3,0.93,5.7,33.0,calibrated
amalfi,Février,2,7,15,39,3.7,5.7,4.3,mid,open-meteo,15.0,3.8,6.5,3.5,0.91,5.9,40.0,calibrated
amalfi,Mars,3,8,16,42,3.7,6.3,4.4,mid,open-meteo,14.8,3.7,7.5,4.8,1.05,5.7,39.0,calibrated
amalfi,Avril,4,10,19,38,2.3,7.2,7.4,rec,open-meteo,15.6,4.8,10.0,6.4,0.69,5.2,39.0,calibrated
amalfi,Mai,5,14,22,41,3.0,7.7,7.7,rec,open-meteo,19.0,6.1,14.0,7.1,0.5,4.9,37.0,calibrated
amalfi,Juin,6,19,28,18,1.1,9.3,9.0,rec,open-meteo,24.0,8.6,17.8,7.7,0.42,4.6,37.0,calibrated
amalfi,Juillet,7,22,30,15,0.7,9.4,6.1,mid,open-meteo,26.9,9.5,20.0,7.8,0.38,4.4,37.0,calibrated
amalfi,Août,8,22,31,22,1.1,8.4,5.8,mid,open-meteo,26.1,9.1,20.1,7.4,0.29,4.2,37.0,calibrated
amalfi,Septembre,9,19,27,32,4.4,7.2,8.3,rec,open-meteo,25.1,8.1,17.1,5.7,0.68,4.8,31.0,calibrated
amalfi,Octobre,10,15,22,34,3.6,6.1,7.7,rec,open-meteo,23.9,6.8,14.8,4.4,0.61,5.1,30.0,calibrated
amalfi,Novembre,11,12,18,53,7.8,4.7,4.3,mid,open-meteo,20.8,5.0,11.4,3.0,0.69,4.8,29.0,calibrated
amalfi,Décembre,12,8,15,37,4.6,4.9,4.3,mid,open-meteo,18.0,4.1,7.8,2.4,0.91,5.5,29.0,calibrated
amsterdam,Janvier,1,2,7,47,2.6,2.2,0.7,avoid,open-meteo,,,2.2,1.0,,,24.0,observed
amsterdam,Février,2,3,8,46,2.7,3.3,0.9,avoid,open-meteo,,,2.3,1.5,,,23.0,observed
amsterdam,Mars,3,3,10,40,2.0,4.7,4.1,mid,open-meteo,,,3.1,2.9,,,30.0,observed
amsterdam,Avril,4,6,13,38,2.0,6.6,4.3,mid,open-meteo,,,4.7,4.5,,,27.0,observed
amsterdam,Mai,5,9,17,35,2.1,7.4,7.3,rec,open-meteo,,,8.7,5.6,,,31.0,observed
amsterdam,Juin,6,13,20,41,2.6,7.2,7.4,rec,open-meteo,,,12.1,5.9,,,26.0,observed
amsterdam,Juillet,7,14,21,47,2.7,7.3,7.5,rec,open-meteo,,,13.4,5.7,,,25.0,observed
amsterdam,Août,8,14,21,43,2.3,6.6,7.5,rec,open-meteo,,,14.1,5.3,,,27.0,observed
amsterdam,Septembre,9,12,19,41,2.6,5.1,7.2,rec,open-meteo,,,12.0,3.9,,,27.0,observed
amsterdam,Octobre,10,10,15,50,3.4,3.8,4.1,mid,open-meteo,,,9.4,2.3,,,24.0,observed
amsterdam,Novembre,11,5,10,50,2.6,2.2,0.9,avoid,open-meteo,,,5.6,1.2,,,33.0,observed
amsterdam,Décembre,12,4,8,47,2.6,1.9,0.8,avoid,open-meteo,,,4.1,0.7,,,29.0,observed
bali,Janvier,1,24,29,90,10.3,5.0,4.5,mid,open-meteo,28.8,7.3,23.7,9.0,1.34,9.5,21.0,calibrated
bali,Février,2,24,29,92,11.8,5.1,4.4,mid,open-meteo,28.9,7.5,23.8,9.3,1.12,9.8,22.0,calibrated
bali,Mars,3,24,29,86,7.5,5.6,4.5,mid,open-meteo,29.0,7.3,24.0,8.6,1.5,10.4,27.0,calibrated
bali,Avril,4,24,29,74,5.1,6.2,4.7,mid,open-meteo,29.0,7.6,23.9,8.2,1.34,10.4,20.0,calibrated
bali,Mai,5,24,29,70,4.2,6.3,4.8,mid,open-meteo,29.0,7.6,23.3,7.4,1.42,10.8,23.0,calibrated
bali,Juin,6,24,28,65,3.6,6.4,5.0,mid,open-meteo,28.2,7.2,22.6,6.8,1.65,11.9,23.0,calibrated
bali,Juillet,7,23,27,59,2.9,6.7,7.6,rec,open-meteo,27.8,7.2,21.7,6.8,1.56,10.9,24.0,calibrated
bali,Août,8,23,27,64,2.0,6.5,7.5,rec,open-meteo,26.6,6.8,21.5,8.0,1.74,11.8,25.0,calibrated
bali,Septembre,9,23,28,64,3.2,6.8,5.0,mid,open-meteo,26.6,7.4,22.2,8.8,1.42,10.9,25.0,calibrated
bali,Octobre,10,24,29,66,3.7,7.0,4.9,mid,open-meteo,27.9,7.5,23.0,9.2,1.57,11.3,25.0,calibrated
bali,Novembre,11,24,30,83,7.4,6.1,4.6,mid,open-meteo,29.4,7.9,23.8,8.9,1.18,10.3,39.0,calibrated
bali,Décembre,12,24,29,87,9.2,5.6,4.5,mid,open-meteo,30.0,7.2,23.7,7.4,1.59,11.0,22.0,calibrated
bangkok,Janvier,1,23,32,13,0.8,7.0,5.6,mid,open-meteo,,,19.3,7.3,,,83.0,observed
bangkok,Février,2,24,33,22,1.2,7.6,5.2,mid,open-meteo,,,20.5,8.1,,,52.0,observed
bangkok,Mars,3,26,33,25,1.4,7.6,5.2,mid,open-meteo,,,23.3,8.9,,,47.0,observed
bangkok,Avril,4,27,35,39,2.8,7.6,4.6,mid,open-meteo,,,24.0,9.2,,,45.0,observed
bangkok,Mai,5,27,33,67,5.8,6.3,4.4,mid,open-meteo,,,24.6,8.1,,,43.0,observed
bangkok,Juin,6,26,32,79,5.1,5.3,4.4,mid,open-meteo,,,24.2,7.0,,,23.0,observed
bangkok,Juillet,7,26,31,84,6.7,4.5,4.4,mid,open-meteo,,,24.1,6.1,,,23.0,observed
bangkok,Août,8,25,32,84,6.2,4.2,4.3,mid,open-meteo,,,24.1,8.0,,,30.0,observed
bangkok,Septembre,9,25,31,90,9.9,4.3,4.3,mid,open-meteo,,,24.3,7.4,,,36.0,observed
bangkok,Octobre,10,24,31,73,7.9,5.1,4.6,mid,open-meteo,,,23.8,7.7,,,73.0,observed
bangkok,Novembre,11,24,31,35,2.7,6.5,5.3,mid,open-meteo,,,21.9,7.2,,,60.0,observed
bangkok,Décembre,12,23,31,13,0.6,6.9,5.8,mid,open-meteo,,,18.9,6.7,,,59.0,observed
barcelone,Janvier,1,4,14,14,1.4,4.4,4.4,mid,open-meteo,14.1,4.0,3.9,2.5,0.86,5.3,45.0,observed
barcelone,Février,2,6,15,22,1.3,5.8,4.5,mid,open-meteo,13.1,3.9,5.5,3.5,0.88,5.4,43.0,observed
barcelone,Mars,3,8,16,27,1.8,6.9,7.2,rec,open-meteo,14.0,3.7,7.0,4.6,1.16,5.4,39.0,observed
barcelone,Avril,4,10,18,29,2.4,7.6,7.4,rec,open-meteo,15.7,4.6,9.1,5.7,0.94,5.3,33.0,observed
barcelone,Mai,5,14,21,25,1.7,8.3,7.9,rec,open-meteo,18.6,6.0,12.7,7.2,0.65,4.9,30.0,observed
barcelone,Juin,6,18,26,19,1.1,8.9,8.7,rec,open-meteo,21.9,7.6,16.2,7.2,0.74,4.7,30.0,observed
barcelone,Juillet,7,21,28,17,1.2,9.6,9.1,rec,open-meteo,26.0,9.0,19.0,7.6,0.53,4.3,30.0,observed
barcelone,Août,8,22,29,21,1.5,8.8,8.7,rec,open-meteo,27.6,9.1,19.5,6.9,0.51,4.3,33.0,observed
barcelone,Septembre,9,18,25,38,3.3,7.4,8.0,rec,open-meteo,25.2,7.5,16.9,5.2,0.87,5.2,27.0,observed
barcelone,Octobre,10,15,22,32,3.4,5.7,7.7,rec,open-meteo,22.7,6.2,14.3,4.0,1.12,5.5,28.0,observed
barcelone,Novembre,11,9,17,26,1.8,4.5,4.5,mid,open-meteo,16.4,4.2,8.8,2.7,1.03,5.4,35.0,observed
barcelone,Décembre,12,6,15,17,1.3,3.8,4.4,mid,open-meteo,15.2,4.0,5.8,2.2,0.89,5.6,33.0,observed
berlin,Janvier,1,-1,4,43,1.9,1.7,0.7,avoid,open-meteo,,,-0.5,0.9,,,24.0,observed
berlin,Février,2,0,6,40,1.8,2.8,0.8,avoid,open-meteo,,,-0.3,1.5,,,23.0,observed
berlin,Mars,3,1,9,34,1.4,4.1,4.1,mid,open-meteo,,,0.9,3.2,,,31.0,observed
berlin,Avril,4,5,14,27,1.1,6.5,4.4,mid,open-meteo,,,3.3,4.4,,,28.0,observed
berlin,Mai,5,9,19,27,1.3,7.5,7.6,rec,open-meteo,,,7.3,5.6,,,29.0,observed
berlin,Juin,6,14,24,36,2.4,7.8,8.0,rec,open-meteo,,,11.3,6.0,,,28.0,observed
berlin,Juillet,7,15,24,37,2.4,7.5,7.9,rec,open-meteo,,,12.4,5.7,,,29.0,observed
berlin,Août,8,15,24,27,1.5,7.2,8.1,rec,open-meteo,,,13.0,5.4,,,29.0,observed
berlin,Septembre,9,12,20,24,1.3,5.6,7.6,rec,open-meteo,,,10.4,3.8,,,27.0,observed
berlin,Octobre,10,8,14,37,1.8,3.7,4.2,mid,open-meteo,,,7.9,2.3,,,23.0,observed
berlin,Novembre,11,3,8,34,1.5,1.9,1.0,avoid,open-meteo,,,3.7,1.2,,,30.0,observed
berlin,Décembre,12,1,5,39,1.6,1.5,0.7,avoid,open-meteo,,,1.5,0.7,,,28.0,observed
oman,Janvier,1,17,24,9,0.4,7.5,8.6,rec,open-meteo,24.1,7.7,12.1,5.6,0.56,5.7,62.0,calibrated
oman,Février,2,18,25,5,0.2,8.1,8.9,rec,open-meteo,23.5,7.7,12.9,6.5,0.82,5.3,72.0,calibrated
oman,Mars,3,21,29,5,0.3,8.4,9.2,rec,open-meteo,25.4,8.9,13.0,7.5,0.69,6.0,69.0,calibrated
oman,Avril,4,25,34,3,0.3,9.1,5.5,mid,open-meteo,27.0,8.9,12.8,8.0,0.49,6.7,73.0,calibrated
oman,Mai,5,29,38,1,0.0,9.3,3.3,avoid,open-meteo,30.2,8.5,14.4,8.5,0.36,6.9,68.0,calibrated
oman,Juin,6,30,39,0,0.0,9.4,3.0,avoid,open-meteo,32.3,7.8,18.9,8.4,0.51,6.1,73.0,calibrated
oman,Juillet,7,30,37,3,0.3,9.0,4.8,mid,open-meteo,31.2,8.1,22.3,8.1,0.74,6.3,95.0,calibrated
oman,Août,8,29,36,0,0.0,9.0,5.0,mid,open-meteo,30.9,8.4,21.7,8.2,0.77,5.6,75.0,calibrated
oman,Septembre,9,28,36,0,0.0,9.0,5.0,mid,open-meteo,30.8,8.5,19.6,8.0,0.65,6.0,60.0,calibrated
oman,Octobre,10,25,33,3,0.5,8.3,5.7,mid,open-meteo,31.2,8.8,17.3,6.9,0.51,7.6,46.0,calibrated
oman,Novembre,11,21,29,4,0.2,7.7,9.1,rec,open-meteo,28.6,9.2,15.5,5.9,0.35,7.4,48.0,calibrated
oman,Décembre,12,18,26,5,0.4,7.5,8.9,rec,open-meteo,26.3,8.4,13.5,5.3,0.64,5.2,55.0,calibrated
abu-dhabi,Janvier,1,15,24,5,0.5,8.0,8.8,rec,open-meteo,21.7,7.2,12.3,5.6,0.32,4.2,51.0,observed
abu-dhabi,Février,2,16,25,5,0.3,8.7,9.0,rec,open-meteo,21.2,7.4,12.0,6.5,0.46,4.6,60.0,observed
abu-dhabi,Mars,3,19,30,5,0.4,8.6,9.1,rec,open-meteo,23.8,8.8,13.1,7.7,0.38,3.9,72.0,observed
abu-dhabi,Avril,4,22,35,2,0.3,9.8,5.3,mid,open-meteo,25.4,8.5,13.6,8.3,0.27,3.2,76.0,observed
abu-dhabi,Mai,5,26,40,1,0.1,11.1,3.0,avoid,open-meteo,29.2,8.2,16.8,8.8,0.36,3.8,71.0,observed
abu-dhabi,Juin,6,28,42,0,0.0,11.4,2.9,avoid,open-meteo,32.6,7.3,20.8,9.0,0.29,3.4,84.0,observed
abu-dhabi,Juillet,7,31,43,1,0.0,10.6,2.7,avoid,open-meteo,34.6,6.0,22.0,8.8,0.33,4.2,109.0,observed
abu-dhabi,Août,8,30,43,1,0.0,10.4,2.7,avoid,open-meteo,35.1,5.9,21.8,8.7,0.32,3.1,109.0,observed
abu-dhabi,Septembre,9,28,41,0,0.0,10.2,2.7,avoid,open-meteo,34.5,6.9,21.7,8.2,0.3,3.7,88.0,observed
abu-dhabi,Octobre,10,25,36,1,0.0,9.8,5.1,mid,open-meteo,32.5,8.1,20.0,7.1,0.35,3.9,63.0,observed
abu-dhabi,Novembre,11,21,31,1,0.0,8.8,6.3,mid,open-meteo,28.2,9.2,16.5,5.9,0.26,4.1,58.0,observed
abu-dhabi,Décembre,12,17,27,4,0.2,8.2,9.2,rec,open-meteo,24.9,8.4,14.3,5.2,0.27,4.0,61.0,observed
tel-aviv,Janvier,1,10,17,39,4.0,6.2,4.5,mid,open-meteo,18.7,4.0,8.3,3.7,1.53,6.6,40.0,observed
tel-aviv,Février,2,10,18,32,3.1,7.1,7.4,rec,open-meteo,17.0,4.5,9.0,4.7,1.07,6.1,37.0,observed
tel-aviv,Mars,3,12,19,25,1.7,7.6,7.6,rec,open-meteo,18.3,5.0,10.3,6.2,1.19,6.1,43.0,observed
tel-aviv,Avril,4,14,23,11,1.1,9.0,8.6,rec,open-meteo,20.0,6.6,12.6,7.2,0.92,5.8,49.0,observed
tel-aviv,Mai,5,18,26,6,0.3,10.6,9.3,rec,open-meteo,22.5,7.7,15.3,7.7,1.02,5.7,44.0,observed
tel-aviv,Juin,6,21,29,2,0.1,11.9,9.8,rec,open-meteo,25.7,9.2,19.1,8.0,0.68,5.1,41.0,observed
tel-aviv,Juillet,7,24,31,1,0.0,11.9,6.7,mid,open-meteo,29.0,9.4,21.7,8.0,0.85,5.5,36.0,observed
tel-aviv,Août,8,24,31,1,0.0,11.5,6.7,mid,open-meteo,30.3,9.4,22.1,7.7,0.74,5.3,35.0,observed
tel-aviv,Septembre,9,23,30,2,0.1,10.0,6.6,mid,open-meteo,29.4,9.4,20.6,6.8,0.87,5.6,34.0,observed
tel-aviv,Octobre,10,20,28,10,0.4,9.0,9.2,rec,open-meteo,27.6,8.7,17.6,5.6,0.95,5.9,34.0,observed
tel-aviv,Novembre,11,16,24,23,1.8,7.8,8.3,rec,open-meteo,24.7,7.2,12.8,4.1,1.07,5.6,38.0,observed
tel-aviv,Décembre,12,12,20,36,3.6,6.1,7.4,rec,open-meteo,21.6,5.4,9.9,3.6,1.19,6.5,41.0,observed
senegal,Janvier,1,19,34,0,0.0,8.2,5.5,mid,open-meteo,,,-0.9,6.5,,,125.0,calibrated
senegal,Février,2,21,36,0,0.0,8.6,5.0,mid,open-meteo,,,-1.3,7.4,,,153.0,calibrated
senegal,Mars,3,23,39,0,0.0,8.9,6.1,avoid,open-meteo,,,0.9,8.3,,,101.0,calibrated
senegal,Avril,4,25,41,0,0.0,9.3,5.7,avoid,open-meteo,,,5.4,8.7,,,122.0,calibrated
senegal,Mai,5,26,40,2,0.1,9.2,5.8,avoid,open-meteo,,,10.3,8.5,,,105.0,calibrated
senegal,Juin,6,26,38,11,0.7,8.8,5.9,avoid,open-meteo,,,17.2,8.0,,,87.0,calibrated
senegal,Juillet,7,25,34,38,3.8,7.1,4.7,mid,open-meteo,,,22.0,7.5,,,46.0,calibrated
senegal,Août,8,24,32,58,5.6,6.0,4.7,mid,open-meteo,,,23.0,7.2,,,27.0,calibrated
senegal,Septembre,9,24,32,48,4.7,6.8,4.9,mid,open-meteo,,,23.5,7.2,,,26.0,calibrated
senegal,Octobre,10,25,36,15,1.1,8.2,4.7,mid,open-meteo,,,20.3,7.0,,,42.0,calibrated
senegal,Novembre,11,22,37,0,0.0,8.6,4.8,mid,open-meteo,,,9.0,6.6,,,67.0,calibrated
senegal,Décembre,12,20,35,1,0.1,8.2,5.2,mid,open-meteo,,,2.4,5.8,,,180.0,calibrated
cap-vert,Janvier,1,20,26,1,0.0,6.9,8.9,rec,open-meteo,24.3,7.8,16.1,6.9,1.18,11.4,69.0,observed
cap-vert,Février,2,20,25,2,0.1,6.5,8.7,rec,open-meteo,23.2,7.4,15.3,8.1,1.15,10.1,87.0,observed
cap-vert,Mars,3,19,25,0,0.0,6.4,8.8,rec,open-meteo,24.2,7.5,15.5,9.1,1.28,9.1,65.0,observed
cap-vert,Avril,4,20,26,1,0.0,6.6,8.9,rec,open-meteo,25.4,8.0,16.3,9.4,1.21,10.5,56.0,observed
cap-vert,Mai,5,21,27,0,0.0,6.3,9.0,rec,open-meteo,25.0,8.1,17.4,9.2,1.3,11.0,53.0,observed
cap-vert,Juin,6,22,28,1,0.0,5.8,9.0,rec,open-meteo,26.1,8.5,18.9,9.0,1.22,9.5,55.0,observed
cap-vert,Juillet,7,22,28,8,0.2,5.3,8.7,rec,open-meteo,27.8,8.3,20.6,8.5,1.43,10.5,76.0,observed
cap-vert,Août,8,24,29,35,1.9,5.2,5.3,mid,open-meteo,28.7,8.1,22.1,8.5,1.47,10.4,60.0,observed
cap-vert,Septembre,9,24,29,36,3.7,5.5,5.3,mid,open-meteo,29.0,8.2,22.9,7.9,1.3,9.4,40.0,observed
cap-vert,Octobre,10,24,30,9,0.7,6.0,5.9,mid,open-meteo,29.3,8.8,21.8,8.1,1.29,10.0,60.0,observed
cap-vert,Novembre,11,23,28,2,0.2,6.2,9.0,rec,open-meteo,27.4,8.6,19.7,7.2,1.12,10.2,45.0,observed
cap-vert,Décembre,12,21,26,3,0.3,6.5,8.8,rec,open-meteo,26.3,8.1,17.4,6.6,1.2,9.1,76.0,observed
namibie,Janvier,1,18,31,28,2.8,8.5,8.3,rec,open-meteo,,,8.3,9.5,,,27.0,calibrated
namibie,Février,2,18,30,33,2.3,7.9,8.2,rec,open-meteo,,,9.1,9.2,,,23.0,calibrated
namibie,Mars,3,16,28,25,1.6,8.1,8.6,rec,open-meteo,,,8.7,8.7,,,22.0,calibrated
namibie,Avril,4,14,26,10,0.5,8.2,8.9,rec,open-meteo,,,5.7,7.6,,,22.0,calibrated
namibie,Mai,5,11,24,1,0.0,8.1,8.9,rec,open-meteo,,,-0.1,6.4,,,25.0,calibrated
namibie,Juin,6,8,22,0,0.0,7.9,8.7,rec,open-meteo,,,-4.0,5.7,,,23.0,calibrated
namibie,Juillet,7,8,22,0,0.0,7.9,8.7,rec,open-meteo,,,-6.2,6.0,,,31.0,calibrated
namibie,Août,8,10,25,0,0.0,8.5,9.1,rec,open-meteo,,,-7.4,7.1,,,31.0,calibrated
namibie,Septembre,9,13,29,2,0.0,8.8,9.3,rec,open-meteo,,,-6.4,8.5,,,34.0,calibrated
namibie,Octobre,10,16,31,6,0.3,9.0,9.0,rec,open-meteo,,,-3.6,9.6,,,34.0,calibrated
namibie,Novembre,11,17,32,10,0.5,9.4,8.6,rec,open-meteo,,,0.1,10.0,,,30.0,calibrated
namibie,Décembre,12,18,32,25,1.5,8.8,8.1,rec,open-meteo,,,4.8,10.1,,,29.0,calibrated
tanzanie,Janvier,1,19,28,57,5.1,7.2,7.8,rec,open-meteo,,,17.1,7.3,,,31.0,calibrated
tanzanie,Février,2,19,29,38,3.7,8.1,8.2,rec,open-meteo,,,16.8,9.0,,,19.0,calibrated
tanzanie,Mars,3,19,29,45,3.7,7.6,8.0,rec,open-meteo,,,17.2,9.0,,,15.0,calibrated
tanzanie,Avril,4,19,28,47,2.6,7.3,8.0,rec,open-meteo,,,16.9,8.3,,,12.0,calibrated
tanzanie,Mai,5,17,28,14,0.5,8.5,9.0,rec,open-meteo,,,14.1,8.0,,,17.0,calibrated
tanzanie,Juin,6,16,27,1,0.0,9.0,9.4,rec,open-meteo,,,11.0,7.6,,,20.0,calibrated
tanzanie,Juillet,7,15,27,1,0.0,9.1,9.4,rec,open-meteo,,,10.1,8.0,,,26.0,calibrated
tanzanie,Août,8,16,28,0,0.0,9.2,9.6,rec,open-meteo,,,10.7,8.8,,,26.0,calibrated
tanzanie,Septembre,9,17,30,0,0.0,9.3,9.3,rec,open-meteo,,,11.4,9.4,,,28.0,calibrated
tanzanie,Octobre,10,18,31,6,0.2,9.3,9.0,rec,open-meteo,,,12.7,9.5,,,26.0,calibrated
tanzanie,Novembre,11,19,32,17,1.0,9.0,8.4,rec,open-meteo,,,14.4,9.4,,,23.0,calibrated
tanzanie,Décembre,12,19,30,42,3.8,8.1,5.4,mid,open-meteo,,,16.0,9.1,,,22.0,calibrated
krabi,Janvier,1,22,31,46,2.9,6.4,5.1,mid,open-meteo,28.8,8.7,22.0,7.7,0.15,4.4,31.0,observed
krabi,Février,2,22,33,31,1.9,7.6,5.1,mid,open-meteo,29.2,8.6,21.1,8.4,0.2,3.6,29.0,observed
krabi,Mars,3,23,34,42,2.7,6.5,4.6,mid,open-meteo,29.7,8.4,22.1,9.0,0.15,3.9,30.0,observed
krabi,Avril,4,24,33,75,6.4,6.1,4.3,mid,open-meteo,31.1,7.8,23.8,8.9,0.19,4.2,29.0,observed
krabi,Mai,5,24,31,90,9.7,5.0,4.4,mid,open-meteo,31.5,7.6,24.7,7.9,0.17,4.8,28.0,observed
krabi,Juin,6,24,30,75,7.1,5.0,4.6,mid,open-meteo,30.5,8.3,24.3,7.3,0.33,4.4,23.0,observed
krabi,Juillet,7,24,30,75,7.0,5.0,4.6,mid,open-meteo,30.0,8.4,24.1,7.0,0.27,4.8,29.0,observed
krabi,Août,8,24,30,75,7.7,4.9,4.6,mid,open-meteo,29.9,8.4,24.0,7.9,0.26,4.6,20.0,observed
krabi,Septembre,9,24,30,83,9.4,4.8,4.5,mid,open-meteo,30.1,8.1,23.9,7.2,0.39,5.1,19.0,observed
krabi,Octobre,10,23,30,92,10.8,3.5,4.3,mid,open-meteo,30.4,7.9,23.9,7.6,0.2,4.4,20.0,observed
krabi,Novembre,11,23,30,85,10.1,4.6,4.4,mid,open-meteo,30.1,8.0,23.7,6.0,0.1,5.3,27.0,observed
krabi,Décembre,12,22,30,59,5.3,5.8,4.9,mid,open-meteo,29.2,8.6,22.7,6.5,0.1,5.8,31.0,observed
koh-lanta,Janvier,1,25,31,36,2.4,7.6,5.4,mid,open-meteo,28.6,8.8,22.3,7.8,0.46,11.6,29.0,calibrated
koh-lanta,Février,2,25,32,23,1.0,8.1,5.5,mid,open-meteo,28.9,8.9,21.6,8.8,0.41,10.8,26.0,calibrated
koh-lanta,Mars,3,26,32,33,1.8,7.8,5.2,mid,open-meteo,29.3,8.8,22.8,9.2,0.32,11.5,28.0,calibrated
koh-lanta,Avril,4,26,31,69,4.3,6.5,4.7,mid,open-meteo,30.5,8.3,24.2,9.1,0.33,12.3,27.0,calibrated
koh-lanta,Mai,5,26,30,87,8.3,5.2,4.5,mid,open-meteo,31.0,8.0,24.9,7.8,0.37,10.7,26.0,calibrated
koh-lanta,Juin,6,26,30,76,7.9,5.9,4.6,mid,open-meteo,30.5,8.2,24.5,7.3,0.6,8.2,24.0,calibrated
koh-lanta,Juillet,7,26,30,73,6.6,5.9,4.7,mid,open-meteo,30.0,8.4,24.3,7.1,0.51,6.8,32.0,calibrated
koh-lanta,Août,8,26,29,82,8.1,5.7,4.6,mid,open-meteo,30.0,8.1,24.2,7.7,0.52,10.0,21.0,calibrated
koh-lanta,Septembre,9,26,29,84,10.8,5.4,4.6,mid,open-meteo,30.0,7.9,24.1,7.1,0.81,7.7,20.0,calibrated
koh-lanta,Octobre,10,25,29,87,10.7,4.9,4.5,mid,open-meteo,30.1,7.9,24.1,7.6,0.48,8.0,20.0,calibrated
koh-lanta,Novembre,11,25,29,86,8.1,4.8,4.5,mid,open-meteo,29.9,7.9,23.9,6.5,0.39,10.4,26.0,calibrated
koh-lanta,Décembre,12,25,30,51,4.1,7.0,5.1,mid,open-meteo,28.9,8.8,23.0,6.7,0.42,11.2,30.0,calibrated
baie-halong,Janvier,1,16,20,28,1.5,5.2,7.5,rec,open-meteo,17.8,5.1,13.2,3.8,0.52,4.1,50.0,calibrated
baie-halong,Février,2,16,21,29,1.7,4.6,7.5,rec,open-meteo,18.0,5.1,14.3,3.8,0.53,4.4,41.0,calibrated
baie-halong,Mars,3,19,24,34,1.4,4.8,7.7,rec,open-meteo,22.2,6.5,18.6,4.7,0.44,4.1,56.0,calibrated
baie-halong,Avril,4,22,26,41,2.7,6.2,7.9,rec,open-meteo,25.0,7.6,21.3,7.1,0.66,5.0,55.0,calibrated
baie-halong,Mai,5,25,29,63,5.8,6.2,4.9,mid,open-meteo,28.8,8.4,24.5,8.0,0.49,4.0,52.0,calibrated
baie-halong,Juin,6,27,31,77,8.8,5.4,4.5,mid,open-meteo,31.5,7.8,26.2,7.5,0.58,4.5,39.0,calibrated
baie-halong,Juillet,7,27,31,80,10.4,5.6,4.5,mid,open-meteo,32.1,7.6,26.0,7.5,0.64,4.8,37.0,calibrated
baie-halong,Août,8,26,30,87,14.3,4.4,4.4,mid,open-meteo,31.7,7.7,25.9,8.1,0.45,4.2,48.0,calibrated
baie-halong,Septembre,9,26,30,72,10.4,5.6,4.7,mid,open-meteo,30.5,8.3,24.7,6.9,0.5,5.0,51.0,calibrated
baie-halong,Octobre,10,23,28,38,4.8,6.8,8.2,rec,open-meteo,28.2,8.5,20.3,6.9,0.45,3.9,49.0,calibrated
baie-halong,Novembre,11,20,26,25,1.3,7.0,8.3,rec,open-meteo,25.2,8.0,17.8,5.8,0.46,4.1,53.0,calibrated
baie-halong,Décembre,12,16,22,15,0.6,6.5,8.1,rec,open-meteo,20.5,6.3,12.1,4.3,0.55,4.1,63.0,calibrated
da-nang,Janvier,1,20,24,65,5.3,4.3,4.6,mid,open-meteo,23.1,6.1,19.5,5.4,1.14,5.9,40.0,observed
da-nang,Février,2,20,24,49,2.9,5.2,7.5,rec,open-meteo,23.4,6.7,19.8,7.1,0.88,5.5,38.0,observed
da-nang,Mars,3,23,27,33,2.0,5.9,5.4,mid,open-meteo,24.1,7.7,22.2,8.3,0.88,5.8,49.0,observed
da-nang,Avril,4,25,29,25,2.4,7.0,5.7,mid,open-meteo,26.3,8.7,23.8,9.0,0.76,4.6,53.0,observed
da-nang,Mai,5,26,32,43,2.5,8.0,5.1,mid,open-meteo,28.5,8.6,25.1,8.4,0.56,6.3,51.0,observed
da-nang,Juin,6,27,34,37,3.2,8.1,4.8,mid,open-meteo,30.8,8.4,25.0,8.2,0.41,4.5,62.0,observed
da-nang,Juillet,7,27,33,52,3.8,7.9,4.7,mid,open-meteo,30.1,8.5,24.7,7.7,0.48,5.2,52.0,observed
da-nang,Août,8,27,33,52,4.3,6.9,4.7,mid,open-meteo,31.1,8.2,24.6,8.7,0.27,6.3,65.0,observed
da-nang,Septembre,9,26,30,74,8.5,5.9,4.7,mid,open-meteo,31.1,8.2,24.7,7.0,0.54,7.6,44.0,observed
da-nang,Octobre,10,24,28,86,15.8,4.6,4.5,mid,open-meteo,29.5,7.2,23.4,6.7,1.28,6.8,45.0,observed
da-nang,Novembre,11,23,27,81,12.1,3.9,4.5,mid,open-meteo,27.8,6.8,22.4,5.2,1.48,7.3,46.0,observed
da-nang,Décembre,12,21,24,84,10.9,3.1,4.3,mid,open-meteo,25.4,5.5,20.1,2.9,1.64,7.0,50.0,observed
phu-quoc,Janvier,1,24,29,33,1.9,8.0,8.3,rec,open-meteo,28.0,8.8,21.4,7.7,0.46,3.4,47.0,observed
phu-quoc,Février,2,24,30,36,1.5,8.2,5.5,mid,open-meteo,28.8,9.0,21.6,8.4,0.5,3.3,37.0,observed
phu-quoc,Mars,3,25,31,48,2.0,8.3,5.2,mid,open-meteo,29.4,8.7,22.8,9.0,0.5,3.2,39.0,observed
phu-quoc,Avril,4,25,31,67,4.9,8.2,4.9,mid,open-meteo,31.2,8.2,24.1,9.0,0.32,2.8,28.0,observed
phu-quoc,Mai,5,26,30,89,11.7,6.3,4.5,mid,open-meteo,31.6,7.8,24.9,8.2,0.31,3.5,28.0,observed
phu-quoc,Juin,6,25,29,94,13.0,4.9,4.4,mid,open-meteo,30.1,7.7,24.6,7.4,0.77,4.2,21.0,observed
phu-quoc,Juillet,7,24,28,97,15.4,4.7,4.4,mid,open-meteo,29.5,7.4,24.4,6.2,0.79,4.5,24.0,observed
phu-quoc,Août,8,24,28,97,13.5,4.4,4.4,mid,open-meteo,29.5,7.6,24.3,8.6,0.58,4.2,21.0,observed
phu-quoc,Septembre,9,24,28,96,16.4,4.6,4.4,mid,open-meteo,29.3,7.2,24.2,6.9,1.0,4.4,21.0,observed
phu-quoc,Octobre,10,24,29,91,13.7,5.5,4.5,mid,open-meteo,30.1,7.9,24.1,7.9,0.42,3.6,30.0,observed
phu-quoc,Novembre,11,24,30,66,6.0,7.0,4.9,mid,open-meteo,30.1,8.6,23.3,7.5,0.44,3.3,37.0,observed
phu-quoc,Décembre,12,24,30,37,2.2,7.7,5.5,mid,open-meteo,29.4,9.0,21.4,6.5,0.49,3.4,36.0,observed
lombok,Janvier,1,23,28,85,7.6,4.6,4.5,mid,open-meteo,,,22.3,8.9,0.51,10.0,27.0,calibrated
lombok,Février,2,23,29,84,8.6,4.9,4.5,mid,open-meteo,,,22.4,9.2,0.4,9.8,30.0,calibrated
lombok,Mars,3,23,29,82,7.0,5.2,4.6,mid,open-meteo,,,22.5,8.0,0.61,10.3,33.0,calibrated
lombok,Avril,4,23,29,71,5.2,6.4,4.8,mid,open-meteo,,,22.3,8.0,0.35,11.8,23.0,calibrated
lombok,Mai,5,23,30,51,3.4,7.2,5.1,mid,open-meteo,,,21.7,7.4,0.37,12.3,24.0,calibrated
lombok,Juin,6,22,29,49,2.8,7.1,7.9,rec,open-meteo,,,21.1,6.8,0.45,12.4,24.0,calibrated
lombok,Juillet,7,22,28,44,2.8,7.2,8.1,rec,open-meteo,,,20.1,6.9,0.41,11.8,24.0,calibrated
lombok,Août,8,21,29,40,2.4,7.5,8.1,rec,open-meteo,,,19.9,8.0,0.53,12.2,24.0,calibrated
lombok,Septembre,9,22,30,61,3.9,7.0,4.9,mid,open-meteo,,,20.6,8.9,0.44,11.5,25.0,calibrated
lombok,Octobre,10,23,30,69,6.0,6.8,4.8,mid,open-meteo,,,21.4,9.3,0.5,11.9,26.0,calibrated
lombok,Novembre,11,23,30,91,10.9,5.4,4.4,mid,open-meteo,,,22.6,8.5,0.34,11.1,65.0,calibrated
lombok,Décembre,12,23,29,90,10.3,4.7,4.4,mid,open-meteo,,,22.7,7.2,0.6,11.1,41.0,calibrated
java,Janvier,1,23,30,92,10.4,4.0,4.3,mid,open-meteo,29.2,7.1,23.1,8.4,,,29.0,calibrated
java,Février,2,23,30,95,12.3,3.8,4.3,mid,open-meteo,28.9,7.1,23.3,9.2,,,37.0,calibrated
java,Mars,3,23,30,92,10.1,4.3,4.4,mid,open-meteo,29.9,7.2,23.3,8.2,,,36.0,calibrated
java,Avril,4,23,30,88,8.1,5.1,4.4,mid,open-meteo,29.9,7.4,23.5,7.8,,,29.0,calibrated
java,Mai,5,23,31,63,5.2,6.5,4.8,mid,open-meteo,28.9,7.9,22.8,7.4,,,27.0,calibrated
java,Juin,6,22,31,54,4.8,6.9,5.0,mid,open-meteo,27.1,8.0,21.9,6.7,,,30.0,calibrated
java,Juillet,7,22,30,33,1.6,7.7,5.5,mid,open-meteo,26.0,8.4,20.6,7.0,,,26.0,calibrated
java,Août,8,21,31,35,1.7,7.7,5.4,mid,open-meteo,24.3,7.7,20.2,7.9,,,23.0,calibrated
java,Septembre,9,22,31,54,3.7,6.9,5.0,mid,open-meteo,24.2,7.3,20.8,8.5,,,29.0,calibrated
java,Octobre,10,23,31,76,6.7,5.8,4.6,mid,open-meteo,25.1,7.0,21.9,8.3,,,27.0,calibrated
java,Novembre,11,23,30,92,13.2,4.1,4.3,mid,open-meteo,27.5,7.1,23.1,8.5,,,63.0,calibrated
java,Décembre,12,23,30,89,9.4,4.2,4.4,mid,open-meteo,28.9,7.2,23.1,7.7,,,67.0,calibrated
ubud,Janvier,1,22,29,92,10.8,4.5,4.4,mid,open-meteo,28.8,7.5,23.7,8.6,0.94,9.6,27.0,calibrated
ubud,Février,2,22,29,93,11.1,4.7,4.4,mid,open-meteo,28.9,7.6,23.8,9.0,0.81,10.2,26.0,calibrated
ubud,Mars,3,22,29,87,8.0,5.3,4.5,mid,open-meteo,28.8,7.6,24.0,8.2,1.02,11.1,31.0,calibrated
ubud,Avril,4,22,29,76,5.0,6.2,4.7,mid,open-meteo,29.4,7.9,23.9,7.9,1.04,9.5,25.0,calibrated
ubud,Mai,5,22,29,67,4.2,6.4,4.9,mid,open-meteo,29.5,8.0,23.3,7.1,1.1,9.5,27.0,calibrated
ubud,Juin,6,22,28,69,3.7,6.3,4.9,mid,open-meteo,28.6,7.6,22.6,6.4,1.22,11.5,25.0,calibrated
ubud,Juillet,7,21,26,81,4.8,5.7,4.6,mid,open-meteo,28.1,7.0,21.7,6.6,1.23,9.2,25.0,calibrated
ubud,Août,8,21,27,73,4.2,6.2,7.4,rec,open-meteo,26.9,7.2,21.5,8.0,1.32,11.3,27.0,calibrated
ubud,Septembre,9,21,28,74,4.2,6.2,4.8,mid,open-meteo,27.2,7.6,22.2,8.8,1.07,10.7,28.0,calibrated
ubud,Octobre,10,22,29,71,4.9,6.7,4.8,mid,open-meteo,28.3,7.9,23.0,9.2,1.16,11.2,26.0,calibrated
ubud,Novembre,11,22,29,89,8.8,5.4,4.5,mid,open-meteo,29.9,7.8,23.8,8.7,0.9,10.8,53.0,calibrated
ubud,Décembre,12,23,29,91,10.2,5.0,4.4,mid,open-meteo,30.1,7.5,23.7,7.2,1.1,11.4,40.0,calibrated
osaka,Janvier,1,1,9,20,1.6,4.7,4.2,mid,open-meteo,8.5,4.1,0.3,3.1,0.34,4.3,35.0,observed
osaka,Février,2,1,9,24,2.2,5.0,4.2,mid,open-meteo,8.0,4.1,0.6,3.7,0.32,5.1,33.0,observed
osaka,Mars,3,4,13,34,3.5,5.6,4.2,mid,open-meteo,11.4,4.0,4.2,4.8,0.37,5.3,45.0,observed
osaka,Avril,4,10,19,33,4.9,6.4,7.4,rec,open-meteo,15.1,4.8,9.0,5.5,0.23,4.9,54.0,observed
osaka,Mai,5,15,23,37,6.1,6.6,7.8,rec,open-meteo,19.3,6.3,13.5,6.0,0.3,5.4,46.0,observed
osaka,Juin,6,19,27,47,7.9,5.1,7.7,rec,open-meteo,23.1,7.4,18.0,6.7,0.28,5.0,56.0,observed
osaka,Juillet,7,24,31,52,7.8,5.9,4.9,mid,open-meteo,28.0,8.6,23.0,7.2,0.39,4.3,42.0,observed
osaka,Août,8,26,33,43,5.2,7.2,4.8,mid,open-meteo,29.6,8.6,23.3,7.4,0.21,5.0,44.0,observed
osaka,Septembre,9,22,29,49,7.1,5.4,7.7,rec,open-meteo,28.7,8.5,20.2,6.3,0.27,5.1,44.0,observed
osaka,Octobre,10,15,23,36,6.2,5.4,7.7,rec,open-meteo,22.7,6.8,13.8,4.5,0.22,6.0,33.0,observed
osaka,Novembre,11,8,17,24,2.5,5.1,7.3,rec,open-meteo,17.3,4.8,8.5,3.5,0.26,5.8,36.0,observed
osaka,Décembre,12,3,11,21,1.8,4.9,4.3,mid,open-meteo,11.9,4.1,2.7,3.2,0.38,4.4,36.0,observed
pekin,Janvier,1,-6,2,2,0.1,6.1,4.3,mid,open-meteo,,,-16.5,2.5,,,135.0,observed
pekin,Février,2,-5,6,6,0.2,6.7,4.3,mid,open-meteo,,,-12.9,3.3,,,125.0,observed
pekin,Mars,3,1,15,9,0.3,7.5,7.4,rec,open-meteo,,,-6.5,5.0,,,93.0,observed
pekin,Avril,4,8,22,10,0.6,8.1,8.4,rec,open-meteo,,,-1.1,5.8,,,85.0,observed
pekin,Mai,5,15,28,15,1.0,8.6,9.0,rec,open-meteo,,,6.0,6.8,,,78.0,observed
pekin,Juin,6,20,33,20,2.0,7.4,7.9,rec,open-meteo,,,13.0,7.2,,,81.0,observed
pekin,Juillet,7,23,32,48,7.8,6.1,4.8,mid,open-meteo,,,20.5,6.7,,,96.0,observed
pekin,Août,8,22,30,38,5.4,6.6,5.3,mid,open-meteo,,,20.2,6.2,,,102.0,observed
pekin,Septembre,9,17,27,18,1.7,6.9,8.6,rec,open-meteo,,,13.5,5.1,,,94.0,observed
pekin,Octobre,10,8,18,15,1.2,6.4,7.6,rec,open-meteo,,,4.0,3.9,,,108.0,observed
pekin,Novembre,11,0,11,7,0.5,5.8,4.4,mid,open-meteo,,,-4.6,2.8,,,132.0,observed
pekin,Décembre,12,-6,3,3,0.1,5.7,4.3,mid,open-meteo,,,-14.5,2.3,,,129.0,observed
shanghai,Janvier,1,2,9,26,2.1,3.7,4.1,mid,open-meteo,,,1.1,3.7,,,102.0,observed
shanghai,Février,2,3,10,31,2.2,4.2,4.1,mid,open-meteo,,,2.2,3.6,,,76.0,observed
shanghai,Mars,3,7,15,33,2.6,4.1,4.3,mid,open-meteo,,,6.5,5.6,,,79.0,observed
shanghai,Avril,4,12,20,32,3.4,5.0,7.4,rec,open-meteo,,,11.0,5.5,,,65.0,observed
shanghai,Mai,5,16,25,37,4.1,5.5,7.8,rec,open-meteo,,,15.7,6.7,,,65.0,observed
shanghai,Juin,6,21,28,57,8.1,4.4,7.6,rec,open-meteo,,,20.7,6.1,,,67.0,observed
shanghai,Juillet,7,26,32,59,7.1,6.2,4.7,mid,open-meteo,,,24.6,7.4,,,75.0,observed
shanghai,Août,8,26,32,48,4.0,6.0,4.8,mid,open-meteo,,,24.3,8.1,,,83.0,observed
shanghai,Septembre,9,22,28,48,6.1,5.6,7.8,rec,open-meteo,,,20.7,6.2,,,55.0,observed
shanghai,Octobre,10,16,22,25,2.5,5.2,7.8,rec,open-meteo,,,14.6,4.3,,,55.0,observed
shanghai,Novembre,11,10,18,28,2.3,4.4,7.3,rec,open-meteo,,,9.7,3.8,,,66.0,observed
shanghai,Décembre,12,4,11,20,1.3,4.1,4.2,mid,open-meteo,,,2.6,3.5,,,111.0,observed
palawan,Janvier,1,22,26,67,4.4,6.2,7.4,rec,open-meteo,28.2,7.0,21.1,7.0,1.42,7.1,30.0,calibrated
palawan,Février,2,21,27,57,3.1,6.7,7.7,rec,open-meteo,27.1,7.8,20.5,8.0,0.99,6.3,28.0,calibrated
palawan,Mars,3,22,28,55,3.0,7.1,7.8,rec,open-meteo,27.1,8.1,20.7,8.9,0.88,6.3,29.0,calibrated
palawan,Avril,4,22,29,71,3.3,6.7,7.5,rec,open-meteo,29.3,8.4,21.5,8.8,0.44,5.5,26.0,calibrated
palawan,Mai,5,22,28,92,7.2,5.7,4.5,mid,open-meteo,30.2,7.9,22.6,7.4,0.54,6.3,26.0,calibrated
palawan,Juin,6,22,28,93,10.3,4.5,4.4,mid,open-meteo,29.9,7.6,22.6,6.6,0.62,6.2,19.0,calibrated
palawan,Juillet,7,22,27,88,11.3,4.5,4.5,mid,open-meteo,29.8,7.2,22.4,6.8,1.0,6.2,23.0,calibrated
palawan,Août,8,22,27,85,9.9,5.3,4.5,mid,open-meteo,29.7,7.6,22.3,7.2,0.7,5.7,19.0,calibrated
palawan,Septembre,9,22,27,94,12.6,4.4,4.4,mid,open-meteo,29.9,6.7,22.4,6.8,1.45,6.6,23.0,calibrated
palawan,Octobre,10,22,27,95,13.1,4.2,4.4,mid,open-meteo,30.2,6.8,22.4,7.0,1.29,7.7,23.0,calibrated
palawan,Novembre,11,22,27,89,8.4,5.2,4.5,mid,open-meteo,29.8,6.9,22.3,7.2,1.46,8.1,22.0,calibrated
palawan,Décembre,12,22,27,89,8.8,5.1,4.5,mid,open-meteo,28.9,6.6,22.0,5.7,1.67,8.0,23.0,calibrated
laos,Janvier,1,15,26,16,1.1,7.7,8.6,rec,open-meteo,,,14.6,6.1,,,23.0,calibrated
laos,Février,2,16,30,8,0.8,8.2,8.9,rec,open-meteo,,,14.4,7.3,,,34.0,calibrated
laos,Mars,3,19,33,16,1.1,7.8,5.4,mid,open-meteo,,,17.4,8.2,,,54.0,calibrated
laos,Avril,4,21,34,33,2.8,7.3,4.8,mid,open-meteo,,,19.7,8.8,,,74.0,calibrated
laos,Mai,5,23,33,60,5.5,6.5,4.5,mid,open-meteo,,,22.2,8.3,,,38.0,calibrated
laos,Juin,6,23,31,73,6.3,5.6,4.6,mid,open-meteo,,,22.7,7.8,,,17.0,calibrated
laos,Juillet,7,23,30,84,9.7,4.7,4.5,mid,open-meteo,,,23.0,6.8,,,16.0,calibrated
laos,Août,8,23,30,88,11.6,4.1,4.4,mid,open-meteo,,,23.3,6.6,,,14.0,calibrated
laos,Septembre,9,22,29,81,8.0,5.3,4.6,mid,open-meteo,,,23.0,6.7,,,18.0,calibrated
laos,Octobre,10,21,29,47,3.4,6.6,7.9,rec,open-meteo,,,21.1,7.2,,,24.0,calibrated
laos,Novembre,11,19,28,22,1.2,7.2,8.6,rec,open-meteo,,,18.4,6.2,,,32.0,calibrated
laos,Décembre,12,15,26,12,0.6,7.5,8.7,rec,open-meteo,,,14.8,5.6,,,33.0,calibrated
kerala,Janvier,1,23,34,11,0.5,8.5,5.3,mid,open-meteo,,,17.6,7.2,,,66.0,calibrated
kerala,Février,2,24,37,9,0.4,8.7,4.7,mid,open-meteo,,,17.5,8.4,,,57.0,calibrated
kerala,Mars,3,25,37,42,2.3,7.7,4.2,mid,open-meteo,,,21.0,9.0,,,64.0,calibrated
kerala,Avril,4,25,35,78,7.3,6.3,4.8,avoid,open-meteo,,,23.8,9.0,,,59.0,calibrated
kerala,Mai,5,24,32,91,15.9,4.4,5.1,avoid,open-meteo,,,24.4,7.2,,,47.0,calibrated
kerala,Juin,6,24,29,98,16.7,3.3,4.3,mid,open-meteo,,,23.7,6.3,,,25.0,calibrated
kerala,Juillet,7,23,28,95,15.2,3.3,4.4,mid,open-meteo,,,23.2,6.6,,,21.0,calibrated
kerala,Août,8,23,29,90,14.5,4.4,4.4,mid,open-meteo,,,23.1,7.9,,,26.0,calibrated
kerala,Septembre,9,23,29,85,10.5,4.9,4.5,mid,open-meteo,,,23.2,8.1,,,25.0,calibrated
kerala,Octobre,10,23,30,86,13.0,4.8,4.4,mid,open-meteo,,,23.3,7.6,,,42.0,calibrated
kerala,Novembre,11,23,31,55,5.0,6.5,4.9,mid,open-meteo,,,22.5,7.2,,,68.0,calibrated
kerala,Décembre,12,23,32,23,2.0,7.9,5.5,mid,open-meteo,,,20.3,6.9,,,68.0,calibrated
delhi,Janvier,1,8,19,12,1.0,7.1,7.8,rec,open-meteo,,,8.5,3.8,,,138.0,observed
delhi,Février,2,11,24,11,0.7,7.9,8.6,rec,open-meteo,,,10.0,4.8,,,89.0,observed
delhi,Mars,3,16,30,12,0.8,8.0,8.8,rec,open-meteo,,,11.8,6.0,,,86.0,observed
delhi,Avril,4,22,37,9,0.2,9.2,4.7,mid,open-meteo,,,9.7,6.9,,,85.0,observed
delhi,Mai,5,26,39,17,1.2,9.2,5.6,avoid,open-meteo,,,13.7,7.6,,,109.0,observed
delhi,Juin,6,28,38,31,2.3,7.3,5.2,avoid,open-meteo,,,20.0,7.3,,,123.0,observed
delhi,Juillet,7,26,34,73,7.6,5.8,5.1,avoid,open-meteo,,,24.9,7.0,,,80.0,observed
delhi,Août,8,26,32,66,5.4,5.7,4.6,mid,open-meteo,,,24.8,6.6,,,67.0,observed
delhi,Septembre,9,25,32,39,4.2,7.3,5.1,mid,open-meteo,,,23.1,5.9,,,77.0,observed
delhi,Octobre,10,20,32,8,0.6,8.4,5.8,mid,open-meteo,,,16.6,5.5,,,98.0,observed
delhi,Novembre,11,14,27,4,0.2,8.2,9.2,rec,open-meteo,,,12.1,4.3,,,132.0,observed
delhi,Décembre,12,10,22,4,0.2,7.1,8.5,rec,open-meteo,,,8.7,3.5,,,120.0,observed
georgie,Janvier,1,-4,3,44,4.0,4.6,0.8,avoid,open-meteo,,,-5.7,2.1,,,27.0,calibrated
georgie,Février,2,-4,4,46,4.4,4.8,0.8,avoid,open-meteo,,,-3.8,3.1,,,28.0,calibrated
georgie,Mars,3,-1,8,57,4.6,4.7,0.8,avoid,open-meteo,,,-0.9,4.0,,,31.0,calibrated
georgie,Avril,4,3,14,50,4.1,6.2,4.2,mid,open-meteo,,,3.1,6.2,,,32.0,calibrated
georgie,Mai,5,8,18,59,5.3,6.3,4.3,mid,open-meteo,,,7.9,5.7,,,31.0,calibrated
georgie,Juin,6,13,22,59,5.5,6.9,7.4,rec,open-meteo,,,12.6,7.5,,,27.0,calibrated
georgie,Juillet,7,16,24,57,5.0,6.9,7.5,rec,open-meteo,,,14.3,7.4,,,30.0,calibrated
georgie,Août,8,17,26,38,2.7,7.5,8.1,rec,open-meteo,,,13.2,7.1,,,30.0,calibrated
georgie,Septembre,9,12,20,43,4.0,6.6,7.4,rec,open-meteo,,,10.5,5.8,,,36.0,calibrated
georgie,Octobre,10,8,15,38,4.0,5.9,4.3,mid,open-meteo,,,6.1,3.6,,,26.0,calibrated
georgie,Novembre,11,2,10,33,3.5,5.4,4.2,mid,open-meteo,,,0.4,2.5,,,26.0,calibrated
georgie,Décembre,12,-1,5,41,4.0,4.6,0.9,avoid,open-meteo,,,-3.4,1.9,,,28.0,calibrated
chicago,Janvier,1,-5,1,31,2.1,4.4,1.0,avoid,open-meteo,,,-7.1,1.9,,,23.0,observed
chicago,Février,2,-5,2,30,2.1,4.8,1.1,avoid,open-meteo,,,-6.7,3.4,,,27.0,observed
chicago,Mars,3,0,7,40,3.0,6.0,4.1,mid,open-meteo,,,-1.6,4.4,,,29.0,observed
chicago,Avril,4,4,12,46,3.3,7.2,4.2,mid,open-meteo,,,3.0,5.4,,,30.0,observed
chicago,Mai,5,9,18,39,4.0,9.1,7.4,rec,open-meteo,,,9.7,6.7,,,31.0,observed
chicago,Juin,6,16,25,37,3.7,10.4,8.3,rec,open-meteo,,,14.9,7.0,,,36.0,observed
chicago,Juillet,7,19,27,40,4.8,10.3,8.4,rec,open-meteo,,,18.2,7.0,,,40.0,observed
chicago,Août,8,19,26,38,3.4,9.1,8.2,rec,open-meteo,,,17.7,6.5,,,36.0,observed
chicago,Septembre,9,16,23,32,3.1,7.6,8.0,rec,open-meteo,,,14.7,5.3,,,34.0,observed
chicago,Octobre,10,9,17,38,4.0,6.2,4.5,mid,open-meteo,,,7.6,4.1,,,25.0,observed
chicago,Novembre,11,2,9,26,2.0,3.8,4.1,mid,open-meteo,,,0.8,2.5,,,22.0,observed
chicago,Décembre,12,-3,3,28,1.9,3.4,1.0,avoid,open-meteo,,,-3.6,1.9,,,24.0,observed
washington,Janvier,1,-2,6,29,2.6,4.7,4.1,mid,open-meteo,,,-3.9,2.4,,,23.0,observed
washington,Février,2,-1,10,36,3.1,5.4,4.1,mid,open-meteo,,,-2.4,3.6,,,29.0,observed
washington,Mars,3,3,13,33,2.9,6.6,4.3,mid,open-meteo,,,0.4,4.6,,,29.0,observed
washington,Avril,4,8,19,37,3.2,7.6,7.4,rec,open-meteo,,,5.8,5.8,,,31.0,observed
washington,Mai,5,13,23,45,4.8,8.4,7.8,rec,open-meteo,,,12.2,6.2,,,36.0,observed
washington,Juin,6,18,29,41,4.3,9.4,8.3,rec,open-meteo,,,16.2,7.8,,,40.0,observed
washington,Juillet,7,22,31,47,6.1,9.0,5.3,mid,open-meteo,,,19.8,7.4,,,45.0,observed
washington,Août,8,21,30,44,5.1,8.5,5.4,mid,open-meteo,,,19.2,6.8,,,41.0,observed
washington,Septembre,9,17,26,37,4.4,7.5,8.1,rec,open-meteo,,,16.1,5.1,,,30.0,observed
washington,Octobre,10,10,20,28,3.0,6.6,7.6,rec,open-meteo,,,10.2,4.6,,,26.0,observed
washington,Novembre,11,4,14,26,2.7,5.0,4.3,mid,open-meteo,,,2.9,3.2,,,22.0,observed
washington,Décembre,12,0,8,28,3.2,4.3,4.1,mid,open-meteo,,,-0.4,2.4,,,30.0,observed
orlando,Janvier,1,10,21,24,2.2,6.6,7.8,rec,open-meteo,,,10.7,4.6,,,25.0,calibrated
orlando,Février,2,14,25,28,2.0,6.7,8.1,rec,open-meteo,,,13.0,5.6,,,29.0,calibrated
orlando,Mars,3,16,27,25,2.2,7.4,8.4,rec,open-meteo,,,13.7,6.9,,,31.0,calibrated
orlando,Avril,4,18,29,31,2.6,7.9,8.4,rec,open-meteo,,,15.8,8.2,,,36.0,calibrated
orlando,Mai,5,21,31,45,4.5,7.7,5.2,mid,open-meteo,,,18.4,8.4,,,34.0,calibrated
orlando,Juin,6,23,31,76,7.8,5.9,4.6,mid,open-meteo,,,22.4,8.4,,,29.0,calibrated
orlando,Juillet,7,24,31,82,7.4,5.5,4.5,mid,open-meteo,,,23.6,8.4,,,32.0,calibrated
orlando,Août,8,24,31,84,8.9,5.2,4.4,mid,open-meteo,,,23.9,7.9,,,28.0,calibrated
orlando,Septembre,9,23,30,73,9.3,5.4,4.6,mid,open-meteo,,,22.8,7.2,,,24.0,calibrated
orlando,Octobre,10,21,28,42,4.0,6.5,8.0,rec,open-meteo,,,19.4,5.6,,,30.0,calibrated
orlando,Novembre,11,16,25,27,2.4,6.6,8.1,rec,open-meteo,,,15.9,5.0,,,28.0,calibrated
orlando,Décembre,12,14,23,21,2.2,6.3,8.1,rec,open-meteo,,,13.8,4.3,,,27.0,calibrated
nouvelle-orleans,Janvier,1,8,16,36,3.7,4.9,4.4,mid,open-meteo,,,8.0,4.0,,,25.0,observed
nouvelle-orleans,Février,2,11,20,41,4.0,5.7,7.3,rec,open-meteo,,,10.9,4.9,,,28.0,observed
nouvelle-orleans,Mars,3,15,23,38,4.1,7.1,7.8,rec,open-meteo,,,13.7,6.5,,,32.0,observed
nouvelle-orleans,Avril,4,18,25,37,3.6,8.4,8.1,rec,open-meteo,,,15.7,7.5,,,38.0,observed
nouvelle-orleans,Mai,5,22,29,45,4.8,9.0,8.1,rec,open-meteo,,,19.8,8.2,,,38.0,observed
nouvelle-orleans,Juin,6,24,30,62,6.8,9.1,5.1,mid,open-meteo,,,23.0,8.4,,,39.0,observed
nouvelle-orleans,Juillet,7,25,31,73,7.0,8.3,4.8,mid,open-meteo,,,24.2,8.1,,,36.0,observed
nouvelle-orleans,Août,8,26,31,67,7.3,8.1,4.9,mid,open-meteo,,,24.0,7.8,,,46.0,observed
nouvelle-orleans,Septembre,9,24,30,48,5.3,7.6,5.2,mid,open-meteo,,,22.0,6.3,,,38.0,observed
nouvelle-orleans,Octobre,10,20,27,28,3.3,7.8,8.4,rec,open-meteo,,,17.3,5.9,,,36.0,observed
nouvelle-orleans,Novembre,11,14,22,31,2.8,5.7,7.7,rec,open-meteo,,,13.0,4.4,,,29.0,observed
nouvelle-orleans,Décembre,12,11,18,36,4.5,5.1,4.5,mid,open-meteo,,,11.1,3.9,,,27.0,observed
montreal,Janvier,1,-12,-3,39,2.5,3.3,0.8,avoid,open-meteo,,,-11.7,1.9,,,24.0,observed
montreal,Février,2,-12,-2,41,2.9,4.5,0.9,avoid,open-meteo,,,-11.3,2.9,,,30.0,observed
montreal,Mars,3,-5,4,40,2.7,5.3,0.9,avoid,open-meteo,,,-6.9,3.9,,,31.0,observed
montreal,Avril,4,1,10,42,3.9,5.9,4.1,mid,open-meteo,,,-1.2,4.8,,,30.0,observed
montreal,Mai,5,8,19,35,2.6,7.4,7.4,rec,open-meteo,,,6.2,6.0,,,30.0,observed
montreal,Juin,6,14,24,43,3.7,8.0,7.8,rec,open-meteo,,,12.2,6.4,,,31.0,observed
montreal,Juillet,7,18,27,39,3.4,8.8,8.3,rec,open-meteo,,,16.3,6.5,,,33.0,observed
montreal,Août,8,17,25,41,3.8,7.9,8.0,rec,open-meteo,,,15.9,5.4,,,33.0,observed
montreal,Septembre,9,13,22,27,2.3,6.1,7.8,rec,open-meteo,,,12.4,4.7,,,27.0,observed
montreal,Octobre,10,7,14,38,4.1,4.6,4.2,mid,open-meteo,,,5.7,3.3,,,21.0,observed
montreal,Novembre,11,-1,5,44,2.8,2.8,0.7,avoid,open-meteo,,,-1.7,2.0,,,22.0,observed
montreal,Décembre,12,-8,0,42,2.8,2.7,0.7,avoid,open-meteo,,,-7.3,1.5,,,31.0,observed
vancouver,Janvier,1,2,6,58,8.0,1.9,0.6,avoid,open-meteo,6.6,3.0,1.8,0.8,0.39,3.3,21.0,observed
vancouver,Février,2,1,6,58,5.0,3.2,0.6,avoid,open-meteo,6.6,3.2,0.7,1.9,0.34,3.0,24.0,observed
vancouver,Mars,3,3,9,55,5.7,4.3,0.9,avoid,open-meteo,7.1,3.5,2.8,3.2,0.4,2.9,28.0,observed
vancouver,Avril,4,6,12,48,4.1,6.2,4.1,mid,open-meteo,9.0,3.9,4.8,4.5,0.39,3.0,27.0,observed
vancouver,Mai,5,9,16,32,2.4,7.2,4.5,mid,open-meteo,14.7,4.5,8.9,5.5,0.46,3.1,28.0,observed
vancouver,Juin,6,12,18,35,2.3,7.6,7.4,rec,open-meteo,16.2,5.1,11.0,6.3,0.32,2.8,27.0,observed
vancouver,Juillet,7,15,22,15,1.0,9.3,8.4,rec,open-meteo,18.4,6.6,13.2,6.7,0.34,2.8,33.0,observed
vancouver,Août,8,15,22,19,1.4,8.9,8.3,rec,open-meteo,18.6,6.4,14.1,5.7,0.25,2.6,29.0,observed
vancouver,Septembre,9,13,18,37,4.0,7.1,7.3,rec,open-meteo,16.7,4.8,12.0,4.1,0.32,2.7,27.0,observed
vancouver,Octobre,10,8,13,52,7.3,3.9,1.2,avoid,open-meteo,12.9,3.5,8.2,2.5,0.38,2.8,21.0,observed
vancouver,Novembre,11,4,9,62,10.2,2.0,0.6,avoid,open-meteo,9.2,3.0,4.2,1.2,0.51,3.5,24.0,observed
vancouver,Décembre,12,2,6,65,8.7,1.8,0.5,avoid,open-meteo,7.3,2.8,1.5,0.9,0.43,3.0,23.0,observed
bahamas,Janvier,1,21,25,34,1.5,6.5,8.0,rec,open-meteo,24.5,7.4,17.0,5.4,0.83,6.1,33.0,calibrated
bahamas,Février,2,22,26,33,1.1,7.1,8.1,rec,open-meteo,24.8,7.7,17.3,6.4,0.85,8.0,38.0,calibrated
bahamas,Mars,3,22,26,27,1.1,7.6,8.3,rec,open-meteo,25.4,8.0,17.2,7.6,0.72,6.8,36.0,calibrated
bahamas,Avril,4,23,27,40,1.7,7.5,8.1,rec,open-meteo,26.5,8.2,18.9,8.4,0.77,6.3,41.0,calibrated
bahamas,Mai,5,24,28,54,3.4,7.2,7.9,rec,open-meteo,27.9,8.4,20.8,8.9,0.53,5.4,31.0,calibrated
bahamas,Juin,6,26,30,66,2.8,6.9,4.9,mid,open-meteo,29.6,8.7,23.1,7.8,0.6,4.9,27.0,calibrated
bahamas,Juillet,7,27,31,58,2.2,7.3,5.0,mid,open-meteo,31.3,8.4,23.3,8.6,0.6,4.7,33.0,calibrated
bahamas,Août,8,27,31,62,2.9,6.8,4.9,mid,open-meteo,31.0,8.3,23.5,8.2,0.68,5.3,22.0,calibrated
bahamas,Septembre,9,27,30,63,3.9,6.5,4.9,mid,open-meteo,30.2,8.7,23.3,7.7,0.54,6.6,20.0,calibrated
bahamas,Octobre,10,26,29,61,4.1,6.0,4.9,mid,open-meteo,28.9,8.2,22.0,6.4,0.93,8.0,32.0,calibrated
bahamas,Novembre,11,24,27,36,1.8,6.4,8.1,rec,open-meteo,26.7,8.0,19.9,5.5,0.87,6.3,35.0,calibrated
bahamas,Décembre,12,23,26,31,1.5,6.6,8.1,rec,open-meteo,24.9,7.6,18.7,4.7,0.85,6.2,37.0,calibrated
saint-lucie,Janvier,1,22,27,53,1.7,8.0,7.9,rec,open-meteo,26.9,7.4,18.9,7.3,1.39,6.6,29.0,observed
saint-lucie,Février,2,21,27,45,1.5,8.0,8.0,rec,open-meteo,26.4,7.7,18.5,8.0,1.16,6.3,38.0,observed
saint-lucie,Mars,3,22,28,46,1.3,8.0,8.1,rec,open-meteo,26.8,8.0,18.7,8.8,1.09,6.9,24.0,observed
saint-lucie,Avril,4,22,29,41,1.3,8.0,8.1,rec,open-meteo,27.2,8.3,19.4,9.0,1.14,6.3,33.0,observed
saint-lucie,Mai,5,23,29,46,1.5,8.0,8.0,rec,open-meteo,28.0,8.2,20.3,8.9,1.21,6.1,40.0,observed
saint-lucie,Juin,6,24,29,61,2.5,8.0,7.7,rec,open-meteo,28.7,8.0,21.1,8.7,1.24,6.1,43.0,observed
saint-lucie,Juillet,7,23,29,73,3.5,8.0,7.5,rec,open-meteo,28.9,7.8,21.5,8.6,1.3,6.6,45.0,observed
saint-lucie,Août,8,24,29,68,3.0,8.0,7.6,rec,open-meteo,29.8,8.2,21.8,8.7,0.94,6.3,27.0,observed
saint-lucie,Septembre,9,24,30,69,3.3,8.0,4.9,mid,open-meteo,30.3,8.4,22.1,8.6,0.76,6.8,18.0,observed
saint-lucie,Octobre,10,23,29,65,3.0,7.0,7.6,rec,open-meteo,30.1,8.2,21.9,8.2,0.94,6.8,27.0,observed
saint-lucie,Novembre,11,23,28,62,3.0,8.0,7.8,rec,open-meteo,28.9,7.8,21.2,7.1,1.11,6.6,22.0,observed
saint-lucie,Décembre,12,22,27,55,1.6,8.0,7.8,rec,open-meteo,27.9,7.6,19.8,6.7,1.23,6.9,31.0,observed
saint-martin,Janvier,1,23,24,40,1.1,7.0,7.8,rec,open-meteo,26.4,7.2,18.9,6.8,1.28,7.6,27.0,calibrated
saint-martin,Février,2,23,24,37,1.6,7.2,7.9,rec,open-meteo,25.9,7.3,18.7,7.5,1.1,7.0,29.0,calibrated
saint-martin,Mars,3,23,24,27,0.7,7.8,8.2,rec,open-meteo,26.2,7.6,18.5,8.8,1.07,7.8,24.0,calibrated
saint-martin,Avril,4,23,24,38,1.4,7.8,7.9,rec,open-meteo,26.8,7.4,19.4,9.1,1.16,7.0,29.0,calibrated
saint-martin,Mai,5,24,25,36,1.8,8.0,8.1,rec,open-meteo,28.3,8.0,20.7,8.9,0.91,6.7,23.0,calibrated
saint-martin,Juin,6,25,26,33,1.4,8.3,8.3,rec,open-meteo,28.8,8.1,21.5,8.5,1.09,6.5,30.0,calibrated
saint-martin,Juillet,7,25,26,53,2.3,7.4,7.7,rec,open-meteo,29.2,7.6,21.9,8.6,1.3,6.9,36.0,calibrated
saint-martin,Août,8,25,27,51,2.9,7.3,5.2,mid,open-meteo,29.7,7.8,22.2,8.8,1.26,6.7,25.0,calibrated
saint-martin,Septembre,9,25,27,57,4.4,7.0,5.1,mid,open-meteo,30.2,8.0,22.3,8.5,0.9,6.7,19.0,calibrated
saint-martin,Octobre,10,25,27,57,3.9,6.7,7.7,rec,open-meteo,29.9,8.0,21.8,7.7,0.9,7.7,26.0,calibrated
saint-martin,Novembre,11,24,26,55,4.0,6.3,7.6,rec,open-meteo,28.7,7.5,20.9,6.3,1.13,7.9,23.0,calibrated
saint-martin,Décembre,12,24,25,43,1.4,6.7,7.8,rec,open-meteo,27.5,7.4,19.7,6.2,1.22,7.7,30.0,calibrated
mexico,Janvier,1,7,22,7,0.3,7.5,8.4,rec,open-meteo,,,3.3,6.6,,,40.0,observed
mexico,Février,2,9,25,7,0.3,8.2,8.8,rec,open-meteo,,,2.7,7.9,,,47.0,observed
mexico,Mars,3,11,27,15,0.6,8.5,8.9,rec,open-meteo,,,3.5,9.3,,,45.0,observed
mexico,Avril,4,12,28,23,1.0,8.0,8.7,rec,open-meteo,,,4.9,9.6,,,53.0,observed
mexico,Mai,5,13,28,40,2.2,7.5,8.2,rec,open-meteo,,,7.7,9.8,,,62.0,observed
mexico,Juin,6,14,24,67,6.0,6.0,7.3,rec,open-meteo,,,10.5,8.9,,,43.0,observed
mexico,Juillet,7,13,23,86,7.5,5.8,4.4,mid,open-meteo,,,12.1,8.9,,,50.0,observed
mexico,Août,8,13,23,88,8.0,5.7,4.3,mid,open-meteo,,,12.3,9.4,,,47.0,observed
mexico,Septembre,9,13,22,81,7.6,4.9,4.3,mid,open-meteo,,,12.2,8.1,,,44.0,observed
mexico,Octobre,10,12,22,45,2.8,6.2,7.5,rec,open-meteo,,,10.5,7.6,,,39.0,observed
mexico,Novembre,11,10,23,15,0.8,7.5,8.3,rec,open-meteo,,,7.3,7.2,,,59.0,observed
mexico,Décembre,12,8,22,8,0.3,7.3,8.4,rec,open-meteo,,,5.0,6.5,,,58.0,observed
playa-del-carmen,Janvier,1,22,26,42,2.3,6.4,7.9,rec,open-meteo,27.2,7.9,19.7,5.9,0.77,5.6,24.0,calibrated
playa-del-carmen,Février,2,24,27,30,1.3,7.4,8.3,rec,open-meteo,27.0,8.3,19.7,6.8,0.68,5.0,29.0,calibrated
playa-del-carmen,Mars,3,24,28,27,1.2,8.0,8.6,rec,open-meteo,27.0,8.6,20.7,8.1,0.77,5.2,26.0,calibrated
playa-del-carmen,Avril,4,25,29,26,1.3,8.2,8.5,rec,open-meteo,27.7,8.8,21.9,8.6,0.79,5.2,29.0,calibrated
playa-del-carmen,Mai,5,26,30,46,3.2,7.7,5.3,mid,open-meteo,28.6,8.8,23.1,8.9,0.71,5.0,24.0,calibrated
playa-del-carmen,Juin,6,26,30,67,8.0,6.8,4.8,mid,open-meteo,29.9,8.5,24.4,7.5,0.84,5.4,21.0,calibrated
playa-del-carmen,Juillet,7,26,30,54,3.3,7.2,5.1,mid,open-meteo,29.8,8.8,24.7,8.6,0.7,5.0,33.0,calibrated
playa-del-carmen,Août,8,26,30,64,5.8,6.7,4.9,mid,open-meteo,30.1,8.7,24.8,8.5,0.4,4.9,24.0,calibrated
playa-del-carmen,Septembre,9,26,30,72,6.3,6.1,4.7,mid,open-meteo,30.5,8.4,24.8,7.8,0.54,5.2,18.0,calibrated
playa-del-carmen,Octobre,10,25,29,69,6.7,6.0,4.8,mid,open-meteo,30.3,8.2,23.6,6.6,0.75,5.7,22.0,calibrated
playa-del-carmen,Novembre,11,23,28,45,3.4,6.7,8.0,rec,open-meteo,28.9,8.4,21.9,6.2,0.68,5.4,25.0,calibrated
playa-del-carmen,Décembre,12,23,27,42,2.5,6.5,8.0,rec,open-meteo,28.0,8.1,20.8,5.3,0.76,5.4,28.0,calibrated
puerto-vallarta,Janvier,1,18,26,4,0.4,7.9,9.0,rec,open-meteo,25.3,8.2,17.8,5.9,0.78,10.8,22.0,calibrated
puerto-vallarta,Février,2,17,26,6,0.6,8.2,9.0,rec,open-meteo,24.8,8.1,18.0,6.9,0.88,11.3,23.0,calibrated
puerto-vallarta,Mars,3,17,26,2,0.2,8.9,9.2,rec,open-meteo,24.8,8.3,17.7,8.4,0.77,10.8,24.0,calibrated
puerto-vallarta,Avril,4,18,27,0,0.0,9.3,9.5,rec,open-meteo,25.5,8.7,18.6,8.9,0.72,8.5,24.0,calibrated
puerto-vallarta,Mai,5,20,29,4,0.1,9.2,9.3,rec,open-meteo,27.6,9.2,20.8,9.0,0.69,7.7,29.0,calibrated
puerto-vallarta,Juin,6,24,30,43,4.2,7.1,5.3,mid,open-meteo,29.5,8.8,23.2,7.8,0.75,8.0,23.0,calibrated
puerto-vallarta,Juillet,7,25,31,73,6.3,5.4,4.6,mid,open-meteo,31.1,8.0,24.6,8.2,0.46,11.3,22.0,calibrated
puerto-vallarta,Août,8,25,30,85,7.6,4.4,4.4,mid,open-meteo,31.7,7.6,24.7,7.8,0.64,9.6,25.0,calibrated
puerto-vallarta,Septembre,9,25,30,81,8.4,4.5,4.5,mid,open-meteo,31.8,7.7,24.7,8.1,0.61,8.3,20.0,calibrated
puerto-vallarta,Octobre,10,24,30,54,4.3,6.5,5.0,mid,open-meteo,30.8,8.5,23.9,7.2,0.59,11.6,24.0,calibrated
puerto-vallarta,Novembre,11,22,29,8,0.5,7.9,9.0,rec,open-meteo,28.7,9.1,21.5,6.4,0.68,10.3,28.0,calibrated
puerto-vallarta,Décembre,12,19,27,6,0.5,7.6,9.0,rec,open-meteo,26.8,8.5,19.0,5.8,0.82,12.0,32.0,calibrated
cabo-san-lucas,Janvier,1,16,25,1,0.1,8.1,9.0,rec,open-meteo,22.3,7.0,12.1,5.7,1.33,11.1,29.0,calibrated
cabo-san-lucas,Février,2,17,26,2,0.2,8.3,9.1,rec,open-meteo,20.2,6.7,12.1,6.7,1.44,11.7,29.0,calibrated
cabo-san-lucas,Mars,3,18,28,0,0.0,8.7,9.5,rec,open-meteo,21.3,7.3,10.9,8.1,1.38,11.9,31.0,calibrated
cabo-san-lucas,Avril,4,20,29,0,0.0,9.4,9.5,rec,open-meteo,21.1,7.5,11.1,8.6,1.43,11.8,34.0,calibrated
cabo-san-lucas,Mai,5,21,30,1,0.0,9.7,9.4,rec,open-meteo,23.6,8.2,12.6,8.9,1.44,12.5,34.0,calibrated
cabo-san-lucas,Juin,6,24,31,5,0.6,9.7,6.3,mid,open-meteo,27.4,8.6,17.0,9.0,1.54,11.9,27.0,calibrated
cabo-san-lucas,Juillet,7,26,33,8,0.4,9.5,5.7,mid,open-meteo,29.4,8.6,20.4,9.0,1.33,11.5,27.0,calibrated
cabo-san-lucas,Août,8,27,33,23,2.6,8.6,5.3,mid,open-meteo,30.9,8.0,22.9,8.9,1.42,10.7,27.0,calibrated
cabo-san-lucas,Septembre,9,26,31,27,3.4,7.9,5.6,mid,open-meteo,30.2,8.4,23.2,7.9,1.36,10.7,28.0,calibrated
cabo-san-lucas,Octobre,10,25,31,10,1.1,8.3,6.0,mid,open-meteo,29.6,8.7,20.2,7.3,1.34,11.9,29.0,calibrated
cabo-san-lucas,Novembre,11,21,29,4,0.4,7.8,9.1,rec,open-meteo,27.6,8.5,16.6,6.1,1.33,11.9,32.0,calibrated
cabo-san-lucas,Décembre,12,18,27,3,0.3,7.8,9.1,rec,open-meteo,25.9,8.0,13.9,5.5,1.36,12.2,31.0,calibrated
panama,Janvier,1,24,30,32,1.4,7.4,5.5,mid,open-meteo,28.1,9.0,22.2,7.3,0.4,10.1,26.0,observed
panama,Février,2,24,31,22,0.8,8.7,5.8,mid,open-meteo,26.8,8.9,21.5,7.8,0.44,10.6,30.0,observed
panama,Mars,3,24,32,34,1.0,5.9,5.1,mid,open-meteo,26.9,8.6,21.6,8.0,0.39,11.0,32.0,observed
panama,Avril,4,24,32,65,3.9,5.8,4.6,mid,open-meteo,27.8,8.2,23.0,7.9,0.41,10.9,31.0,observed
panama,Mai,5,25,30,94,9.2,3.5,4.3,mid,open-meteo,29.4,8.0,24.5,7.8,0.42,9.0,25.0,observed
panama,Juin,6,24,29,98,10.5,3.9,4.3,mid,open-meteo,30.2,7.6,24.5,7.1,0.57,8.5,18.0,observed
panama,Juillet,7,24,29,95,11.4,3.4,4.3,mid,open-meteo,29.9,7.7,24.4,6.9,0.49,8.4,22.0,observed
panama,Août,8,24,29,95,10.1,3.8,4.3,mid,open-meteo,30.0,7.7,24.4,8.1,0.42,8.1,24.0,observed
panama,Septembre,9,24,29,98,10.2,3.3,4.3,mid,open-meteo,30.3,7.6,24.4,7.7,0.51,6.9,22.0,observed
panama,Octobre,10,24,29,95,10.2,3.4,4.3,mid,open-meteo,30.5,7.7,24.2,7.5,0.48,7.5,20.0,observed
panama,Novembre,11,24,28,92,10.9,4.7,4.5,mid,open-meteo,29.3,7.5,23.9,7.3,0.73,8.5,18.0,observed
panama,Décembre,12,24,30,62,3.9,3.9,4.7,mid,open-meteo,29.1,8.6,23.5,7.0,0.44,8.4,25.0,observed
medellin,Janvier,1,16,26,51,3.2,5.5,7.6,rec,open-meteo,,,16.3,8.4,,,31.0,observed
medellin,Février,2,16,26,72,4.6,5.4,7.3,rec,open-meteo,,,16.8,8.6,,,29.0,observed
medellin,Mars,3,16,26,85,6.8,4.8,4.5,mid,open-meteo,,,17.3,8.6,,,38.0,observed
medellin,Avril,4,16,26,86,8.8,4.1,4.4,mid,open-meteo,,,17.7,7.9,,,34.0,observed
medellin,Mai,5,16,26,84,8.4,4.5,4.5,mid,open-meteo,,,17.9,7.9,,,25.0,observed
medellin,Juin,6,16,26,74,6.5,5.5,7.3,rec,open-meteo,,,17.3,7.8,,,25.0,observed
medellin,Juillet,7,16,27,57,4.1,6.4,7.7,rec,open-meteo,,,16.8,8.1,,,25.0,observed
medellin,Août,8,16,27,62,4.8,6.0,7.5,rec,open-meteo,,,16.7,8.7,,,28.0,observed
medellin,Septembre,9,16,27,77,6.4,4.9,4.6,mid,open-meteo,,,17.0,8.4,,,30.0,observed
medellin,Octobre,10,16,25,89,8.2,4.3,4.3,mid,open-meteo,,,17.5,8.0,,,25.0,observed
medellin,Novembre,11,16,25,88,7.7,4.5,4.4,mid,open-meteo,,,17.5,7.6,,,23.0,observed
medellin,Décembre,12,16,25,70,3.9,4.9,7.3,rec,open-meteo,,,17.0,7.7,,,36.0,observed
chili,Janvier,1,7,19,11,0.7,9.6,8.1,rec,open-meteo,,,2.7,9.4,,,34.0,calibrated
chili,Février,2,7,19,7,0.4,9.2,8.1,rec,open-meteo,,,2.5,8.7,,,30.0,calibrated
chili,Mars,3,5,17,6,0.4,8.5,7.8,rec,open-meteo,,,0.7,7.1,,,30.0,calibrated
chili,Avril,4,2,13,20,3.7,7.1,4.5,mid,open-meteo,,,-1.0,4.5,,,23.0,calibrated
chili,Mai,5,-1,9,32,3.9,5.8,4.2,mid,open-meteo,,,-3.0,3.1,,,23.0,calibrated
chili,Juin,6,-4,6,38,9.0,4.9,1.0,avoid,open-meteo,,,-5.3,2.2,,,24.0,calibrated
chili,Juillet,7,-5,6,32,5.0,5.8,1.2,avoid,open-meteo,,,-5.8,3.5,,,26.0,calibrated
chili,Août,8,-4,6,35,6.5,6.2,1.2,avoid,open-meteo,,,-4.3,3.9,,,28.0,calibrated
chili,Septembre,9,-2,8,31,4.4,7.0,4.2,mid,open-meteo,,,-2.5,5.1,,,33.0,calibrated
chili,Octobre,10,-1,11,29,2.7,7.9,4.3,mid,open-meteo,,,-0.6,7.1,,,30.0,calibrated
chili,Novembre,11,2,14,18,1.6,8.9,7.3,rec,open-meteo,,,1.3,8.4,,,31.0,calibrated
chili,Décembre,12,5,18,8,0.5,9.9,8.0,rec,open-meteo,,,1.5,9.4,,,35.0,calibrated
patagonie,Janvier,1,8,19,31,1.4,7.4,7.5,rec,open-meteo,,,3.0,6.3,,,10.0,calibrated
patagonie,Février,2,9,18,32,1.2,7.0,7.4,rec,open-meteo,,,3.8,5.3,,,11.0,calibrated
patagonie,Mars,3,7,16,27,1.1,6.1,7.2,rec,open-meteo,,,3.2,4.3,,,12.0,calibrated
patagonie,Avril,4,4,12,25,1.0,5.2,4.3,mid,open-meteo,,,1.8,2.6,,,15.0,calibrated
patagonie,Mai,5,1,8,24,0.9,4.4,4.1,mid,open-meteo,,,1.3,1.4,,,15.0,calibrated
patagonie,Juin,6,-1,4,21,0.7,3.9,4.1,mid,open-meteo,,,-1.3,1.0,,,18.0,calibrated
patagonie,Juillet,7,-1,4,18,0.7,4.3,4.1,mid,open-meteo,,,-1.6,1.2,,,21.0,calibrated
patagonie,Août,8,0,7,20,0.7,5.1,4.2,mid,open-meteo,,,-1.0,2.0,,,20.0,calibrated
patagonie,Septembre,9,2,10,17,0.6,6.5,4.3,mid,open-meteo,,,-1.0,3.5,,,24.0,calibrated
patagonie,Octobre,10,4,14,22,0.8,7.1,4.5,mid,open-meteo,,,-0.7,4.7,,,21.0,calibrated
patagonie,Novembre,11,6,17,24,0.9,8.1,7.4,rec,open-meteo,,,0.5,6.3,,,18.0,calibrated
patagonie,Décembre,12,8,18,33,1.3,7.5,7.4,rec,open-meteo,,,1.8,6.6,,,15.0,calibrated
galapagos,Janvier,1,22,26,68,2.9,7.0,7.5,rec,open-meteo,24.5,6.6,21.6,8.4,1.49,10.8,11.0,calibrated
galapagos,Février,2,23,28,72,3.7,6.8,4.9,mid,open-meteo,27.0,7.3,22.6,8.7,1.47,11.5,13.0,calibrated
galapagos,Mars,3,23,29,65,4.9,7.1,5.0,mid,open-meteo,27.5,7.5,22.7,9.0,1.56,11.9,13.0,calibrated
galapagos,Avril,4,23,28,66,3.7,7.1,5.0,mid,open-meteo,28.8,7.3,22.9,9.0,1.65,11.6,11.0,calibrated
galapagos,Mai,5,22,26,77,3.3,6.7,4.7,mid,open-meteo,28.3,6.7,22.1,8.1,1.74,11.0,13.0,calibrated
galapagos,Juin,6,21,25,73,3.6,6.6,7.3,rec,open-meteo,27.6,6.5,20.7,7.5,1.72,11.1,16.0,calibrated
galapagos,Juillet,7,20,24,72,3.1,6.0,7.3,rec,open-meteo,26.7,5.9,19.8,7.3,1.9,9.6,19.0,calibrated
galapagos,Août,8,20,23,58,2.2,6.5,7.4,rec,open-meteo,25.2,6.0,18.8,8.0,1.66,8.9,21.0,calibrated
galapagos,Septembre,9,19,22,62,2.6,5.8,7.3,rec,open-meteo,25.0,5.6,18.8,7.3,1.72,9.3,21.0,calibrated
galapagos,Octobre,10,19,23,59,2.6,6.3,7.4,rec,open-meteo,24.9,6.0,18.7,8.0,1.54,11.2,15.0,calibrated
galapagos,Novembre,11,20,23,54,2.2,6.9,7.5,rec,open-meteo,24.4,6.1,18.7,8.6,1.54,10.8,19.0,calibrated
galapagos,Décembre,12,21,24,63,2.6,6.6,7.4,rec,open-meteo,24.3,6.3,20.5,8.1,1.37,11.2,15.0,calibrated
melbourne,Janvier,1,15,26,26,2.3,8.8,8.5,rec,open-meteo,22.4,7.5,13.1,8.0,0.69,6.8,20.0,observed
melbourne,Février,2,15,25,21,1.2,8.2,8.5,rec,open-meteo,21.2,7.2,12.3,8.2,0.66,7.0,19.0,observed
melbourne,Mars,3,14,23,23,1.4,7.3,8.1,rec,open-meteo,19.9,6.4,11.5,6.7,0.67,8.0,18.0,observed
melbourne,Avril,4,11,20,28,2.1,6.1,7.6,rec,open-meteo,17.2,5.2,9.7,4.4,0.58,7.4,17.0,observed
melbourne,Mai,5,9,16,35,1.9,4.6,4.4,mid,open-meteo,14.3,3.9,7.9,3.4,0.49,7.4,19.0,observed
melbourne,Juin,6,7,14,37,2.1,4.0,4.2,mid,open-meteo,12.1,3.7,6.7,2.5,0.53,7.3,18.0,observed
melbourne,Juillet,7,7,13,42,1.9,4.4,4.1,mid,open-meteo,10.6,3.6,5.8,2.4,0.67,8.7,19.0,observed
melbourne,Août,8,7,14,40,2.0,5.4,4.2,mid,open-meteo,11.8,3.8,6.1,3.9,0.46,9.0,21.0,observed
melbourne,Septembre,9,8,16,44,2.3,6.2,4.3,mid,open-meteo,14.0,3.7,6.9,4.7,0.72,8.3,21.0,observed
melbourne,Octobre,10,9,19,41,2.8,7.3,7.4,rec,open-meteo,15.8,4.7,8.4,6.8,0.67,6.6,21.0,observed
melbourne,Novembre,11,11,20,39,3.2,7.5,7.5,rec,open-meteo,18.2,5.5,9.9,7.5,0.57,7.7,23.0,observed
melbourne,Décembre,12,13,23,28,2.2,8.5,8.1,rec,open-meteo,19.8,6.5,11.1,8.8,0.64,5.7,21.0,observed
fidji,Janvier,1,20,26,94,13.4,4.7,4.4,mid,open-meteo,,,20.2,7.9,,,7.0,calibrated
fidji,Février,2,20,25,94,11.8,4.5,4.3,mid,open-meteo,,,20.7,8.0,,,8.0,calibrated
fidji,Mars,3,20,25,93,10.0,4.3,4.3,mid,open-meteo,,,20.2,5.9,,,6.0,calibrated
fidji,Avril,4,20,25,75,7.0,5.5,4.6,mid,open-meteo,,,19.6,7.0,,,8.0,calibrated
fidji,Mai,5,18,23,60,3.6,5.8,7.3,rec,open-meteo,,,18.2,4.9,,,12.0,calibrated
fidji,Juin,6,17,22,47,3.2,6.2,7.5,rec,open-meteo,,,17.3,5.5,,,16.0,calibrated
fidji,Juillet,7,16,22,53,2.6,6.0,7.4,rec,open-meteo,,,16.6,5.3,,,18.0,calibrated
fidji,Août,8,16,22,55,4.7,6.2,7.4,rec,open-meteo,,,16.2,6.4,,,20.0,calibrated
fidji,Septembre,9,17,22,60,3.7,6.3,7.3,rec,open-meteo,,,17.0,7.3,,,18.0,calibrated
fidji,Octobre,10,18,24,74,5.9,5.9,4.6,mid,open-meteo,,,17.8,7.7,,,15.0,calibrated
fidji,Novembre,11,18,24,83,6.6,5.6,4.4,mid,open-meteo,,,18.7,8.1,,,11.0,calibrated
fidji,Décembre,12,19,25,85,12.0,5.3,4.4,mid,open-meteo,,,19.6,7.4,,,10.0,calibrated
nouvelle-caledonie,Janvier,1,23,29,55,7.1,7.2,7.8,rec,open-meteo,27.6,8.2,21.6,9.2,1.07,9.5,13.0,calibrated
nouvelle-caledonie,Février,2,24,29,70,12.7,6.2,4.8,mid,open-meteo,27.7,7.7,22.9,8.7,1.32,11.0,19.0,calibrated
nouvelle-caledonie,Mars,3,23,28,65,7.4,6.4,5.0,mid,open-meteo,27.1,7.3,22.1,7.2,1.54,10.7,18.0,calibrated
nouvelle-caledonie,Avril,4,22,26,63,9.3,6.1,7.5,rec,open-meteo,27.3,7.0,20.8,6.1,1.46,11.4,18.0,calibrated
nouvelle-caledonie,Mai,5,20,25,47,3.3,6.2,7.7,rec,open-meteo,25.3,6.7,18.6,5.7,1.55,10.9,21.0,calibrated
nouvelle-caledonie,Juin,6,19,24,41,2.6,6.2,7.7,rec,open-meteo,22.6,6.3,16.9,5.1,1.2,10.1,22.0,calibrated
nouvelle-caledonie,Juillet,7,18,23,34,3.0,6.6,7.8,rec,open-meteo,21.7,5.8,15.9,4.9,1.53,9.8,24.0,calibrated
nouvelle-caledonie,Août,8,17,22,36,3.2,6.8,7.7,rec,open-meteo,21.1,5.8,15.2,6.2,1.23,9.8,25.0,calibrated
nouvelle-caledonie,Septembre,9,18,24,33,2.3,7.6,8.0,rec,open-meteo,22.2,6.4,15.8,7.6,1.38,11.2,26.0,calibrated
nouvelle-caledonie,Octobre,10,19,26,44,3.7,7.4,7.9,rec,open-meteo,22.7,6.8,17.5,8.5,1.28,10.2,24.0,calibrated
nouvelle-caledonie,Novembre,11,21,27,43,3.2,8.0,8.1,rec,open-meteo,24.3,7.5,18.7,8.2,1.16,10.6,21.0,calibrated
nouvelle-caledonie,Décembre,12,22,28,50,6.3,7.6,8.0,rec,open-meteo,26.9,8.1,20.7,9.3,1.11,10.1,16.0,calibrated
mayotte,Janvier,1,25,29,87,7.7,5.9,4.5,mid,open-meteo,29.2,8.0,23.5,7.4,0.8,5.5,20.0,calibrated
mayotte,Février,2,25,29,89,6.5,5.8,4.5,mid,open-meteo,29.7,8.2,23.8,9.0,0.47,5.5,14.0,calibrated
mayotte,Mars,3,26,29,85,5.2,6.0,4.6,mid,open-meteo,29.9,8.2,23.9,8.7,0.58,6.0,13.0,calibrated
mayotte,Avril,4,25,29,70,3.2,6.4,4.8,mid,open-meteo,30.2,8.2,23.5,7.7,0.8,5.7,14.0,calibrated
mayotte,Mai,5,25,29,37,1.3,7.5,8.2,rec,open-meteo,29.1,8.4,21.8,6.6,1.15,5.3,20.0,calibrated
mayotte,Juin,6,24,28,24,0.7,7.8,8.6,rec,open-meteo,28.0,8.5,20.1,6.6,1.01,5.6,22.0,calibrated
mayotte,Juillet,7,22,27,21,0.7,8.0,8.6,rec,open-meteo,26.7,8.4,19.0,6.9,0.78,5.9,27.0,calibrated
mayotte,Août,8,22,27,36,0.9,7.7,8.2,rec,open-meteo,26.8,8.1,19.4,7.6,0.93,6.5,25.0,calibrated
mayotte,Septembre,9,22,28,49,1.5,7.4,8.0,rec,open-meteo,27.5,8.3,20.1,8.2,0.78,6.2,24.0,calibrated
mayotte,Octobre,10,24,28,58,1.9,7.1,7.8,rec,open-meteo,27.9,8.2,21.3,9.1,0.8,5.8,22.0,calibrated
mayotte,Novembre,11,25,29,71,2.5,6.8,4.8,mid,open-meteo,29.3,8.4,22.4,9.0,0.55,5.8,19.0,calibrated
mayotte,Décembre,12,25,29,77,3.7,6.4,4.7,mid,open-meteo,29.6,8.3,23.2,8.7,0.61,6.5,19.0,calibrated
taipei,Janvier,1,14,19,39,2.2,2.5,4.4,mid,open-meteo,,,14.2,3.7,,,45.0,observed
taipei,Février,2,14,19,42,2.8,2.8,4.4,mid,open-meteo,,,14.7,4.0,,,45.0,observed
taipei,Mars,3,16,23,41,3.8,3.1,7.4,rec,open-meteo,,,17.2,5.8,,,55.0,observed
taipei,Avril,4,19,26,48,4.6,3.2,7.5,rec,open-meteo,,,20.1,6.8,,,56.0,observed
taipei,Mai,5,22,29,59,7.4,3.7,4.8,mid,open-meteo,,,23.3,6.6,,,46.0,observed
taipei,Juin,6,25,32,70,8.5,3.8,4.4,mid,open-meteo,,,25.0,7.1,,,59.0,observed
taipei,Juillet,7,26,33,59,5.4,5.7,4.5,mid,open-meteo,,,25.2,8.0,,,50.0,observed
taipei,Août,8,26,32,63,5.1,5.9,4.6,mid,open-meteo,,,25.1,8.2,,,63.0,observed
taipei,Septembre,9,25,31,55,7.3,5.1,4.8,mid,open-meteo,,,24.4,7.5,,,31.0,observed
taipei,Octobre,10,22,27,47,6.7,3.7,5.0,mid,open-meteo,,,22.6,4.3,,,31.0,observed
taipei,Novembre,11,20,24,43,2.6,3.1,7.4,rec,open-meteo,,,20.1,2.9,,,34.0,observed
taipei,Décembre,12,16,20,45,2.3,2.5,4.5,mid,open-meteo,,,15.7,2.3,,,43.0,observed
saint-barthelemy,Janvier,1,24,26,42,1.1,6.9,7.9,rec,open-meteo,26.5,7.1,20.2,6.8,1.64,7.4,27.0,calibrated
saint-barthelemy,Février,2,24,25,36,1.5,7.2,8.0,rec,open-meteo,26.0,7.4,19.9,7.5,1.28,7.6,29.0,calibrated
saint-barthelemy,Mars,3,24,25,25,0.7,7.9,8.3,rec,open-meteo,26.1,7.5,19.8,8.7,1.39,7.6,23.0,calibrated
saint-barthelemy,Avril,4,24,26,38,1.6,7.8,8.1,rec,open-meteo,26.7,7.5,20.6,9.1,1.48,7.1,29.0,calibrated
saint-barthelemy,Mai,5,25,27,35,1.7,8.0,8.3,rec,open-meteo,28.2,8.1,21.9,9.0,1.12,7.1,23.0,calibrated
saint-barthelemy,Juin,6,26,27,35,1.4,8.1,5.6,mid,open-meteo,28.7,8.0,22.7,8.5,1.29,6.6,32.0,calibrated
saint-barthelemy,Juillet,7,26,28,51,2.2,7.5,5.3,mid,open-meteo,29.1,7.6,23.1,8.7,1.62,6.9,39.0,calibrated
saint-barthelemy,Août,8,26,28,48,2.7,7.4,5.4,mid,open-meteo,29.6,7.8,23.4,8.8,1.53,6.7,28.0,calibrated
saint-barthelemy,Septembre,9,26,28,59,4.4,6.9,5.1,mid,open-meteo,30.2,8.0,23.5,8.6,1.16,7.0,20.0,calibrated
saint-barthelemy,Octobre,10,26,28,57,3.8,6.7,5.1,mid,open-meteo,29.8,7.9,23.0,7.7,1.23,7.8,26.0,calibrated
saint-barthelemy,Novembre,11,26,27,53,3.7,6.4,5.1,mid,open-meteo,28.7,7.4,22.2,6.4,1.47,7.8,23.0,calibrated
saint-barthelemy,Décembre,12,25,26,43,1.4,6.7,7.9,rec,open-meteo,27.6,7.1,21.0,6.2,1.62,7.6,30.0,calibrated
el-nido,Janvier,1,25,29,47,2.9,7.0,5.3,mid,open-meteo,27.9,8.4,22.8,7.5,0.9,6.7,32.0,calibrated
el-nido,Février,2,25,29,30,1.3,7.8,5.7,mid,open-meteo,26.7,8.7,22.2,8.5,0.68,5.9,30.0,calibrated
el-nido,Mars,3,26,31,34,1.3,7.9,5.5,mid,open-meteo,26.9,8.8,22.7,9.1,0.56,6.1,31.0,calibrated
el-nido,Avril,4,26,32,50,1.6,7.5,4.9,mid,open-meteo,28.7,8.6,23.7,9.2,0.34,5.0,28.0,calibrated
el-nido,Mai,5,26,31,80,4.4,6.3,4.6,mid,open-meteo,29.8,8.3,24.8,8.3,0.39,5.9,33.0,calibrated
el-nido,Juin,6,26,30,86,8.4,5.0,4.5,mid,open-meteo,29.9,8.2,24.7,7.7,0.49,6.1,20.0,calibrated
el-nido,Juillet,7,26,30,86,10.3,4.4,4.4,mid,open-meteo,29.8,7.9,24.4,6.8,0.83,6.4,24.0,calibrated
el-nido,Août,8,26,30,78,8.1,5.6,4.6,mid,open-meteo,29.6,8.3,24.5,7.7,0.53,5.4,20.0,calibrated
el-nido,Septembre,9,25,30,89,10.6,4.9,4.4,mid,open-meteo,29.8,7.7,24.4,7.0,1.13,6.6,22.0,calibrated
el-nido,Octobre,10,25,30,91,10.1,4.9,4.4,mid,open-meteo,30.0,7.9,24.4,7.4,0.88,7.6,25.0,calibrated
el-nido,Novembre,11,26,30,73,5.6,6.0,4.7,mid,open-meteo,29.5,8.2,24.3,7.4,0.92,7.6,24.0,calibrated
el-nido,Décembre,12,26,30,67,5.1,6.1,4.8,mid,open-meteo,28.5,8.1,23.8,6.6,1.06,7.6,25.0,calibrated
cambodge,Janvier,1,23,32,8,0.5,8.3,5.8,mid,open-meteo,,,17.9,7.4,,,31.0,calibrated
cambodge,Février,2,24,34,9,0.7,8.5,5.3,mid,open-meteo,,,17.9,8.3,,,47.0,calibrated
cambodge,Mars,3,26,35,19,1.6,8.4,4.9,mid,open-meteo,,,20.4,8.8,,,52.0,calibrated
cambodge,Avril,4,26,35,43,3.6,7.6,4.5,mid,open-meteo,,,22.5,9.2,,,45.0,calibrated
cambodge,Mai,5,26,34,80,6.3,5.5,4.9,avoid,open-meteo,,,24.4,8.0,,,37.0,calibrated
cambodge,Juin,6,26,33,76,6.5,5.6,4.3,mid,open-meteo,,,24.4,7.9,,,21.0,calibrated
cambodge,Juillet,7,25,32,87,8.9,4.5,4.3,mid,open-meteo,,,24.2,6.8,,,19.0,calibrated
cambodge,Août,8,25,32,89,9.1,4.9,4.3,mid,open-meteo,,,24.4,8.5,,,21.0,calibrated
cambodge,Septembre,9,24,31,96,13.1,3.8,4.3,mid,open-meteo,,,24.4,7.5,,,20.0,calibrated
cambodge,Octobre,10,24,31,80,9.3,5.1,4.5,mid,open-meteo,,,23.8,7.7,,,26.0,calibrated
cambodge,Novembre,11,24,31,45,4.5,7.0,5.2,mid,open-meteo,,,22.4,7.2,,,28.0,calibrated
cambodge,Décembre,12,23,31,14,1.1,8.0,5.9,mid,open-meteo,,,19.4,6.5,,,28.0,calibrated
nepal,Janvier,1,5,17,13,0.7,7.0,7.5,rec,open-meteo,,,4.7,5.1,,,72.0,calibrated
nepal,Février,2,7,19,21,1.0,7.3,7.7,rec,open-meteo,,,6.7,6.2,,,66.0,calibrated
nepal,Mars,3,10,22,35,1.8,7.0,7.8,rec,open-meteo,,,8.8,7.4,,,60.0,calibrated
nepal,Avril,4,14,25,42,2.6,7.3,7.9,rec,open-meteo,,,10.9,8.5,,,61.0,calibrated
nepal,Mai,5,16,26,78,7.8,5.8,4.6,mid,open-meteo,,,15.8,7.9,,,65.0,calibrated
nepal,Juin,6,19,26,90,15.3,4.9,4.4,mid,open-meteo,,,19.6,8.1,,,65.0,calibrated
nepal,Juillet,7,20,26,100,28.9,3.0,1.8,avoid,open-meteo,,,20.8,6.9,,,36.0,calibrated
nepal,Août,8,20,27,100,23.4,3.4,4.3,mid,open-meteo,,,20.8,6.9,,,39.0,calibrated
nepal,Septembre,9,19,26,95,15.0,4.2,4.3,mid,open-meteo,,,19.6,6.9,,,38.0,calibrated
nepal,Octobre,10,15,24,43,3.1,6.3,7.7,rec,open-meteo,,,15.3,6.5,,,54.0,calibrated
nepal,Novembre,11,10,21,9,0.3,7.3,8.2,rec,open-meteo,,,10.5,5.3,,,86.0,calibrated
nepal,Décembre,12,6,18,6,0.2,7.2,7.8,rec,open-meteo,,,6.3,4.9,,,92.0,calibrated
lefkada,Janvier,1,1,7,48,5.6,5.0,0.9,avoid,open-meteo,17.9,3.9,-0.3,2.7,1.07,5.5,25.0,calibrated
lefkada,Février,2,2,8,35,3.7,6.1,4.1,mid,open-meteo,16.4,4.1,0.6,3.8,0.85,5.5,30.0,calibrated
lefkada,Mars,3,3,9,40,3.5,6.4,4.1,mid,open-meteo,15.8,4.0,1.6,5.4,0.9,5.2,35.0,calibrated
lefkada,Avril,4,5,12,29,2.3,7.7,4.3,mid,open-meteo,16.3,4.5,3.9,6.9,0.75,4.8,38.0,calibrated
lefkada,Mai,5,9,17,31,2.2,8.1,7.3,rec,open-meteo,19.1,5.3,7.1,7.1,0.57,4.7,41.0,calibrated
lefkada,Juin,6,14,22,17,1.4,9.4,8.4,rec,open-meteo,23.9,7.5,11.0,8.2,0.66,4.7,39.0,calibrated
lefkada,Juillet,7,16,26,7,0.3,9.7,9.2,rec,open-meteo,26.4,8.8,12.6,8.2,0.66,4.1,42.0,calibrated
lefkada,Août,8,17,26,13,0.8,8.8,8.9,rec,open-meteo,26.4,8.7,12.9,7.6,0.52,4.0,40.0,calibrated
lefkada,Septembre,9,14,21,25,3.0,7.3,7.8,rec,open-meteo,25.7,7.3,11.3,6.2,0.69,4.8,32.0,calibrated
lefkada,Octobre,10,10,16,30,3.9,6.6,4.5,mid,open-meteo,24.6,5.9,8.8,4.7,0.67,4.7,30.0,calibrated
lefkada,Novembre,11,7,12,50,7.8,5.0,4.1,mid,open-meteo,21.5,4.8,5.4,3.1,0.78,4.9,27.0,calibrated
lefkada,Décembre,12,3,8,43,5.3,5.1,1.1,avoid,open-meteo,18.2,3.9,1.9,2.3,1.15,5.8,26.0,calibrated
kos,Janvier,1,11,15,42,3.7,5.3,4.3,mid,open-meteo,18.5,3.8,7.0,2.8,1.41,5.8,30.0,calibrated
kos,Février,2,12,16,32,2.5,6.2,4.5,mid,open-meteo,16.9,4.1,7.9,4.2,1.1,5.1,33.0,calibrated
kos,Mars,3,13,17,23,1.7,7.2,7.4,rec,open-meteo,16.7,4.5,8.7,5.6,1.07,5.1,39.0,calibrated
kos,Avril,4,15,19,16,1.0,8.2,7.8,rec,open-meteo,17.5,5.2,11.5,6.8,1.04,5.1,44.0,calibrated
kos,Mai,5,18,22,12,0.5,9.2,8.5,rec,open-meteo,18.9,6.4,15.0,7.5,0.85,4.6,43.0,calibrated
kos,Juin,6,22,27,4,0.3,10.0,9.4,rec,open-meteo,21.7,7.9,18.2,8.0,0.85,4.6,45.0,calibrated
kos,Juillet,7,24,30,1,0.0,10.0,6.6,mid,open-meteo,22.8,8.6,19.3,8.0,1.0,4.9,44.0,calibrated
kos,Août,8,25,30,1,0.0,9.4,6.5,mid,open-meteo,25.5,9.2,20.6,7.5,0.89,4.6,46.0,calibrated
kos,Septembre,9,23,27,4,0.2,8.5,9.2,rec,open-meteo,26.0,8.7,18.5,6.4,0.87,4.6,39.0,calibrated
kos,Octobre,10,19,23,11,0.7,7.1,8.4,rec,open-meteo,24.9,7.4,15.5,5.0,0.88,4.8,33.0,calibrated
kos,Novembre,11,16,20,28,2.7,6.2,7.6,rec,open-meteo,22.8,6.1,12.6,3.5,0.88,4.6,29.0,calibrated
kos,Décembre,12,13,17,38,3.7,5.4,4.4,mid,open-meteo,20.5,4.6,9.1,2.6,1.18,5.1,31.0,calibrated
milos,Janvier,1,10,14,36,2.3,5.5,4.3,mid,open-meteo,16.6,3.2,6.1,2.8,1.74,6.2,31.0,calibrated
milos,Février,2,10,15,26,1.5,6.4,4.5,mid,open-meteo,16.0,3.8,7.0,4.2,1.3,5.3,33.0,calibrated
milos,Mars,3,11,16,23,1.2,7.2,7.3,rec,open-meteo,16.2,4.2,7.5,5.8,1.08,5.0,40.0,calibrated
milos,Avril,4,14,18,14,0.6,8.4,7.7,rec,open-meteo,16.7,4.8,9.6,7.1,1.21,5.4,45.0,calibrated
milos,Mai,5,17,22,8,0.3,9.2,8.6,rec,open-meteo,18.4,6.3,12.8,7.6,0.82,4.5,41.0,calibrated
milos,Juin,6,21,27,3,0.1,10.0,9.5,rec,open-meteo,22.6,8.1,16.2,8.4,0.82,4.5,44.0,calibrated
milos,Juillet,7,24,29,2,0.1,9.8,9.5,rec,open-meteo,26.2,9.1,17.7,8.3,0.94,4.8,43.0,calibrated
milos,Août,8,24,28,3,0.1,9.3,9.5,rec,open-meteo,26.5,9.0,18.6,7.8,0.74,4.5,43.0,calibrated
milos,Septembre,9,22,26,6,0.3,8.4,9.0,rec,open-meteo,24.5,8.2,16.7,6.7,0.72,4.6,39.0,calibrated
milos,Octobre,10,18,22,10,0.6,7.1,8.3,rec,open-meteo,23.4,6.8,14.1,5.3,1.11,5.1,36.0,calibrated
milos,Novembre,11,15,19,23,1.4,6.3,7.5,rec,open-meteo,21.0,5.3,11.4,3.7,1.23,5.3,31.0,calibrated
milos,Décembre,12,12,16,35,2.4,5.5,4.4,mid,open-meteo,18.9,4.0,8.1,2.8,1.33,5.6,31.0,calibrated
hydra,Janvier,1,8,14,26,1.8,5.7,4.4,mid,open-meteo,16.4,4.1,5.0,2.9,0.95,4.8,28.0,calibrated
hydra,Février,2,9,15,23,1.5,6.4,4.5,mid,open-meteo,15.3,4.2,6.0,4.1,0.76,4.4,31.0,calibrated
hydra,Mars,3,10,17,22,1.3,7.2,7.4,rec,open-meteo,15.5,4.6,6.5,5.6,0.57,4.1,38.0,calibrated
hydra,Avril,4,13,20,18,0.9,8.2,7.9,rec,open-meteo,16.7,5.5,8.1,7.2,0.68,4.2,43.0,calibrated
hydra,Mai,5,16,24,15,0.5,8.9,8.6,rec,open-meteo,18.7,6.8,11.3,7.5,0.41,3.8,39.0,calibrated
hydra,Juin,6,22,30,9,0.4,9.7,9.1,rec,open-meteo,22.4,8.7,14.7,8.3,0.42,3.8,45.0,calibrated
hydra,Juillet,7,25,33,5,0.2,9.7,8.5,rec,open-meteo,26.8,9.1,15.3,8.3,0.5,3.9,44.0,calibrated
hydra,Août,8,25,32,5,0.3,9.2,6.0,mid,open-meteo,26.9,9.2,16.0,7.8,0.4,3.7,44.0,calibrated
hydra,Septembre,9,22,29,11,1.0,8.1,8.9,rec,open-meteo,25.3,8.9,15.1,6.6,0.35,3.6,38.0,calibrated
hydra,Octobre,10,17,23,12,1.2,7.0,8.3,rec,open-meteo,23.6,7.3,13.2,5.2,0.62,4.0,33.0,calibrated
hydra,Novembre,11,14,19,24,1.7,6.0,7.5,rec,open-meteo,21.4,5.7,10.7,3.5,0.78,4.4,30.0,calibrated
hydra,Décembre,12,10,16,26,2.0,5.8,4.5,mid,open-meteo,18.2,4.5,7.3,2.7,0.84,4.7,29.0,calibrated
turin,Janvier,1,-2,7,19,1.4,3.6,4.1,mid,open-meteo,,,-2.3,1.8,,,91.0,observed
turin,Février,2,0,11,24,2.0,4.2,4.2,mid,open-meteo,,,0.3,2.4,,,80.0,observed
turin,Mars,3,3,14,26,2.4,5.1,4.3,mid,open-meteo,,,2.2,3.4,,,59.0,observed
turin,Avril,4,7,18,34,3.0,6.0,7.3,rec,open-meteo,,,5.6,5.0,,,41.0,observed
turin,Mai,5,11,22,51,4.7,6.3,7.4,rec,open-meteo,,,10.9,5.7,,,30.0,observed
turin,Juin,6,16,27,40,3.3,7.3,8.1,rec,open-meteo,,,15.1,6.6,,,32.0,observed
turin,Juillet,7,19,30,35,2.3,8.4,5.6,mid,open-meteo,,,16.6,6.9,,,38.0,observed
turin,Août,8,19,30,32,2.5,7.2,8.2,rec,open-meteo,,,15.9,6.4,,,38.0,observed
turin,Septembre,9,15,24,30,2.6,5.6,7.9,rec,open-meteo,,,12.8,4.4,,,29.0,observed
turin,Octobre,10,10,19,29,3.0,4.6,7.3,rec,open-meteo,,,9.7,2.7,,,40.0,observed
turin,Novembre,11,3,12,29,3.4,3.5,4.2,mid,open-meteo,,,4.0,2.4,,,80.0,observed
turin,Décembre,12,-1,8,20,1.7,3.5,4.1,mid,open-meteo,,,-0.4,1.7,,,78.0,observed
bologne,Janvier,1,0,8,22,1.4,2.5,4.1,mid,open-meteo,,,0.8,1.8,,,58.0,observed
bologne,Février,2,3,12,27,2.7,3.4,4.2,mid,open-meteo,,,2.7,2.4,,,54.0,observed
bologne,Mars,3,5,15,27,2.0,4.9,4.4,mid,open-meteo,,,3.7,3.9,,,35.0,observed
bologne,Avril,4,9,19,31,2.0,5.8,7.4,rec,open-meteo,,,6.6,5.4,,,32.0,observed
bologne,Mai,5,13,22,43,4.1,7.4,7.7,rec,open-meteo,,,11.4,6.2,,,30.0,observed
bologne,Juin,6,18,29,24,2.0,8.5,8.6,rec,open-meteo,,,14.6,6.8,,,34.0,observed
bologne,Juillet,7,21,32,22,1.4,9.4,8.3,rec,open-meteo,,,15.9,7.1,,,37.0,observed
bologne,Août,8,20,32,25,1.6,8.4,8.1,rec,open-meteo,,,15.8,6.3,,,38.0,observed
bologne,Septembre,9,16,26,31,2.6,6.7,8.1,rec,open-meteo,,,13.4,4.7,,,28.0,observed
bologne,Octobre,10,12,20,28,2.3,4.8,7.5,rec,open-meteo,,,11.3,2.5,,,27.0,observed
bologne,Novembre,11,6,13,34,3.1,2.7,4.1,mid,open-meteo,,,6.5,2.2,,,57.0,observed
bologne,Décembre,12,2,9,28,2.3,2.4,4.1,mid,open-meteo,,,2.7,1.6,,,44.0,observed
verone,Janvier,1,0,8,20,1.5,2.9,4.1,mid,open-meteo,,,1.9,1.7,,,87.0,observed
verone,Février,2,3,11,28,2.4,4.6,4.2,mid,open-meteo,,,3.4,2.2,,,84.0,observed
verone,Mars,3,5,15,30,2.1,5.9,4.4,mid,open-meteo,,,4.9,3.3,,,50.0,observed
verone,Avril,4,9,19,32,2.5,6.1,7.4,rec,open-meteo,,,7.8,5.1,,,42.0,observed
verone,Mai,5,13,22,51,4.6,7.7,7.5,rec,open-meteo,,,12.7,5.8,,,32.0,observed
verone,Juin,6,18,28,36,2.7,8.7,8.4,rec,open-meteo,,,16.9,6.7,,,39.0,observed
verone,Juillet,7,20,30,35,2.4,9.9,5.7,mid,open-meteo,,,18.9,6.8,,,40.0,observed
verone,Août,8,20,30,28,2.5,9.0,5.8,mid,open-meteo,,,18.8,6.1,,,41.0,observed
verone,Septembre,9,16,25,29,2.9,6.8,8.1,rec,open-meteo,,,15.7,4.5,,,30.0,observed
verone,Octobre,10,11,19,26,2.8,4.2,7.4,rec,open-meteo,,,12.6,2.1,,,35.0,observed
verone,Novembre,11,6,13,33,3.1,2.8,4.2,mid,open-meteo,,,7.9,2.1,,,69.0,observed
verone,Décembre,12,1,8,23,2.1,2.8,4.1,mid,open-meteo,,,4.2,1.6,,,64.0,observed
bilbao,Janvier,1,6,12,50,4.6,2.6,1.0,avoid,open-meteo,14.1,2.2,5.3,2.0,1.81,11.2,32.0,observed
bilbao,Février,2,6,15,47,3.8,3.4,4.1,mid,open-meteo,13.2,2.0,6.0,2.6,2.54,11.7,37.0,observed
bilbao,Mars,3,7,16,54,3.4,4.4,4.2,mid,open-meteo,13.2,2.2,6.7,4.3,2.01,10.2,32.0,observed
bilbao,Avril,4,9,17,46,2.9,4.8,4.3,mid,open-meteo,14.5,3.4,8.4,5.5,1.43,8.5,30.0,observed
bilbao,Mai,5,11,19,46,2.6,5.7,4.5,mid,open-meteo,16.7,4.4,11.5,6.1,1.26,8.0,26.0,observed
bilbao,Juin,6,15,23,41,2.3,6.0,7.6,rec,open-meteo,20.4,5.9,14.9,6.0,1.18,7.6,26.0,observed
bilbao,Juillet,7,17,24,31,1.5,6.0,7.9,rec,open-meteo,22.2,6.8,16.5,7.0,1.0,7.8,24.0,observed
bilbao,Août,8,17,25,30,1.6,5.9,8.0,rec,open-meteo,22.9,6.9,16.6,6.0,1.26,9.3,26.0,observed
bilbao,Septembre,9,15,24,40,2.6,5.4,7.7,rec,open-meteo,22.2,6.2,14.8,4.8,1.36,7.9,24.0,observed
bilbao,Octobre,10,13,21,41,3.2,4.2,7.3,rec,open-meteo,20.1,4.9,12.2,3.4,1.55,10.3,22.0,observed
bilbao,Novembre,11,9,16,55,5.5,2.8,4.1,mid,open-meteo,17.3,3.2,8.9,2.3,1.37,10.1,27.0,observed
bilbao,Décembre,12,7,14,49,4.1,2.6,1.2,avoid,open-meteo,15.1,2.1,7.1,1.7,2.15,10.5,26.0,observed
la-palma,Janvier,1,15,21,26,1.4,4.7,7.6,rec,open-meteo,20.8,5.4,12.7,4.5,1.47,10.7,52.0,observed
la-palma,Février,2,14,21,25,1.5,5.2,7.7,rec,open-meteo,20.2,5.4,12.2,5.7,1.44,9.5,57.0,observed
la-palma,Mars,3,15,21,28,1.7,5.9,7.7,rec,open-meteo,20.5,5.4,13.1,6.3,1.49,9.7,36.0,observed
la-palma,Avril,4,16,22,30,2.2,6.0,7.8,rec,open-meteo,20.5,6.1,14.2,7.4,1.11,8.5,40.0,observed
la-palma,Mai,5,17,24,18,1.0,6.3,8.2,rec,open-meteo,21.3,7.0,15.4,6.7,0.91,7.8,33.0,observed
la-palma,Juin,6,19,26,18,1.1,6.8,8.5,rec,open-meteo,23.4,7.8,17.4,7.6,0.83,7.0,29.0,observed
la-palma,Juillet,7,21,28,1,0.0,7.6,9.3,rec,open-meteo,24.1,8.6,17.9,8.8,0.86,7.9,25.0,observed
la-palma,Août,8,22,30,4,0.1,7.2,6.2,mid,open-meteo,24.6,8.8,18.3,8.4,1.06,7.9,31.0,observed
la-palma,Septembre,9,21,28,16,1.0,6.2,8.6,rec,open-meteo,25.3,8.5,19.4,6.7,0.88,7.6,32.0,observed
la-palma,Octobre,10,20,26,25,1.4,5.6,8.1,rec,open-meteo,25.4,7.7,17.6,5.7,1.13,8.7,32.0,observed
la-palma,Novembre,11,18,23,37,2.3,4.6,7.6,rec,open-meteo,23.8,6.7,16.0,4.8,1.06,9.9,45.0,observed
la-palma,Décembre,12,16,21,33,1.6,4.5,7.5,rec,open-meteo,22.4,5.9,14.1,3.8,1.19,8.3,61.0,observed
la-gomera,Janvier,1,15,21,9,0.4,7.2,8.2,rec,open-meteo,21.2,6.2,12.1,4.9,1.01,9.8,58.0,calibrated
la-gomera,Février,2,15,21,11,0.6,7.7,8.2,rec,open-meteo,20.1,5.9,11.7,6.0,1.17,9.4,65.0,calibrated
la-gomera,Mars,3,16,22,15,0.5,7.9,8.3,rec,open-meteo,20.7,5.9,12.8,7.3,1.43,10.7,36.0,calibrated
la-gomera,Avril,4,17,23,14,0.6,8.6,8.5,rec,open-meteo,20.8,6.6,13.8,8.1,1.06,9.5,43.0,calibrated
la-gomera,Mai,5,18,24,5,0.2,9.5,9.0,rec,open-meteo,21.5,7.1,15.1,8.1,1.08,10.0,33.0,calibrated
la-gomera,Juin,6,19,25,5,0.3,9.9,9.1,rec,open-meteo,23.3,7.6,17.0,8.7,1.14,7.9,28.0,calibrated
la-gomera,Juillet,7,20,26,0,0.0,9.8,9.4,rec,open-meteo,24.7,8.1,18.4,8.8,1.21,9.7,25.0,calibrated
la-gomera,Août,8,21,28,2,0.1,9.2,9.5,rec,open-meteo,24.4,8.1,19.2,8.5,1.38,9.0,29.0,calibrated
la-gomera,Septembre,9,21,27,6,0.6,8.7,9.2,rec,open-meteo,25.0,8.3,19.1,7.6,1.04,8.5,32.0,calibrated
la-gomera,Octobre,10,20,26,8,0.4,7.9,8.9,rec,open-meteo,25.2,7.9,17.3,6.6,1.12,9.7,30.0,calibrated
la-gomera,Novembre,11,19,24,13,0.6,7.1,8.4,rec,open-meteo,24.0,7.4,15.5,5.1,0.83,10.4,47.0,calibrated
la-gomera,Décembre,12,16,22,14,0.6,7.0,8.2,rec,open-meteo,22.6,6.4,13.5,4.5,1.24,8.1,66.0,calibrated
sintra,Janvier,1,8,14,33,3.0,4.9,4.3,mid,open-meteo,15.5,2.4,7.5,2.7,3.04,11.0,31.0,observed
sintra,Février,2,9,15,31,2.4,5.3,4.4,mid,open-meteo,14.1,2.2,7.6,4.0,3.35,11.3,35.0,observed
sintra,Mars,3,9,15,40,3.6,6.6,4.3,mid,open-meteo,15.3,2.2,8.3,5.0,3.82,10.2,33.0,observed
sintra,Avril,4,11,17,40,2.9,7.5,4.5,mid,open-meteo,16.2,3.2,10.0,6.7,2.27,8.7,33.0,observed
sintra,Mai,5,13,20,24,1.7,8.2,7.8,rec,open-meteo,16.5,4.3,11.8,7.6,1.87,8.1,31.0,observed
sintra,Juin,6,15,21,23,1.0,9.0,8.1,rec,open-meteo,18.1,5.0,13.9,7.4,1.81,7.8,29.0,observed
sintra,Juillet,7,16,23,6,0.2,10.0,8.9,rec,open-meteo,16.6,5.7,15.3,7.5,1.47,7.2,26.0,observed
sintra,Août,8,17,24,4,0.1,9.9,9.1,rec,open-meteo,16.1,5.3,15.6,7.0,1.87,8.7,27.0,observed
sintra,Septembre,9,16,23,17,1.1,8.1,8.3,rec,open-meteo,18.3,5.3,14.6,6.3,1.73,8.2,29.0,observed
sintra,Octobre,10,15,21,34,2.8,6.6,7.6,rec,open-meteo,19.6,4.3,13.3,4.4,2.73,9.6,26.0,observed
sintra,Novembre,11,11,17,45,3.7,5.3,4.4,mid,open-meteo,17.7,3.1,11.0,3.3,1.99,10.2,30.0,observed
sintra,Décembre,12,10,15,38,3.4,4.1,4.2,mid,open-meteo,16.1,2.6,9.4,2.7,2.28,10.3,31.0,observed
dordogne,Janvier,1,3,9,43,3.0,2.9,1.0,avoid,open-meteo,,,3.2,1.6,,,23.0,calibrated
dordogne,Février,2,4,12,37,2.5,4.5,4.2,mid,open-meteo,,,4.0,2.4,,,27.0,calibrated
dordogne,Mars,3,6,14,44,2.9,5.4,4.2,mid,open-meteo,,,5.2,3.8,,,27.0,calibrated
dordogne,Avril,4,8,17,38,2.5,6.4,4.5,mid,open-meteo,,,6.4,5.7,,,30.0,calibrated
dordogne,Mai,5,11,20,42,2.7,7.0,7.4,rec,open-meteo,,,10.2,5.6,,,27.0,calibrated
dordogne,Juin,6,15,25,44,3.3,7.3,7.8,rec,open-meteo,,,14.0,6.3,,,26.0,calibrated
dordogne,Juillet,7,17,27,24,1.3,8.7,8.6,rec,open-meteo,,,14.5,6.8,,,25.0,calibrated
dordogne,Août,8,17,28,22,1.3,8.1,8.7,rec,open-meteo,,,14.4,6.3,,,26.0,calibrated
dordogne,Septembre,9,14,24,29,2.0,6.8,8.0,rec,open-meteo,,,12.2,4.4,,,25.0,calibrated
dordogne,Octobre,10,11,19,35,3.0,5.3,7.3,rec,open-meteo,,,10.8,3.1,,,22.0,calibrated
dordogne,Novembre,11,7,13,43,3.4,4.1,4.1,mid,open-meteo,,,7.2,2.0,,,23.0,calibrated
dordogne,Décembre,12,4,11,41,3.4,3.3,4.1,mid,open-meteo,,,5.3,1.6,,,24.0,calibrated
strasbourg,Janvier,1,0,6,43,2.7,1.8,0.7,avoid,open-meteo,,,0.2,1.2,,,35.0,observed
strasbourg,Février,2,1,9,42,2.4,3.0,1.0,avoid,open-meteo,,,0.8,2.0,,,29.0,observed
strasbourg,Mars,3,3,12,40,2.1,4.7,4.1,mid,open-meteo,,,2.6,3.3,,,34.0,observed
strasbourg,Avril,4,6,16,36,2.1,6.2,4.4,mid,open-meteo,,,4.7,4.4,,,28.0,observed
strasbourg,Mai,5,10,20,41,2.6,6.7,7.4,rec,open-meteo,,,9.1,5.2,,,26.0,observed
strasbourg,Juin,6,15,26,44,2.7,7.5,7.9,rec,open-meteo,,,13.0,6.0,,,26.0,observed
strasbourg,Juillet,7,16,26,38,2.6,7.7,8.1,rec,open-meteo,,,13.5,6.0,,,27.0,observed
strasbourg,Août,8,16,26,36,2.2,7.2,8.1,rec,open-meteo,,,14.5,5.7,,,29.0,observed
strasbourg,Septembre,9,13,22,32,2.2,5.8,7.7,rec,open-meteo,,,11.4,4.1,,,26.0,observed
strasbourg,Octobre,10,9,16,40,2.5,3.2,4.2,mid,open-meteo,,,8.8,2.5,,,28.0,observed
strasbourg,Novembre,11,4,9,42,2.6,1.8,0.9,avoid,open-meteo,,,4.3,1.7,,,46.0,observed
strasbourg,Décembre,12,1,6,43,2.7,1.4,0.7,avoid,open-meteo,,,2.1,1.1,,,40.0,observed
chamonix,Janvier,1,-4,4,45,6.0,4.1,0.8,avoid,open-meteo,,,-6.2,2.0,,,25.0,calibrated
chamonix,Février,2,-2,7,41,4.5,5.2,1.1,avoid,open-meteo,,,-4.6,3.0,,,26.0,calibrated
chamonix,Mars,3,-1,8,45,4.8,5.8,1.1,avoid,open-meteo,,,-1.8,4.4,,,29.0,calibrated
chamonix,Avril,4,2,13,48,4.4,6.6,4.2,mid,open-meteo,,,1.2,6.1,,,31.0,calibrated
chamonix,Mai,5,6,16,61,6.2,6.4,4.2,mid,open-meteo,,,6.4,6.1,,,29.0,calibrated
chamonix,Juin,6,10,21,57,4.7,7.0,7.3,rec,open-meteo,,,11.1,6.2,,,27.0,calibrated
chamonix,Juillet,7,13,23,45,3.9,7.9,7.7,rec,open-meteo,,,12.1,6.8,,,27.0,calibrated
chamonix,Août,8,13,24,39,3.4,7.5,7.9,rec,open-meteo,,,12.0,6.4,,,29.0,calibrated
chamonix,Septembre,9,10,18,46,4.1,6.1,4.5,mid,open-meteo,,,9.3,4.3,,,26.0,calibrated
chamonix,Octobre,10,6,15,37,4.2,5.7,4.3,mid,open-meteo,,,5.4,3.0,,,22.0,calibrated
chamonix,Novembre,11,0,8,45,5.4,4.4,1.0,avoid,open-meteo,,,-0.2,2.4,,,26.0,calibrated
chamonix,Décembre,12,-3,6,43,6.2,4.2,0.9,avoid,open-meteo,,,-4.8,1.8,,,27.0,calibrated
montpellier,Janvier,1,4,12,28,2.1,4.7,4.2,mid,open-meteo,,,2.4,2.0,,,23.0,observed
montpellier,Février,2,5,14,28,2.1,6.0,4.4,mid,open-meteo,,,3.6,3.0,,,25.0,observed
montpellier,Mars,3,7,16,27,2.3,7.1,7.3,rec,open-meteo,,,4.9,4.3,,,28.0,observed
montpellier,Avril,4,9,18,26,2.4,7.6,7.5,rec,open-meteo,,,6.4,5.5,,,32.0,observed
montpellier,Mai,5,13,22,27,2.4,8.8,8.1,rec,open-meteo,,,9.9,6.3,,,29.0,observed
montpellier,Juin,6,18,27,21,1.5,10.5,9.0,rec,open-meteo,,,13.9,6.9,,,30.0,observed
montpellier,Juillet,7,20,31,9,0.6,11.1,9.2,rec,open-meteo,,,14.4,7.1,,,29.0,observed
montpellier,Août,8,20,30,12,1.1,9.8,9.0,rec,open-meteo,,,14.7,6.7,,,31.0,observed
montpellier,Septembre,9,16,26,20,2.8,8.2,8.6,rec,open-meteo,,,12.6,5.1,,,27.0,observed
montpellier,Octobre,10,13,21,33,3.6,5.7,7.6,rec,open-meteo,,,11.2,3.4,,,24.0,observed
montpellier,Novembre,11,8,15,37,3.6,4.9,4.3,mid,open-meteo,,,6.9,2.3,,,26.0,observed
montpellier,Décembre,12,4,13,29,2.3,4.4,4.2,mid,open-meteo,,,4.7,1.9,,,24.0,observed
plitvice,Janvier,1,-2,5,42,3.9,3.7,0.8,avoid,open-meteo,,,-2.0,1.8,,,26.0,calibrated
plitvice,Février,2,0,8,41,4.3,4.7,1.1,avoid,open-meteo,,,-0.6,2.5,,,29.0,calibrated
plitvice,Mars,3,2,11,40,4.0,5.8,4.1,mid,open-meteo,,,0.2,3.6,,,32.0,calibrated
plitvice,Avril,4,6,14,42,3.4,6.8,4.3,mid,open-meteo,,,3.5,5.2,,,34.0,calibrated
plitvice,Mai,5,10,18,56,5.9,6.5,4.4,mid,open-meteo,,,9.1,6.1,,,29.0,calibrated
plitvice,Juin,6,14,23,42,3.4,8.0,7.8,rec,open-meteo,,,13.0,6.4,,,32.0,calibrated
plitvice,Juillet,7,16,26,34,3.5,8.4,8.2,rec,open-meteo,,,13.9,7.1,,,31.0,calibrated
plitvice,Août,8,16,25,30,2.7,7.9,8.2,rec,open-meteo,,,14.3,6.3,,,32.0,calibrated
plitvice,Septembre,9,12,21,41,4.2,6.5,7.5,rec,open-meteo,,,11.0,4.1,,,28.0,calibrated
plitvice,Octobre,10,9,16,33,3.9,5.8,4.4,mid,open-meteo,,,8.1,2.8,,,26.0,calibrated
plitvice,Novembre,11,4,10,48,5.1,3.6,1.0,avoid,open-meteo,,,4.0,1.9,,,34.0,calibrated
plitvice,Décembre,12,0,6,39,4.0,3.7,0.9,avoid,open-meteo,,,0.5,1.2,,,27.0,calibrated
zagreb,Janvier,1,-2,5,32,2.0,2.2,0.8,avoid,open-meteo,,,-2.0,1.6,,,61.0,observed
zagreb,Février,2,0,9,28,2.1,3.5,4.1,mid,open-meteo,,,-0.6,2.4,,,60.0,observed
zagreb,Mars,3,3,13,31,2.0,4.8,4.2,mid,open-meteo,,,0.2,3.7,,,49.0,observed
zagreb,Avril,4,6,17,31,2.2,6.3,7.2,rec,open-meteo,,,3.5,5.1,,,34.0,observed
zagreb,Mai,5,11,21,49,3.6,7.9,7.5,rec,open-meteo,,,9.1,5.9,,,30.0,observed
zagreb,Juin,6,16,26,34,2.6,8.9,8.3,rec,open-meteo,,,13.0,6.4,,,33.0,observed
zagreb,Juillet,7,18,28,29,2.6,9.5,8.7,rec,open-meteo,,,13.9,6.9,,,34.0,observed
zagreb,Août,8,18,28,29,2.4,8.8,8.6,rec,open-meteo,,,14.3,6.3,,,36.0,observed
zagreb,Septembre,9,14,23,33,3.2,6.1,7.8,rec,open-meteo,,,11.0,4.0,,,29.0,observed
zagreb,Octobre,10,9,18,27,2.4,4.2,7.3,rec,open-meteo,,,8.1,3.0,,,39.0,observed
zagreb,Novembre,11,4,10,33,3.1,2.2,1.2,avoid,open-meteo,,,4.0,2.0,,,58.0,observed
zagreb,Décembre,12,0,6,31,2.2,1.7,0.9,avoid,open-meteo,,,0.5,1.3,,,60.0,observed
izmir,Janvier,1,6,13,36,4.4,4.5,4.2,mid,open-meteo,14.6,3.9,3.9,2.5,0.24,4.3,41.0,observed
izmir,Février,2,7,15,31,2.4,5.2,4.4,mid,open-meteo,13.2,4.0,5.1,3.8,0.18,4.1,47.0,observed
izmir,Mars,3,8,17,27,2.4,6.5,7.3,rec,open-meteo,14.7,4.5,6.1,5.2,0.15,3.2,49.0,observed
izmir,Avril,4,12,22,21,1.7,7.8,8.1,rec,open-meteo,16.0,5.8,8.8,6.6,0.22,3.3,42.0,observed
izmir,Mai,5,16,26,21,1.3,9.6,8.7,rec,open-meteo,18.9,7.1,12.2,7.1,0.16,3.2,40.0,observed
izmir,Juin,6,21,32,13,0.8,11.5,8.8,rec,open-meteo,23.3,8.6,15.1,7.9,0.23,3.8,43.0,observed
izmir,Juillet,7,24,36,2,0.1,12.3,5.3,mid,open-meteo,26.0,8.7,14.7,7.9,0.31,3.3,37.0,observed
izmir,Août,8,24,36,4,0.1,11.6,5.2,mid,open-meteo,26.4,8.6,16.1,7.4,0.24,3.8,39.0,observed
izmir,Septembre,9,20,31,7,0.6,9.7,9.0,rec,open-meteo,25.0,9.0,14.2,6.2,0.17,3.8,37.0,observed
izmir,Octobre,10,16,25,12,1.1,7.6,8.6,rec,open-meteo,22.5,7.4,11.9,4.8,0.16,4.3,32.0,observed
izmir,Novembre,11,12,20,27,3.2,5.8,7.6,rec,open-meteo,19.4,5.7,9.1,3.2,0.16,4.5,42.0,observed
izmir,Décembre,12,8,15,30,3.2,4.2,4.3,mid,open-meteo,16.9,4.4,6.2,2.2,0.17,3.6,42.0,observed
fethiye,Janvier,1,7,15,42,5.6,4.5,4.2,mid,open-meteo,19.0,4.4,5.1,2.9,0.76,5.0,23.0,observed
fethiye,Février,2,7,16,30,2.2,5.4,4.5,mid,open-meteo,17.7,4.6,5.9,4.2,0.57,4.5,26.0,observed
fethiye,Mars,3,8,18,30,2.9,7.0,7.4,rec,open-meteo,17.8,5.0,7.1,5.6,0.67,4.5,31.0,observed
fethiye,Avril,4,11,22,22,1.9,8.3,8.2,rec,open-meteo,18.1,6.0,9.8,6.9,0.67,4.5,39.0,observed
fethiye,Mai,5,15,26,23,1.4,9.7,8.7,rec,open-meteo,20.6,7.3,13.3,7.5,0.64,4.2,41.0,observed
fethiye,Juin,6,20,30,11,0.5,11.5,6.5,mid,open-meteo,24.4,9.1,16.5,8.1,0.53,4.1,42.0,observed
fethiye,Juillet,7,23,35,3,0.1,11.9,5.5,mid,open-meteo,28.0,9.0,17.1,8.0,0.55,4.2,38.0,observed
fethiye,Août,8,24,34,7,0.3,10.9,5.6,mid,open-meteo,29.2,9.0,19.1,7.6,0.54,4.2,40.0,observed
fethiye,Septembre,9,20,31,12,0.7,9.8,6.2,mid,open-meteo,27.9,9.2,16.7,6.5,0.59,3.9,32.0,observed
fethiye,Octobre,10,16,26,16,1.7,7.7,8.6,rec,open-meteo,26.2,8.4,13.5,5.1,0.3,3.8,29.0,observed
fethiye,Novembre,11,12,22,27,3.2,5.7,7.8,rec,open-meteo,23.8,7.0,9.8,3.6,0.4,4.2,24.0,observed
fethiye,Décembre,12,8,18,34,4.0,4.1,4.5,mid,open-meteo,21.4,5.3,7.0,2.7,0.83,5.0,23.0,observed
hambourg,Janvier,1,1,5,44,2.5,1.4,0.6,avoid,open-meteo,,,0.5,0.8,,,25.0,observed
hambourg,Février,2,1,7,44,2.4,2.4,0.8,avoid,open-meteo,,,0.5,1.3,,,25.0,observed
hambourg,Mars,3,2,9,35,1.6,3.9,4.1,mid,open-meteo,,,1.5,2.9,,,31.0,observed
hambourg,Avril,4,4,13,38,1.7,6.1,4.2,mid,open-meteo,,,3.5,3.9,,,26.0,observed
hambourg,Mai,5,9,18,37,1.9,7.1,7.3,rec,open-meteo,,,7.6,5.7,,,28.0,observed
hambourg,Juin,6,13,22,39,2.6,7.0,7.7,rec,open-meteo,,,11.6,5.7,,,25.0,observed
hambourg,Juillet,7,14,22,48,3.0,7.1,7.5,rec,open-meteo,,,12.7,5.7,,,25.0,observed
hambourg,Août,8,14,22,39,2.0,6.5,7.6,rec,open-meteo,,,13.4,5.0,,,26.0,observed
hambourg,Septembre,9,12,19,32,1.9,5.1,7.3,rec,open-meteo,,,11.0,3.9,,,26.0,observed
hambourg,Octobre,10,9,14,45,2.6,3.5,4.1,mid,open-meteo,,,8.3,2.2,,,24.0,observed
hambourg,Novembre,11,4,9,43,2.1,1.7,0.9,avoid,open-meteo,,,4.4,1.0,,,31.0,observed
hambourg,Décembre,12,2,6,44,2.2,1.2,0.7,avoid,open-meteo,,,2.6,0.6,,,29.0,observed
francfort,Janvier,1,0,5,42,2.3,1.7,0.7,avoid,open-meteo,,,0.1,1.2,,,28.0,observed
francfort,Février,2,0,8,40,1.9,2.8,0.9,avoid,open-meteo,,,0.5,1.8,,,25.0,observed
francfort,Mars,3,2,11,39,1.6,4.4,4.1,mid,open-meteo,,,2.0,3.2,,,34.0,observed
francfort,Avril,4,5,15,35,1.7,6.4,4.4,mid,open-meteo,,,3.8,4.2,,,27.0,observed
francfort,Mai,5,10,20,34,2.3,7.1,7.5,rec,open-meteo,,,8.1,5.3,,,26.0,observed
francfort,Juin,6,14,25,35,2.2,7.6,8.1,rec,open-meteo,,,11.8,6.1,,,28.0,observed
francfort,Juillet,7,16,26,34,2.0,7.6,8.2,rec,open-meteo,,,12.3,6.0,,,28.0,observed
francfort,Août,8,16,26,32,1.9,7.3,8.2,rec,open-meteo,,,13.3,5.8,,,30.0,observed
francfort,Septembre,9,12,21,31,1.9,5.5,7.6,rec,open-meteo,,,10.5,4.2,,,26.0,observed
francfort,Octobre,10,8,15,39,2.1,3.4,4.2,mid,open-meteo,,,8.3,2.6,,,25.0,observed
francfort,Novembre,11,4,9,44,1.9,1.7,0.8,avoid,open-meteo,,,4.1,1.5,,,36.0,observed
francfort,Décembre,12,1,6,41,2.2,1.3,0.7,avoid,open-meteo,,,2.1,1.0,,,33.0,observed
helsinki,Janvier,1,-4,0,47,2.2,1.2,0.6,avoid,open-meteo,-0.2,2.7,-5.3,0.5,0.63,5.3,23.0,observed
helsinki,Février,2,-4,1,40,2.1,2.5,0.7,avoid,open-meteo,-0.2,3.0,-4.7,1.1,0.47,3.8,22.0,observed
helsinki,Mars,3,-3,2,33,1.4,4.5,1.0,avoid,open-meteo,0.2,3.4,-3.3,2.1,0.29,3.3,23.0,observed
helsinki,Avril,4,0,7,34,1.6,6.5,4.1,mid,open-meteo,3.2,3.7,-0.4,3.2,0.5,3.8,26.0,observed
helsinki,Mai,5,6,13,29,1.5,9.2,4.5,mid,open-meteo,9.3,4.0,4.4,5.4,0.28,2.8,26.0,observed
helsinki,Juin,6,12,19,35,2.0,9.9,7.6,rec,open-meteo,15.7,4.8,9.7,5.8,0.43,3.7,29.0,observed
helsinki,Juillet,7,14,20,41,2.5,9.4,7.6,rec,open-meteo,17.9,5.2,12.8,5.1,0.41,3.6,27.0,observed
helsinki,Août,8,14,20,44,2.8,7.7,7.4,rec,open-meteo,18.6,5.1,13.0,4.5,0.43,3.9,25.0,observed
helsinki,Septembre,9,11,16,37,2.4,5.0,4.4,mid,open-meteo,17.4,3.9,9.6,3.0,0.46,3.7,24.0,observed
helsinki,Octobre,10,5,10,46,2.8,3.0,1.0,avoid,open-meteo,9.7,2.8,4.4,1.4,0.72,4.9,21.0,observed
helsinki,Novembre,11,1,5,47,2.6,1.2,0.6,avoid,open-meteo,4.2,2.6,1.0,0.5,0.79,5.3,21.0,observed
helsinki,Décembre,12,-2,2,46,2.2,0.9,0.6,avoid,open-meteo,0.3,2.7,-2.4,0.3,0.72,5.1,23.0,observed
tromso,Janvier,1,-8,-3,52,4.8,0.1,0.5,avoid,open-meteo,,,-8.4,0.0,,,23.0,observed
tromso,Février,2,-7,-2,54,4.1,1.3,0.6,avoid,open-meteo,,,-7.0,0.4,,,25.0,observed
tromso,Mars,3,-6,-1,59,4.3,3.6,0.6,avoid,open-meteo,,,-5.5,1.4,,,25.0,observed
tromso,Avril,4,-3,3,57,3.5,5.7,0.7,avoid,open-meteo,,,-2.4,2.9,,,28.0,observed
tromso,Mai,5,2,7,55,3.4,6.9,0.9,avoid,open-meteo,,,1.8,3.3,,,27.0,observed
tromso,Juin,6,7,13,61,3.6,8.0,4.1,mid,open-meteo,,,6.7,3.9,,,23.0,observed
tromso,Juillet,7,10,17,47,3.3,7.3,4.4,mid,open-meteo,,,10.4,3.8,,,21.0,observed
tromso,Août,8,9,15,60,4.2,5.3,4.1,mid,open-meteo,,,10.0,3.0,,,22.0,observed
tromso,Septembre,9,6,11,56,3.9,3.2,0.9,avoid,open-meteo,,,6.7,1.6,,,23.0,observed
tromso,Octobre,10,1,4,54,3.4,1.8,0.6,avoid,open-meteo,,,1.1,0.5,,,21.0,observed
tromso,Novembre,11,-4,1,55,3.7,0.3,0.5,avoid,open-meteo,,,-3.1,0.1,,,24.0,observed
tromso,Décembre,12,-7,-2,50,3.6,0.0,0.5,avoid,open-meteo,,,-5.8,0.0,,,27.0,observed
bergen,Janvier,1,-1,3,66,7.6,1.0,0.5,avoid,open-meteo,6.8,2.4,-1.8,0.4,0.64,7.2,24.0,observed
bergen,Février,2,-1,4,65,7.9,2.3,0.5,avoid,open-meteo,6.0,2.5,-1.6,0.8,0.63,6.8,25.0,observed
bergen,Mars,3,0,6,58,5.7,3.8,0.7,avoid,open-meteo,6.5,2.9,-0.6,1.9,0.46,6.6,25.0,observed
bergen,Avril,4,2,9,46,3.5,7.3,4.1,mid,open-meteo,7.7,3.5,0.8,3.3,0.42,6.3,29.0,observed
bergen,Mai,5,6,13,44,3.6,8.1,4.3,mid,open-meteo,9.6,3.6,5.1,4.7,0.19,5.2,29.0,observed
bergen,Juin,6,9,16,53,4.9,7.8,4.3,mid,open-meteo,14.0,3.5,9.1,5.0,0.44,5.9,27.0,observed
bergen,Juillet,7,11,17,60,6.1,6.6,4.3,mid,open-meteo,16.1,3.8,10.8,4.6,0.29,5.3,23.0,observed
bergen,Août,8,11,17,66,8.2,5.6,4.2,mid,open-meteo,15.7,3.5,11.2,3.4,0.55,5.9,24.0,observed
bergen,Septembre,9,9,15,59,9.3,4.5,4.1,mid,open-meteo,15.5,3.2,9.3,2.6,0.31,6.5,22.0,observed
bergen,Octobre,10,5,10,68,9.7,2.7,0.7,avoid,open-meteo,12.7,2.6,5.3,1.2,0.57,6.6,23.0,observed
bergen,Novembre,11,2,6,59,7.5,1.5,0.6,avoid,open-meteo,9.4,2.6,1.7,0.5,0.57,7.1,22.0,observed
bergen,Décembre,12,0,4,66,8.9,0.4,0.5,avoid,open-meteo,7.4,2.4,-0.1,0.2,0.71,8.0,24.0,observed
varsovie,Janvier,1,-2,2,42,1.6,1.4,0.7,avoid,open-meteo,,,-2.7,1.0,,,51.0,observed
varsovie,Février,2,-1,5,40,1.7,2.4,0.7,avoid,open-meteo,,,-1.6,1.4,,,54.0,observed
varsovie,Mars,3,0,8,33,1.2,4.5,4.1,mid,open-meteo,,,-0.4,3.1,,,59.0,observed
varsovie,Avril,4,4,14,35,1.5,7.0,4.3,mid,open-meteo,,,2.8,4.3,,,37.0,observed
varsovie,Mai,5,9,19,39,2.3,8.8,7.5,rec,open-meteo,,,7.3,6.0,,,32.0,observed
varsovie,Juin,6,14,24,37,2.3,9.6,8.1,rec,open-meteo,,,12.1,6.4,,,30.0,observed
varsovie,Juillet,7,16,25,46,2.9,9.5,8.0,rec,open-meteo,,,13.5,6.1,,,30.0,observed
varsovie,Août,8,15,25,37,2.6,9.0,8.2,rec,open-meteo,,,13.8,5.2,,,30.0,observed
varsovie,Septembre,9,12,20,32,2.0,6.4,7.5,rec,open-meteo,,,10.6,4.1,,,29.0,observed
varsovie,Octobre,10,7,13,40,2.2,4.0,4.1,mid,open-meteo,,,6.8,2.2,,,43.0,observed
varsovie,Novembre,11,3,7,32,1.4,1.7,0.9,avoid,open-meteo,,,2.6,1.4,,,57.0,observed
varsovie,Décembre,12,0,3,37,1.7,1.1,0.7,avoid,open-meteo,,,-0.2,0.8,,,64.0,observed
bucarest,Janvier,1,-3,4,24,1.4,2.5,1.0,avoid,open-meteo,,,-3.0,1.9,,,64.0,observed
bucarest,Février,2,-1,8,22,1.1,3.8,4.1,mid,open-meteo,,,-0.5,2.8,,,57.0,observed
bucarest,Mars,3,2,13,29,1.7,5.1,4.3,mid,open-meteo,,,1.5,3.7,,,49.0,observed
bucarest,Avril,4,7,18,31,2.0,6.5,7.3,rec,open-meteo,,,5.7,5.0,,,34.0,observed
bucarest,Mai,5,12,22,38,2.3,7.9,7.8,rec,open-meteo,,,10.8,6.0,,,28.0,observed
bucarest,Juin,6,17,28,36,2.5,8.6,8.4,rec,open-meteo,,,15.5,7.2,,,31.0,observed
bucarest,Juillet,7,19,30,26,2.0,9.5,8.6,rec,open-meteo,,,15.9,7.0,,,34.0,observed
bucarest,Août,8,19,31,17,1.0,9.1,8.7,rec,open-meteo,,,14.9,6.2,,,33.0,observed
bucarest,Septembre,9,15,26,14,1.1,7.0,8.6,rec,open-meteo,,,11.1,4.6,,,29.0,observed
bucarest,Octobre,10,8,19,22,1.9,4.8,7.5,rec,open-meteo,,,7.8,3.5,,,39.0,observed
bucarest,Novembre,11,4,11,31,2.1,2.8,4.1,mid,open-meteo,,,4.2,1.9,,,59.0,observed
bucarest,Décembre,12,0,6,25,1.6,2.1,1.0,avoid,open-meteo,,,0.4,1.3,,,58.0,observed
sofia,Janvier,1,-3,5,28,2.0,2.8,0.9,avoid,open-meteo,,,-4.1,2.3,,,45.0,observed
sofia,Février,2,-1,9,25,1.2,4.1,4.1,mid,open-meteo,,,-1.6,3.1,,,48.0,observed
sofia,Mars,3,1,13,36,2.1,5.5,4.2,mid,open-meteo,,,-0.2,4.3,,,39.0,observed
sofia,Avril,4,6,17,33,2.0,6.5,7.2,rec,open-meteo,,,3.5,5.8,,,33.0,observed
sofia,Mai,5,10,20,43,2.4,7.6,7.4,rec,open-meteo,,,8.8,6.1,,,27.0,observed
sofia,Juin,6,15,25,35,2.2,8.9,8.2,rec,open-meteo,,,13.2,7.6,,,30.0,observed
sofia,Juillet,7,17,28,19,1.5,10.1,9.1,rec,open-meteo,,,13.6,7.6,,,32.0,observed
sofia,Août,8,16,28,21,1.2,9.9,9.0,rec,open-meteo,,,12.9,6.8,,,31.0,observed
sofia,Septembre,9,13,25,14,1.0,7.5,8.5,rec,open-meteo,,,9.7,5.0,,,28.0,observed
sofia,Octobre,10,7,18,22,2.1,5.4,7.4,rec,open-meteo,,,6.2,4.0,,,31.0,observed
sofia,Novembre,11,3,12,33,2.2,3.6,4.2,mid,open-meteo,,,2.9,2.3,,,42.0,observed
sofia,Décembre,12,-1,6,32,1.9,2.2,0.9,avoid,open-meteo,,,-1.2,1.6,,,45.0,observed
tallinn,Janvier,1,-3,1,46,1.9,1.0,0.6,avoid,open-meteo,2.0,2.7,-4.6,0.5,0.79,5.4,24.0,observed
tallinn,Février,2,-3,1,41,1.7,2.1,0.7,avoid,open-meteo,1.2,3.0,-3.9,1.1,0.53,4.7,24.0,observed
tallinn,Mars,3,-2,4,34,1.2,4.8,1.0,avoid,open-meteo,1.0,3.8,-3.0,2.1,0.4,3.7,25.0,observed
tallinn,Avril,4,1,8,34,1.5,7.2,4.2,mid,open-meteo,3.4,4.1,0.1,3.1,0.61,4.5,28.0,observed
tallinn,Mai,5,6,15,26,1.5,9.9,7.3,rec,open-meteo,8.0,4.6,4.6,5.4,0.34,3.1,28.0,observed
tallinn,Juin,6,12,20,37,2.4,9.8,7.7,rec,open-meteo,13.5,5.2,10.1,5.7,0.46,3.9,28.0,observed
tallinn,Juillet,7,14,21,47,3.0,10.1,7.7,rec,open-meteo,18.2,5.9,12.9,5.2,0.47,4.0,28.0,observed
tallinn,Août,8,14,20,50,3.2,8.2,7.4,rec,open-meteo,19.7,5.7,13.1,4.7,0.58,4.4,26.0,observed
tallinn,Septembre,9,11,16,41,2.2,5.4,4.3,mid,open-meteo,17.7,4.4,9.6,3.2,0.41,3.8,24.0,observed
tallinn,Octobre,10,6,10,46,2.4,2.8,1.0,avoid,open-meteo,12.8,3.2,4.6,1.5,0.78,5.0,22.0,observed
tallinn,Novembre,11,2,5,48,2.2,1.0,0.6,avoid,open-meteo,7.5,2.6,1.1,0.6,1.0,5.5,22.0,observed
tallinn,Décembre,12,-2,2,46,1.8,0.7,0.6,avoid,open-meteo,3.9,2.6,-2.2,0.3,0.87,5.5,24.0,observed
riga,Janvier,1,-3,1,46,1.8,1.2,0.6,avoid,open-meteo,0.9,1.2,-4.2,0.6,,,29.0,observed
riga,Février,2,-2,2,39,1.7,2.3,0.7,avoid,open-meteo,0.6,1.7,-3.3,1.1,,,32.0,observed
riga,Mars,3,-1,6,35,1.3,4.6,1.0,avoid,open-meteo,1.1,2.4,-2.1,2.5,,,30.0,observed
riga,Avril,4,2,10,37,1.5,6.8,4.2,mid,open-meteo,5.4,2.9,1.3,3.4,,,29.0,observed
riga,Mai,5,7,17,31,1.8,9.2,7.4,rec,open-meteo,11.8,3.3,5.7,5.4,,,28.0,observed
riga,Juin,6,12,22,41,2.6,9.4,7.9,rec,open-meteo,17.7,4.6,11.3,5.8,,,27.0,observed
riga,Juillet,7,15,22,50,2.9,9.4,7.7,rec,open-meteo,19.9,4.8,13.4,5.3,,,28.0,observed
riga,Août,8,14,22,46,3.2,8.1,7.7,rec,open-meteo,20.4,4.8,13.4,5.0,,,26.0,observed
riga,Septembre,9,11,18,39,2.0,5.6,4.5,mid,open-meteo,18.6,3.2,10.2,3.6,,,25.0,observed
riga,Octobre,10,6,11,48,2.7,3.1,1.0,avoid,open-meteo,12.1,1.8,5.2,1.8,,,23.0,observed
riga,Novembre,11,2,6,42,1.9,1.2,0.7,avoid,open-meteo,6.2,1.3,1.7,0.8,,,26.0,observed
riga,Décembre,12,-1,2,47,1.7,0.8,0.6,avoid,open-meteo,2.1,1.1,-1.6,0.4,,,28.0,observed
vilnius,Janvier,1,-4,0,44,1.9,1.1,0.6,avoid,open-meteo,,,-4.2,0.8,,,27.0,observed
vilnius,Février,2,-3,2,42,1.6,2.0,0.7,avoid,open-meteo,,,-3.3,1.1,,,27.0,observed
vilnius,Mars,3,-1,6,31,1.3,4.3,4.1,mid,open-meteo,,,-2.1,2.7,,,31.0,observed
vilnius,Avril,4,2,12,33,1.7,6.5,4.3,mid,open-meteo,,,1.3,3.4,,,27.0,observed
vilnius,Mai,5,8,17,37,2.2,8.4,7.3,rec,open-meteo,,,5.7,5.3,,,26.0,observed
vilnius,Juin,6,13,23,40,2.5,8.8,7.9,rec,open-meteo,,,11.3,5.6,,,26.0,observed
vilnius,Juillet,7,14,23,47,3.9,8.5,7.7,rec,open-meteo,,,13.4,5.2,,,27.0,observed
vilnius,Août,8,14,23,40,3.0,7.9,7.8,rec,open-meteo,,,13.4,4.7,,,25.0,observed
vilnius,Septembre,9,10,18,32,1.8,5.6,7.3,rec,open-meteo,,,10.2,3.6,,,24.0,observed
vilnius,Octobre,10,6,11,45,2.3,3.1,1.1,avoid,open-meteo,,,5.2,1.8,,,22.0,observed
vilnius,Novembre,11,1,5,42,1.8,1.0,0.6,avoid,open-meteo,,,1.7,1.0,,,26.0,observed
vilnius,Décembre,12,-2,1,49,1.9,0.8,0.6,avoid,open-meteo,,,-1.6,0.5,,,30.0,observed
bratislava,Janvier,1,-2,4,32,1.2,2.1,0.8,avoid,open-meteo,,,-2.2,1.4,,,35.0,observed
bratislava,Février,2,0,8,29,1.2,3.5,4.1,mid,open-meteo,,,-0.5,1.9,,,35.0,observed
bratislava,Mars,3,2,11,23,1.0,5.0,4.2,mid,open-meteo,,,0.6,3.5,,,37.0,observed
bratislava,Avril,4,6,16,29,1.4,7.3,7.2,rec,open-meteo,,,3.7,4.7,,,30.0,observed
bratislava,Mai,5,11,21,35,2.3,8.3,7.7,rec,open-meteo,,,9.0,5.6,,,28.0,observed
bratislava,Juin,6,16,26,36,2.2,9.0,8.3,rec,open-meteo,,,13.7,6.4,,,30.0,observed
bratislava,Juillet,7,18,28,30,1.8,9.2,8.6,rec,open-meteo,,,14.0,6.5,,,32.0,observed
bratislava,Août,8,18,28,27,1.9,8.8,8.7,rec,open-meteo,,,14.9,5.7,,,32.0,observed
bratislava,Septembre,9,13,23,30,2.6,6.5,7.9,rec,open-meteo,,,11.3,3.5,,,26.0,observed
bratislava,Octobre,10,8,16,29,1.7,4.3,4.4,mid,open-meteo,,,7.9,2.6,,,29.0,observed
bratislava,Novembre,11,3,9,31,1.7,2.3,4.1,mid,open-meteo,,,3.5,1.7,,,40.0,observed
bratislava,Décembre,12,0,4,31,1.6,1.7,0.8,avoid,open-meteo,,,0.0,1.1,,,40.0,observed
ljubljana,Janvier,1,-4,5,29,2.8,2.3,0.9,avoid,open-meteo,,,-2.5,1.6,,,59.0,observed
ljubljana,Février,2,-2,9,31,3.0,3.6,4.1,mid,open-meteo,,,-0.7,2.0,,,60.0,observed
ljubljana,Mars,3,1,12,35,2.7,5.0,4.2,mid,open-meteo,,,0.9,3.1,,,47.0,observed
ljubljana,Avril,4,5,16,31,2.8,6.3,4.5,mid,open-meteo,,,4.5,4.9,,,32.0,observed
ljubljana,Mai,5,9,19,50,4.5,7.5,4.6,mid,open-meteo,,,10.0,5.4,,,27.0,observed
ljubljana,Juin,6,14,26,38,2.7,8.4,8.2,rec,open-meteo,,,14.3,6.3,,,31.0,observed
ljubljana,Juillet,7,16,28,35,3.1,9.3,8.5,rec,open-meteo,,,15.6,6.8,,,31.0,observed
ljubljana,Août,8,16,27,31,2.9,8.5,8.4,rec,open-meteo,,,15.7,6.2,,,32.0,observed
ljubljana,Septembre,9,12,22,39,5.0,5.9,7.6,rec,open-meteo,,,12.1,4.3,,,28.0,observed
ljubljana,Octobre,10,7,17,32,3.7,3.7,4.4,mid,open-meteo,,,8.7,2.5,,,33.0,observed
ljubljana,Novembre,11,3,10,38,4.6,1.9,1.0,avoid,open-meteo,,,3.8,2.0,,,57.0,observed
ljubljana,Décembre,12,-2,5,30,3.2,1.8,0.8,avoid,open-meteo,,,-0.4,1.4,,,59.0,observed
paphos,Janvier,1,9,16,42,3.8,5.8,4.3,mid,open-meteo,19.1,3.9,7.0,3.4,1.46,6.0,32.0,observed
paphos,Février,2,9,16,27,1.8,6.8,7.2,rec,open-meteo,17.3,4.3,7.1,4.7,0.94,5.9,32.0,observed
paphos,Mars,3,11,18,28,1.9,7.9,7.5,rec,open-meteo,17.6,4.6,8.1,6.2,1.23,5.7,38.0,observed
paphos,Avril,4,13,21,18,0.9,9.3,8.2,rec,open-meteo,18.2,5.8,10.1,7.4,0.93,5.5,42.0,observed
paphos,Mai,5,17,24,15,0.6,10.9,8.9,rec,open-meteo,20.4,6.7,13.8,8.1,1.1,5.2,44.0,observed
paphos,Juin,6,20,28,5,0.2,12.4,9.9,rec,open-meteo,23.8,8.6,17.7,8.5,0.77,5.0,41.0,observed
paphos,Juillet,7,24,31,1,0.0,12.3,6.8,mid,open-meteo,27.2,9.3,20.0,8.5,0.9,5.1,40.0,observed
paphos,Août,8,24,30,2,0.1,11.5,6.8,mid,open-meteo,27.4,9.4,21.3,8.1,0.84,4.9,41.0,observed
paphos,Septembre,9,22,29,5,0.1,10.4,9.5,rec,open-meteo,27.5,8.9,18.8,7.1,1.05,5.3,37.0,observed
paphos,Octobre,10,18,26,12,0.7,9.0,8.9,rec,open-meteo,25.7,8.3,15.0,5.7,0.75,5.2,32.0,observed
paphos,Novembre,11,14,22,20,1.9,7.3,8.1,rec,open-meteo,23.4,6.6,11.0,4.1,1.01,5.3,32.0,observed
paphos,Décembre,12,11,18,38,3.9,5.8,4.6,mid,open-meteo,20.7,4.8,8.9,3.3,1.26,6.3,30.0,observed
zurich,Janvier,1,-2,4,45,3.3,1.9,0.7,avoid,open-meteo,,,-1.2,1.5,,,28.0,observed
zurich,Février,2,-1,7,41,2.5,3.1,0.9,avoid,open-meteo,,,-0.5,2.2,,,26.0,observed
zurich,Mars,3,1,10,41,2.3,4.6,4.1,mid,open-meteo,,,1.3,3.4,,,25.0,observed
zurich,Avril,4,4,15,41,3.0,5.9,4.3,mid,open-meteo,,,3.9,4.7,,,28.0,observed
zurich,Mai,5,8,18,56,4.4,6.2,4.4,mid,open-meteo,,,8.6,5.4,,,26.0,observed
zurich,Juin,6,14,24,50,4.2,6.9,7.6,rec,open-meteo,,,13.2,6.0,,,27.0,observed
zurich,Juillet,7,15,25,50,4.4,7.4,7.7,rec,open-meteo,,,14.4,6.4,,,28.0,observed
zurich,Août,8,15,25,40,4.0,7.0,7.9,rec,open-meteo,,,14.9,5.7,,,30.0,observed
zurich,Septembre,9,12,20,41,3.3,5.5,7.3,rec,open-meteo,,,11.8,4.0,,,25.0,observed
zurich,Octobre,10,8,15,37,3.0,3.5,4.2,mid,open-meteo,,,8.4,2.5,,,25.0,observed
zurich,Novembre,11,2,8,43,3.3,2.0,0.8,avoid,open-meteo,,,3.4,1.9,,,38.0,observed
zurich,Décembre,12,-1,5,46,3.2,1.5,0.6,avoid,open-meteo,,,0.6,1.2,,,30.0,observed
geneve,Janvier,1,0,5,44,4.0,2.0,0.7,avoid,open-meteo,,,-0.5,1.5,,,25.0,observed
geneve,Février,2,1,9,36,2.7,3.4,1.1,avoid,open-meteo,,,0.3,2.4,,,27.0,observed
geneve,Mars,3,2,11,39,3.0,5.2,4.1,mid,open-meteo,,,2.2,3.8,,,25.0,observed
geneve,Avril,4,6,15,35,2.7,6.2,4.4,mid,open-meteo,,,4.5,5.3,,,29.0,observed
geneve,Mai,5,10,19,45,4.0,6.8,7.3,rec,open-meteo,,,9.0,5.6,,,27.0,observed
geneve,Juin,6,15,24,43,3.2,8.2,7.9,rec,open-meteo,,,13.5,6.5,,,28.0,observed
geneve,Juillet,7,17,26,33,2.7,8.7,8.3,rec,open-meteo,,,14.2,6.8,,,27.0,observed
geneve,Août,8,17,27,29,2.4,7.8,8.4,rec,open-meteo,,,14.5,6.3,,,29.0,observed
geneve,Septembre,9,13,21,35,2.9,6.1,7.6,rec,open-meteo,,,11.9,4.1,,,26.0,observed
geneve,Octobre,10,9,16,36,3.6,3.8,4.3,mid,open-meteo,,,8.9,2.9,,,22.0,observed
geneve,Novembre,11,4,10,47,4.0,2.2,0.9,avoid,open-meteo,,,4.3,2.0,,,35.0,observed
geneve,Décembre,12,0,6,42,4.2,1.5,0.7,avoid,open-meteo,,,1.2,1.4,,,28.0,observed
bruges,Janvier,1,2,7,47,2.7,2.2,0.7,avoid,open-meteo,7.6,2.7,2.3,1.1,1.19,6.8,24.0,observed
bruges,Février,2,3,9,43,2.1,3.1,1.0,avoid,open-meteo,6.2,3.1,2.6,1.5,1.0,6.5,23.0,observed
bruges,Mars,3,4,11,42,2.2,4.7,4.1,mid,open-meteo,7.3,3.7,3.4,2.9,0.68,6.7,30.0,observed
bruges,Avril,4,6,13,38,1.7,6.7,4.3,mid,open-meteo,10.1,3.7,4.8,4.6,1.07,6.5,30.0,observed
bruges,Mai,5,9,17,35,1.8,7.4,7.3,rec,open-meteo,14.0,4.4,8.7,5.6,0.57,5.1,32.0,observed
bruges,Juin,6,13,20,37,2.2,7.6,7.5,rec,open-meteo,18.8,5.7,12.0,6.0,0.8,5.6,29.0,observed
bruges,Juillet,7,14,21,39,2.0,7.5,7.6,rec,open-meteo,19.7,6.0,13.1,5.8,0.67,5.0,26.0,observed
bruges,Août,8,15,22,39,2.2,7.0,7.7,rec,open-meteo,19.7,6.1,13.8,5.3,0.66,5.1,28.0,observed
bruges,Septembre,9,13,20,39,2.2,5.6,7.4,rec,open-meteo,20.0,5.5,11.8,3.8,0.88,5.7,27.0,observed
bruges,Octobre,10,10,16,45,2.6,3.9,4.2,mid,open-meteo,16.1,3.7,9.4,2.4,0.7,7.9,22.0,observed
bruges,Novembre,11,6,11,49,2.9,2.3,0.9,avoid,open-meteo,10.9,2.9,5.8,1.4,0.96,7.1,35.0,observed
bruges,Décembre,12,4,8,44,2.6,1.8,0.8,avoid,open-meteo,7.4,2.8,4.3,0.8,1.1,7.4,31.0,observed
gozo,Janvier,1,13,15,30,1.9,5.9,4.4,mid,open-meteo,17.3,3.3,8.3,3.4,1.81,6.3,31.0,calibrated
gozo,Février,2,13,15,23,1.6,6.6,4.5,mid,open-meteo,16.0,3.4,8.8,4.4,1.69,6.5,37.0,calibrated
gozo,Mars,3,14,15,23,1.2,7.2,7.2,rec,open-meteo,15.7,3.7,9.8,6.2,1.53,6.3,44.0,calibrated
gozo,Avril,4,15,16,13,0.5,8.3,7.5,rec,open-meteo,16.3,3.8,11.9,7.0,1.7,6.7,44.0,calibrated
gozo,Mai,5,17,19,9,0.5,9.2,8.1,rec,open-meteo,18.1,5.5,15.0,7.7,1.03,5.3,43.0,calibrated
gozo,Juin,6,21,23,2,0.0,10.1,9.0,rec,open-meteo,22.3,7.4,19.0,8.4,0.87,4.9,40.0,calibrated
gozo,Juillet,7,24,26,0,0.0,10.1,9.5,rec,open-meteo,27.1,8.8,21.7,8.5,0.91,5.6,38.0,calibrated
gozo,Août,8,25,26,3,0.1,9.1,6.4,mid,open-meteo,26.4,8.7,22.0,8.0,0.59,5.0,42.0,calibrated
gozo,Septembre,9,24,26,16,1.0,8.1,8.7,rec,open-meteo,26.5,8.1,19.9,6.8,1.19,5.7,36.0,calibrated
gozo,Octobre,10,21,23,25,2.3,6.7,8.0,rec,open-meteo,25.8,7.3,17.1,5.3,1.05,5.3,35.0,calibrated
gozo,Novembre,11,18,20,39,3.5,5.7,7.4,rec,open-meteo,22.4,5.8,13.6,3.8,0.98,6.0,34.0,calibrated
gozo,Décembre,12,15,17,33,2.0,5.6,4.5,mid,open-meteo,19.0,3.5,10.3,3.0,1.98,7.1,32.0,calibrated
chefchaouen,Janvier,1,5,15,29,3.2,5.9,4.4,mid,open-meteo,,,5.4,3.4,,,28.0,calibrated
chefchaouen,Février,2,6,16,27,3.1,6.5,4.6,mid,open-meteo,,,6.4,4.3,,,28.0,calibrated
chefchaouen,Mars,3,7,16,41,6.8,6.4,4.4,mid,open-meteo,,,7.4,4.4,,,36.0,calibrated
chefchaouen,Avril,4,9,20,32,3.6,7.6,7.6,rec,open-meteo,,,9.1,6.9,,,36.0,calibrated
chefchaouen,Mai,5,12,24,21,1.6,8.7,8.4,rec,open-meteo,,,11.4,7.5,,,33.0,calibrated
chefchaouen,Juin,6,16,28,12,0.5,9.4,9.2,rec,open-meteo,,,13.8,8.1,,,29.0,calibrated
chefchaouen,Juillet,7,19,33,1,0.0,9.6,8.6,rec,open-meteo,,,14.8,8.4,,,36.0,calibrated
chefchaouen,Août,8,20,34,3,0.1,9.4,5.5,mid,open-meteo,,,14.9,7.9,,,34.0,calibrated
chefchaouen,Septembre,9,17,29,13,0.8,8.1,8.9,rec,open-meteo,,,14.1,6.7,,,28.0,calibrated
chefchaouen,Octobre,10,14,25,24,2.9,6.7,8.2,rec,open-meteo,,,11.6,5.0,,,23.0,calibrated
chefchaouen,Novembre,11,9,18,31,3.9,6.1,7.3,rec,open-meteo,,,8.8,3.9,,,34.0,calibrated
chefchaouen,Décembre,12,7,15,32,5.1,5.7,4.4,mid,open-meteo,,,7.3,3.3,,,28.0,calibrated
ouarzazate,Janvier,1,2,17,5,0.3,8.4,7.8,rec,open-meteo,,,-5.3,4.4,,,25.0,observed
ouarzazate,Février,2,4,19,11,0.8,8.9,8.0,rec,open-meteo,,,-3.7,5.5,,,27.0,observed
ouarzazate,Mars,3,7,22,6,0.3,9.4,8.7,rec,open-meteo,,,-2.8,6.8,,,41.0,observed
ouarzazate,Avril,4,11,27,4,0.1,10.6,9.5,rec,open-meteo,,,-1.6,7.9,,,45.0,observed
ouarzazate,Mai,5,15,31,5,0.2,11.1,9.3,rec,open-meteo,,,-0.0,8.3,,,45.0,observed
ouarzazate,Juin,6,19,35,1,0.0,11.2,5.5,mid,open-meteo,,,2.0,8.6,,,44.0,observed
ouarzazate,Juillet,7,22,38,0,0.0,10.2,3.5,avoid,open-meteo,,,1.3,8.6,,,61.0,observed
ouarzazate,Août,8,22,38,2,0.1,9.5,3.3,avoid,open-meteo,,,3.9,8.2,,,55.0,observed
ouarzazate,Septembre,9,18,33,9,0.5,9.1,8.3,rec,open-meteo,,,5.1,7.3,,,38.0,observed
ouarzazate,Octobre,10,13,28,5,0.4,8.8,9.3,rec,open-meteo,,,3.3,5.8,,,27.0,observed
ouarzazate,Novembre,11,7,22,6,0.3,8.6,8.6,rec,open-meteo,,,-0.5,4.5,,,28.0,observed
ouarzazate,Décembre,12,3,18,4,0.3,8.1,7.9,rec,open-meteo,,,-2.5,3.9,,,22.0,observed
hammamet,Janvier,1,9,16,17,0.8,6.1,7.3,rec,open-meteo,17.5,4.7,6.8,3.4,0.49,5.6,30.0,calibrated
hammamet,Février,2,9,17,22,1.1,6.7,7.4,rec,open-meteo,15.4,4.6,7.5,4.3,0.54,5.1,31.0,calibrated
hammamet,Mars,3,11,18,26,1.8,7.1,7.4,rec,open-meteo,15.7,4.7,8.7,6.3,0.67,5.2,37.0,calibrated
hammamet,Avril,4,13,21,19,1.4,8.0,8.0,rec,open-meteo,16.9,5.6,10.5,7.1,0.81,5.4,40.0,calibrated
hammamet,Mai,5,16,25,18,1.0,8.6,8.6,rec,open-meteo,19.1,6.9,13.1,7.9,0.64,5.2,40.0,calibrated
hammamet,Juin,6,20,30,7,0.3,9.6,6.4,mid,open-meteo,22.9,8.8,16.3,8.3,0.58,4.4,34.0,calibrated
hammamet,Juillet,7,23,33,1,0.0,9.7,5.9,mid,open-meteo,27.3,9.2,18.1,8.5,0.48,3.8,33.0,calibrated
hammamet,Août,8,23,33,7,0.4,9.2,5.7,mid,open-meteo,27.7,9.1,19.5,7.9,0.4,3.8,34.0,calibrated
hammamet,Septembre,9,22,30,17,1.1,7.8,5.9,mid,open-meteo,26.4,9.1,18.9,6.5,0.57,4.5,34.0,calibrated
hammamet,Octobre,10,18,25,25,2.2,6.6,8.2,rec,open-meteo,24.9,7.5,16.1,4.9,0.89,5.3,31.0,calibrated
hammamet,Novembre,11,14,21,21,1.1,6.4,7.8,rec,open-meteo,21.6,6.4,11.9,3.9,0.48,5.5,29.0,calibrated
hammamet,Décembre,12,11,17,24,1.3,5.9,7.3,rec,open-meteo,19.0,4.9,8.9,3.1,0.68,5.6,29.0,calibrated
marsa-alam,Janvier,1,15,22,0,0.0,9.0,8.8,rec,open-meteo,22.6,6.9,8.5,4.9,0.85,4.9,53.0,observed
marsa-alam,Février,2,16,23,1,0.0,10.0,9.0,rec,open-meteo,21.5,6.9,8.9,6.0,0.89,5.0,61.0,observed
marsa-alam,Mars,3,18,26,0,0.0,10.0,9.4,rec,open-meteo,22.7,7.8,9.7,7.0,0.77,4.7,67.0,observed
marsa-alam,Avril,4,22,29,0,0.0,11.0,9.7,rec,open-meteo,23.7,8.6,10.8,7.8,0.8,5.1,74.0,observed
marsa-alam,Mai,5,25,32,0,0.0,12.0,9.3,rec,open-meteo,25.8,8.8,12.8,8.0,1.07,5.4,63.0,observed
marsa-alam,Juin,6,28,34,0,0.0,13.0,6.0,mid,open-meteo,28.6,8.9,14.3,8.0,0.82,4.9,57.0,observed
marsa-alam,Juillet,7,29,36,0,0.0,13.0,5.4,mid,open-meteo,30.2,8.9,16.2,8.0,0.48,3.9,71.0,observed
marsa-alam,Août,8,30,36,0,0.0,12.0,5.3,mid,open-meteo,30.8,8.5,18.0,8.0,0.69,4.5,57.0,observed
marsa-alam,Septembre,9,28,34,0,0.0,11.0,5.8,mid,open-meteo,29.3,8.7,17.3,7.5,1.0,5.2,53.0,observed
marsa-alam,Octobre,10,25,31,0,0.0,10.0,6.5,mid,open-meteo,27.5,9.1,17.4,6.5,0.9,5.0,54.0,observed
marsa-alam,Novembre,11,21,28,2,0.1,10.0,9.6,rec,open-meteo,26.3,8.7,15.2,5.4,0.98,5.3,46.0,observed
marsa-alam,Décembre,12,18,25,1,0.1,9.0,9.1,rec,open-meteo,24.2,7.8,11.2,4.8,0.84,5.1,48.0,observed
doha,Janvier,1,14,23,6,0.6,7.9,8.6,rec,open-meteo,19.3,6.6,11.4,5.1,0.54,3.8,66.0,observed
doha,Février,2,15,23,8,0.5,8.3,8.6,rec,open-meteo,19.3,6.4,11.4,6.2,0.78,4.7,75.0,observed
doha,Mars,3,18,27,8,0.3,8.0,9.0,rec,open-meteo,22.8,8.0,12.4,7.4,0.59,4.0,84.0,observed
doha,Avril,4,22,32,4,0.3,8.9,8.7,rec,open-meteo,24.2,8.6,13.7,7.9,0.38,3.2,90.0,observed
doha,Mai,5,27,38,1,0.1,10.5,3.5,avoid,open-meteo,28.6,8.3,15.1,8.6,0.64,4.0,87.0,observed
doha,Juin,6,30,42,0,0.0,11.5,2.9,avoid,open-meteo,31.0,7.7,17.0,8.7,0.29,3.2,94.0,observed
doha,Juillet,7,31,42,1,0.1,10.7,2.7,avoid,open-meteo,33.2,7.1,21.2,8.6,0.48,3.9,115.0,observed
doha,Août,8,31,41,0,0.0,10.6,2.7,avoid,open-meteo,35.1,6.8,23.6,8.4,0.47,3.9,123.0,observed
doha,Septembre,9,29,39,0,0.0,10.2,3.2,avoid,open-meteo,33.6,7.4,23.1,7.9,0.33,3.4,107.0,observed
doha,Octobre,10,26,35,2,0.1,9.8,5.3,mid,open-meteo,31.5,8.4,20.3,6.8,0.53,3.9,69.0,observed
doha,Novembre,11,22,30,5,0.3,9.0,6.4,mid,open-meteo,26.8,9.2,17.1,5.5,0.48,3.8,64.0,observed
doha,Décembre,12,17,25,5,0.4,8.0,8.9,rec,open-meteo,22.7,7.6,13.8,4.9,0.46,4.0,85.0,observed
koh-phi-phi,Janvier,1,25,28,30,1.9,7.8,5.8,mid,open-meteo,28.6,8.7,22.2,7.9,0.47,10.2,33.0,calibrated
koh-phi-phi,Février,2,25,29,23,0.8,8.1,5.9,mid,open-meteo,28.9,9.0,22.0,8.5,0.45,8.6,29.0,calibrated
koh-phi-phi,Mars,3,26,29,31,1.6,7.9,5.7,mid,open-meteo,29.2,8.9,22.9,9.2,0.34,11.0,30.0,calibrated
koh-phi-phi,Avril,4,27,29,68,4.3,6.5,4.9,mid,open-meteo,30.3,8.4,23.8,9.0,0.36,11.8,28.0,calibrated
koh-phi-phi,Mai,5,26,29,84,8.1,5.4,4.6,mid,open-meteo,30.9,7.9,24.1,7.9,0.46,10.2,29.0,calibrated
koh-phi-phi,Juin,6,26,29,70,6.8,6.0,4.8,mid,open-meteo,30.2,8.1,23.7,7.4,0.76,7.5,26.0,calibrated
koh-phi-phi,Juillet,7,26,29,65,6.2,6.2,4.9,mid,open-meteo,29.8,8.3,23.6,7.1,0.68,6.5,33.0,calibrated
koh-phi-phi,Août,8,26,28,73,7.2,5.9,4.8,mid,open-meteo,29.8,8.0,23.4,7.8,0.65,9.0,23.0,calibrated
koh-phi-phi,Septembre,9,26,28,76,8.6,5.6,4.7,mid,open-meteo,29.8,7.7,23.3,7.7,0.99,7.4,21.0,calibrated
koh-phi-phi,Octobre,10,26,28,88,9.1,4.7,4.5,mid,open-meteo,30.0,7.7,23.2,7.8,0.6,7.5,23.0,calibrated
koh-phi-phi,Novembre,11,25,28,85,7.6,4.9,4.6,mid,open-meteo,29.9,7.8,23.2,6.7,0.43,9.3,31.0,calibrated
koh-phi-phi,Décembre,12,25,28,50,3.7,7.0,5.3,mid,open-meteo,29.0,8.4,22.6,6.7,0.43,10.6,36.0,calibrated
koh-tao,Janvier,1,25,27,28,3.2,7.8,8.4,rec,open-meteo,27.3,8.5,21.8,7.7,0.55,5.1,43.0,calibrated
koh-tao,Février,2,26,27,30,1.9,7.7,8.4,rec,open-meteo,28.2,8.5,21.8,8.6,0.57,4.7,33.0,calibrated
koh-tao,Mars,3,26,28,17,1.0,8.3,6.2,mid,open-meteo,28.8,8.9,22.8,9.1,0.49,4.6,32.0,calibrated
koh-tao,Avril,4,27,29,36,2.9,8.0,5.6,mid,open-meteo,30.6,8.8,23.7,9.3,0.33,3.5,25.0,calibrated
koh-tao,Mai,5,27,29,69,5.0,6.5,4.8,mid,open-meteo,30.9,8.2,24.1,8.0,0.3,3.6,27.0,calibrated
koh-tao,Juin,6,27,29,70,4.3,6.3,4.8,mid,open-meteo,30.1,8.3,23.7,7.1,0.56,4.1,22.0,calibrated
koh-tao,Juillet,7,26,28,71,4.7,5.8,4.8,mid,open-meteo,29.9,8.1,23.6,7.2,0.52,4.8,24.0,calibrated
koh-tao,Août,8,26,28,67,3.9,6.2,4.9,mid,open-meteo,29.5,8.2,23.4,8.5,0.42,4.0,19.0,calibrated
koh-tao,Septembre,9,26,28,75,6.0,5.4,4.7,mid,open-meteo,29.6,7.9,23.3,7.7,0.63,4.3,20.0,calibrated
koh-tao,Octobre,10,26,28,84,8.5,5.4,4.6,mid,open-meteo,29.8,7.9,23.1,7.5,0.34,3.5,25.0,calibrated
koh-tao,Novembre,11,26,28,73,9.1,5.9,4.8,mid,open-meteo,29.4,7.9,22.9,7.1,0.72,4.4,35.0,calibrated
koh-tao,Décembre,12,26,27,44,5.2,7.2,5.3,mid,open-meteo,28.5,8.0,22.0,6.2,0.98,4.9,47.0,calibrated
pattaya,Janvier,1,23,31,27,1.2,7.4,5.6,mid,open-meteo,27.0,8.9,20.2,7.2,0.2,4.2,62.0,observed
pattaya,Février,2,24,31,34,1.8,7.5,5.4,mid,open-meteo,27.7,8.8,21.3,8.0,0.38,3.7,40.0,observed
pattaya,Mars,3,26,32,39,2.2,7.7,5.1,mid,open-meteo,28.6,8.6,23.6,8.7,0.48,3.7,37.0,observed
pattaya,Avril,4,27,33,43,2.7,6.8,4.8,mid,open-meteo,30.6,8.4,24.3,9.1,0.55,3.7,32.0,observed
pattaya,Mai,5,27,32,66,5.4,5.0,4.5,mid,open-meteo,31.4,7.9,25.0,7.8,0.38,3.5,31.0,observed
pattaya,Juin,6,27,31,62,3.9,3.8,4.6,mid,open-meteo,30.6,8.3,24.6,6.7,0.59,3.9,18.0,observed
pattaya,Juillet,7,27,30,75,5.3,3.8,4.5,mid,open-meteo,30.2,8.2,24.4,6.0,0.56,4.0,17.0,observed
pattaya,Août,8,27,30,68,4.5,3.7,4.6,mid,open-meteo,29.9,8.4,24.3,8.1,0.32,3.7,17.0,observed
pattaya,Septembre,9,26,30,80,8.2,3.6,4.5,mid,open-meteo,30.0,8.2,24.5,7.4,0.5,3.8,21.0,observed
pattaya,Octobre,10,25,30,80,8.2,4.7,4.5,mid,open-meteo,30.2,8.2,24.0,7.2,0.17,3.5,48.0,observed
pattaya,Novembre,11,24,30,46,3.4,6.3,5.2,mid,open-meteo,29.6,8.9,22.2,7.3,0.28,3.3,39.0,observed
pattaya,Décembre,12,24,31,19,0.9,7.3,5.7,mid,open-meteo,28.6,9.1,19.6,6.9,0.34,2.9,41.0,observed
gili,Janvier,1,24,29,88,14.8,4.9,4.5,mid,open-meteo,28.6,7.7,24.5,8.8,0.83,10.2,30.0,calibrated
gili,Février,2,24,29,96,15.7,5.0,4.4,mid,open-meteo,28.7,7.7,24.5,9.1,0.7,10.0,39.0,calibrated
gili,Mars,3,25,30,90,11.0,5.4,4.4,mid,open-meteo,29.4,7.9,24.6,8.3,0.96,11.0,35.0,calibrated
gili,Avril,4,24,30,78,6.2,6.2,4.6,mid,open-meteo,29.6,8.4,24.3,8.1,0.64,11.7,29.0,calibrated
gili,Mai,5,25,30,55,2.8,7.1,5.1,mid,open-meteo,29.7,8.7,23.5,7.5,0.72,12.7,28.0,calibrated
gili,Juin,6,24,30,43,1.9,7.3,5.3,mid,open-meteo,28.8,8.6,22.8,7.0,0.91,12.5,27.0,calibrated
gili,Juillet,7,23,30,29,1.3,7.8,5.6,mid,open-meteo,28.8,8.9,21.5,7.3,0.81,12.0,26.0,calibrated
gili,Août,8,23,30,30,1.1,7.9,5.6,mid,open-meteo,27.9,8.7,21.3,8.1,1.03,12.2,27.0,calibrated
gili,Septembre,9,24,31,53,1.8,7.4,5.1,mid,open-meteo,27.9,8.4,21.9,8.9,0.83,11.2,27.0,calibrated
gili,Octobre,10,24,31,55,2.9,7.4,5.0,mid,open-meteo,29.1,8.4,22.9,9.3,0.97,11.6,30.0,calibrated
gili,Novembre,11,25,30,78,6.7,6.5,4.7,mid,open-meteo,29.9,8.4,24.2,8.9,0.66,11.2,44.0,calibrated
gili,Décembre,12,25,30,88,12.3,5.4,4.5,mid,open-meteo,30.1,7.9,24.4,7.3,0.95,11.5,27.0,calibrated
nusa-penida,Janvier,1,22,26,94,10.3,5.1,4.4,mid,open-meteo,28.7,6.7,21.8,9.0,1.38,9.6,24.0,calibrated
nusa-penida,Février,2,23,26,94,11.7,5.2,4.4,mid,open-meteo,28.9,6.9,21.9,9.7,1.19,10.0,26.0,calibrated
nusa-penida,Mars,3,23,27,90,6.9,5.5,4.5,mid,open-meteo,29.0,6.8,22.1,8.9,1.55,10.5,29.0,calibrated
nusa-penida,Avril,4,23,27,72,5.0,6.4,4.8,mid,open-meteo,28.9,7.2,22.0,8.4,1.47,10.2,23.0,calibrated
nusa-penida,Mai,5,23,27,55,2.5,6.9,7.7,rec,open-meteo,27.9,7.3,21.2,7.7,1.52,11.2,23.0,calibrated
nusa-penida,Juin,6,22,26,54,2.2,6.9,7.7,rec,open-meteo,27.5,6.8,20.4,7.0,1.75,12.2,24.0,calibrated
nusa-penida,Juillet,7,22,26,42,1.6,7.3,8.0,rec,open-meteo,26.9,7.1,19.3,7.2,1.66,11.2,24.0,calibrated
nusa-penida,Août,8,21,26,44,1.4,7.3,7.9,rec,open-meteo,26.1,6.7,19.2,8.2,1.94,11.6,25.0,calibrated
nusa-penida,Septembre,9,22,27,52,2.1,7.3,7.8,rec,open-meteo,26.2,7.3,19.7,9.0,1.56,10.5,24.0,calibrated
nusa-penida,Octobre,10,22,27,60,3.2,7.2,7.7,rec,open-meteo,26.8,7.0,20.6,9.3,1.72,10.9,25.0,calibrated
nusa-penida,Novembre,11,23,27,83,6.2,6.2,4.6,mid,open-meteo,28.4,7.2,21.7,9.1,1.28,10.7,37.0,calibrated
nusa-penida,Décembre,12,23,27,88,9.3,5.7,4.5,mid,open-meteo,29.9,6.9,21.8,7.0,1.58,11.6,22.0,calibrated
komodo,Janvier,1,25,29,83,6.8,5.7,4.6,mid,open-meteo,28.4,7.9,23.6,8.3,0.76,9.4,38.0,calibrated
komodo,Février,2,25,28,82,6.6,6.0,4.7,mid,open-meteo,28.5,7.9,23.6,9.0,0.59,9.3,23.0,calibrated
komodo,Mars,3,25,29,80,4.9,6.2,4.7,mid,open-meteo,29.1,8.1,23.8,8.5,0.76,10.9,29.0,calibrated
komodo,Avril,4,26,30,53,2.8,7.3,5.1,mid,open-meteo,29.1,8.7,23.3,8.3,0.63,10.5,34.0,calibrated
komodo,Mai,5,26,30,34,1.3,7.9,5.5,mid,open-meteo,29.2,8.9,22.5,7.7,0.75,11.4,27.0,calibrated
komodo,Juin,6,25,29,22,1.0,8.3,8.6,rec,open-meteo,28.8,8.9,21.8,7.1,0.85,12.0,33.0,calibrated
komodo,Juillet,7,25,29,15,0.5,8.6,8.9,rec,open-meteo,28.2,8.9,20.8,7.4,0.84,11.3,23.0,calibrated
komodo,Août,8,24,30,15,0.4,8.7,6.1,mid,open-meteo,27.8,9.1,20.6,8.2,0.84,12.2,24.0,calibrated
komodo,Septembre,9,25,30,22,0.6,8.6,5.9,mid,open-meteo,27.8,9.1,21.4,9.0,0.64,11.6,51.0,calibrated
komodo,Octobre,10,26,31,23,0.7,8.6,5.8,mid,open-meteo,28.8,8.9,22.4,9.3,0.8,12.0,40.0,calibrated
komodo,Novembre,11,26,31,48,2.3,7.7,5.2,mid,open-meteo,29.8,8.8,23.3,9.3,0.49,11.1,59.0,calibrated
komodo,Décembre,12,25,29,75,5.9,6.1,4.7,mid,open-meteo,29.7,8.1,23.6,7.6,0.78,10.7,30.0,calibrated
okinawa,Janvier,1,15,19,36,3.2,5.3,7.3,rec,open-meteo,20.6,5.0,11.1,4.4,1.12,6.4,40.0,calibrated
okinawa,Février,2,15,20,42,3.4,5.5,7.3,rec,open-meteo,20.1,5.1,12.0,5.1,1.04,6.5,38.0,calibrated
okinawa,Mars,3,17,21,46,4.1,6.0,7.4,rec,open-meteo,21.1,5.5,14.0,6.5,1.08,6.2,45.0,calibrated
okinawa,Avril,4,19,23,47,4.6,6.5,7.6,rec,open-meteo,22.9,6.5,17.3,7.3,0.83,5.6,34.0,calibrated
okinawa,Mai,5,22,26,55,9.5,6.3,7.6,rec,open-meteo,24.6,7.3,20.8,6.8,0.83,5.7,40.0,calibrated
okinawa,Juin,6,25,29,71,10.5,5.9,4.8,mid,open-meteo,27.5,8.1,24.2,7.0,0.8,4.8,27.0,calibrated
okinawa,Juillet,7,27,30,69,5.8,6.8,4.8,mid,open-meteo,30.0,8.5,25.0,8.3,0.88,5.5,16.0,calibrated
okinawa,Août,8,27,30,70,6.7,6.6,4.8,mid,open-meteo,29.1,8.5,24.9,8.2,0.7,5.9,28.0,calibrated
okinawa,Septembre,9,26,30,75,6.6,5.7,4.6,mid,open-meteo,30.1,8.2,23.9,7.2,1.01,6.7,23.0,calibrated
okinawa,Octobre,10,24,28,45,4.6,6.6,8.0,rec,open-meteo,28.0,8.0,20.5,6.3,1.12,6.9,29.0,calibrated
okinawa,Novembre,11,21,24,37,3.9,6.1,7.8,rec,open-meteo,24.8,6.8,17.3,4.9,1.2,6.8,35.0,calibrated
okinawa,Décembre,12,17,21,37,4.7,5.0,7.5,rec,open-meteo,22.4,5.7,13.2,3.8,1.13,6.5,41.0,calibrated
hiroshima,Janvier,1,0,9,22,1.7,4.5,4.2,mid,open-meteo,11.4,4.0,-0.4,3.2,0.22,2.7,25.0,observed
hiroshima,Février,2,1,10,25,2.5,5.0,4.2,mid,open-meteo,10.0,4.1,0.0,3.6,0.25,3.2,30.0,observed
hiroshima,Mars,3,4,14,32,3.9,5.7,4.3,mid,open-meteo,11.6,4.0,3.8,4.8,0.24,3.2,37.0,observed
hiroshima,Avril,4,8,18,31,5.2,6.4,7.3,rec,open-meteo,14.5,4.6,8.5,5.5,0.11,3.7,46.0,observed
hiroshima,Mai,5,13,22,30,4.8,6.8,7.8,rec,open-meteo,18.4,6.0,13.3,6.4,0.23,3.7,40.0,observed
hiroshima,Juin,6,18,25,48,7.6,5.2,7.6,rec,open-meteo,21.7,6.7,18.0,6.6,0.19,3.7,38.0,observed
hiroshima,Juillet,7,23,29,46,9.2,5.6,5.2,mid,open-meteo,25.7,8.5,22.8,7.1,0.25,3.4,27.0,observed
hiroshima,Août,8,24,31,39,6.5,6.7,5.2,mid,open-meteo,29.4,9.0,23.0,7.2,0.16,3.6,30.0,observed
hiroshima,Septembre,9,21,28,47,7.0,5.6,7.8,rec,open-meteo,28.2,8.3,19.6,6.5,0.16,3.5,30.0,observed
hiroshima,Octobre,10,14,22,27,3.5,5.8,7.8,rec,open-meteo,23.4,6.9,12.8,4.5,0.22,3.1,28.0,observed
hiroshima,Novembre,11,7,17,19,2.1,5.1,7.3,rec,open-meteo,19.4,5.3,7.6,3.7,0.23,2.9,27.0,observed
hiroshima,Décembre,12,2,11,22,1.6,4.5,4.2,mid,open-meteo,15.0,4.2,1.8,3.2,0.23,2.7,27.0,observed
busan,Janvier,1,-3,7,12,1.3,6.6,4.3,mid,open-meteo,12.4,4.1,-5.9,3.0,0.64,7.6,33.0,observed
busan,Février,2,-2,8,18,1.9,6.7,4.3,mid,open-meteo,11.4,3.9,-3.9,3.1,1.02,5.9,34.0,observed
busan,Mars,3,4,14,27,3.0,6.5,4.4,mid,open-meteo,14.0,3.9,2.1,5.0,0.87,6.0,45.0,observed
busan,Avril,4,9,18,26,4.1,7.1,7.4,rec,open-meteo,15.6,4.8,7.1,5.2,0.63,5.3,55.0,observed
busan,Mai,5,13,22,28,3.9,7.4,7.9,rec,open-meteo,17.4,5.7,11.9,7.1,0.74,5.2,46.0,observed
busan,Juin,6,18,26,38,6.8,6.0,7.9,rec,open-meteo,20.9,7.0,17.2,6.2,0.55,5.0,50.0,observed
busan,Juillet,7,23,28,53,8.9,5.6,5.1,mid,open-meteo,21.8,7.1,22.3,6.2,0.74,5.0,26.0,observed
busan,Août,8,24,30,52,6.9,6.4,5.1,mid,open-meteo,27.7,8.7,22.9,7.2,0.66,5.0,38.0,observed
busan,Septembre,9,20,26,44,8.5,5.8,7.8,rec,open-meteo,26.8,7.7,18.4,5.7,0.74,5.1,31.0,observed
busan,Octobre,10,13,21,22,3.2,6.8,7.9,rec,open-meteo,21.7,6.2,11.1,4.2,0.95,5.6,29.0,observed
busan,Novembre,11,5,15,13,1.4,6.5,7.3,rec,open-meteo,17.9,4.7,4.2,3.3,0.76,5.7,31.0,observed
busan,Décembre,12,-2,8,12,1.1,6.6,4.3,mid,open-meteo,14.9,4.4,-4.1,2.9,0.47,6.6,32.0,observed
jeju,Janvier,1,3,8,46,3.3,4.0,0.9,avoid,open-meteo,16.6,3.0,1.4,3.1,1.56,5.7,35.0,calibrated
jeju,Février,2,2,8,43,3.3,4.9,1.1,avoid,open-meteo,15.4,2.9,1.6,3.0,1.6,6.5,37.0,calibrated
jeju,Mars,3,6,13,40,4.2,6.0,4.2,mid,open-meteo,14.9,3.3,5.1,5.1,1.42,5.5,45.0,calibrated
jeju,Avril,4,11,18,34,4.5,7.0,7.3,rec,open-meteo,16.1,4.7,9.4,5.3,0.6,4.5,52.0,calibrated
jeju,Mai,5,15,22,36,4.8,6.9,7.7,rec,open-meteo,17.9,5.6,13.4,7.3,0.78,5.1,48.0,calibrated
jeju,Juin,6,19,25,45,6.9,6.1,7.7,rec,open-meteo,21.9,6.7,19.1,5.8,0.64,5.1,48.0,calibrated
jeju,Juillet,7,25,29,57,7.5,5.9,5.0,mid,open-meteo,26.1,8.0,23.8,7.3,0.97,6.3,30.0,calibrated
jeju,Août,8,26,30,59,7.7,6.7,5.0,mid,open-meteo,29.4,8.7,24.2,7.5,0.67,5.0,49.0,calibrated
jeju,Septembre,9,22,26,63,11.8,5.0,7.4,rec,open-meteo,27.8,7.5,20.5,6.2,0.83,5.7,38.0,calibrated
jeju,Octobre,10,17,20,41,5.8,6.0,7.4,rec,open-meteo,23.2,5.7,14.1,4.2,1.23,6.2,39.0,calibrated
jeju,Novembre,11,10,16,35,3.6,5.4,4.4,mid,open-meteo,19.7,3.9,9.0,3.4,1.58,6.3,33.0,calibrated
jeju,Décembre,12,5,10,42,2.8,3.9,4.1,mid,open-meteo,18.3,3.2,3.1,3.2,1.59,5.5,34.0,calibrated
cebu,Janvier,1,24,28,70,7.4,6.1,4.9,mid,open-meteo,28.1,8.1,23.0,7.5,0.33,3.1,27.0,calibrated
cebu,Février,2,24,28,59,4.9,6.9,5.1,mid,open-meteo,27.9,8.3,22.5,8.2,0.35,3.0,27.0,calibrated
cebu,Mars,3,24,29,50,3.9,7.5,5.3,mid,open-meteo,28.2,8.7,22.8,9.0,0.28,2.8,26.0,calibrated
cebu,Avril,4,25,30,57,3.9,7.2,5.0,mid,open-meteo,29.5,8.8,23.6,9.2,0.26,2.8,19.0,calibrated
cebu,Mai,5,26,30,85,7.2,6.1,4.5,mid,open-meteo,30.4,8.3,24.6,8.2,0.18,2.5,22.0,calibrated
cebu,Juin,6,25,30,91,9.4,5.5,4.4,mid,open-meteo,30.2,8.2,24.7,8.0,0.08,2.9,23.0,calibrated
cebu,Juillet,7,25,30,89,8.9,5.3,4.4,mid,open-meteo,30.1,8.2,24.4,7.4,0.16,3.2,25.0,calibrated
cebu,Août,8,25,30,83,7.3,5.8,4.5,mid,open-meteo,29.9,8.3,24.3,8.4,0.13,2.8,25.0,calibrated
cebu,Septembre,9,25,30,86,8.1,5.5,4.5,mid,open-meteo,30.3,8.2,24.4,7.6,0.32,3.1,24.0,calibrated
cebu,Octobre,10,25,29,94,10.8,4.9,4.4,mid,open-meteo,30.6,7.8,24.4,7.3,0.24,3.5,24.0,calibrated
cebu,Novembre,11,25,29,88,8.5,5.5,4.5,mid,open-meteo,30.1,8.1,24.2,7.2,0.19,3.1,24.0,calibrated
cebu,Décembre,12,25,29,84,7.6,5.5,4.6,mid,open-meteo,29.2,8.1,23.8,6.6,0.21,2.9,19.0,calibrated
boracay,Janvier,1,25,27,85,7.9,5.5,4.5,mid,open-meteo,27.4,7.2,22.8,6.4,1.13,4.6,29.0,calibrated
boracay,Février,2,25,27,73,6.0,6.3,4.8,mid,open-meteo,26.9,7.6,22.5,8.1,0.89,3.9,28.0,calibrated
boracay,Mars,3,25,28,64,3.5,6.9,5.0,mid,open-meteo,27.2,8.1,23.1,9.0,0.71,3.7,25.0,calibrated
boracay,Avril,4,26,30,55,2.7,7.3,5.1,mid,open-meteo,28.8,8.8,23.9,9.2,0.58,3.8,17.0,calibrated
boracay,Mai,5,26,30,70,3.6,6.7,4.8,mid,open-meteo,30.1,8.6,24.8,8.3,0.45,3.6,21.0,calibrated
boracay,Juin,6,26,30,88,7.0,5.7,4.5,mid,open-meteo,30.0,8.3,24.8,8.1,0.3,4.6,21.0,calibrated
boracay,Juillet,7,26,29,92,10.6,4.9,4.4,mid,open-meteo,29.8,7.9,24.6,7.1,0.6,4.7,22.0,calibrated
boracay,Août,8,26,29,83,8.6,5.5,4.6,mid,open-meteo,29.3,8.1,24.6,7.9,0.46,4.3,21.0,calibrated
boracay,Septembre,9,26,29,87,11.3,5.2,4.5,mid,open-meteo,29.6,7.7,24.6,6.5,1.07,5.1,22.0,calibrated
boracay,Octobre,10,26,29,92,11.6,5.1,4.4,mid,open-meteo,29.8,7.8,24.5,7.0,0.8,4.3,23.0,calibrated
boracay,Novembre,11,26,29,92,9.1,5.4,4.5,mid,open-meteo,29.4,7.9,24.3,7.3,0.62,4.2,23.0,calibrated
boracay,Décembre,12,25,28,95,11.4,5.0,4.4,mid,open-meteo,28.6,7.4,23.9,6.1,0.95,4.2,22.0,calibrated
langkawi,Janvier,1,24,30,40,2.5,7.5,5.4,mid,open-meteo,28.7,8.9,22.0,7.9,0.36,8.1,30.0,calibrated
langkawi,Février,2,25,32,31,1.8,7.8,5.3,mid,open-meteo,29.1,8.8,21.4,8.8,0.33,6.6,29.0,calibrated
langkawi,Mars,3,25,32,49,3.2,7.2,4.9,mid,open-meteo,29.6,8.6,22.6,9.2,0.25,7.1,33.0,calibrated
langkawi,Avril,4,26,30,84,7.4,5.7,4.5,mid,open-meteo,31.1,8.0,24.3,9.1,0.22,7.8,30.0,calibrated
langkawi,Mai,5,26,30,90,11.7,5.0,4.4,mid,open-meteo,31.2,7.8,24.9,8.0,0.33,8.6,34.0,calibrated
langkawi,Juin,6,26,29,78,7.7,5.7,4.7,mid,open-meteo,31.1,7.9,24.5,6.9,0.57,6.5,33.0,calibrated
langkawi,Juillet,7,26,29,77,7.7,5.8,4.7,mid,open-meteo,30.6,8.0,24.3,7.4,0.53,6.2,44.0,calibrated
langkawi,Août,8,25,29,84,9.6,5.4,4.6,mid,open-meteo,30.6,7.9,24.2,7.4,0.52,6.6,31.0,calibrated
langkawi,Septembre,9,25,29,85,11.0,5.1,4.5,mid,open-meteo,30.4,7.7,24.0,7.3,0.77,6.8,26.0,calibrated
langkawi,Octobre,10,25,29,88,11.2,4.8,4.5,mid,open-meteo,30.5,7.8,24.1,7.8,0.45,6.2,24.0,calibrated
langkawi,Novembre,11,24,29,91,10.8,4.6,4.4,mid,open-meteo,30.1,7.8,24.0,7.1,0.29,8.0,27.0,calibrated
langkawi,Décembre,12,25,29,55,4.8,6.6,5.1,mid,open-meteo,29.0,8.5,23.1,6.9,0.34,8.7,36.0,calibrated
penang,Janvier,1,24,30,62,5.0,8.0,5.0,mid,open-meteo,29.7,8.6,23.4,7.9,0.29,5.1,38.0,observed
penang,Février,2,25,31,55,4.4,8.3,5.1,mid,open-meteo,30.6,8.5,23.1,8.9,0.3,5.7,43.0,observed
penang,Mars,3,25,31,75,6.3,7.6,4.7,mid,open-meteo,31.3,8.0,24.1,9.1,0.23,5.0,54.0,observed
penang,Avril,4,25,30,93,11.1,7.5,4.5,mid,open-meteo,32.3,7.5,24.9,8.9,0.21,5.9,41.0,observed
penang,Mai,5,26,30,90,13.2,6.6,4.5,mid,open-meteo,32.3,7.5,25.3,7.6,0.31,7.0,45.0,observed
penang,Juin,6,26,30,76,7.4,6.7,4.7,mid,open-meteo,32.2,7.8,24.9,7.2,0.53,6.5,41.0,observed
penang,Juillet,7,26,30,66,5.8,6.6,4.8,mid,open-meteo,32.0,8.0,24.7,7.3,0.51,6.6,54.0,observed
penang,Août,8,25,30,81,9.6,6.1,4.6,mid,open-meteo,31.6,7.9,24.6,8.1,0.5,7.5,39.0,observed
penang,Septembre,9,25,30,87,11.0,5.4,4.5,mid,open-meteo,31.1,7.7,24.5,7.1,0.74,6.9,35.0,observed
penang,Octobre,10,25,29,92,13.8,5.5,4.5,mid,open-meteo,31.0,7.5,24.5,7.9,0.46,6.5,27.0,observed
penang,Novembre,11,25,29,97,13.5,6.1,4.4,mid,open-meteo,30.7,7.5,24.5,7.1,0.29,6.6,30.0,observed
penang,Décembre,12,24,29,74,7.0,6.7,4.8,mid,open-meteo,30.1,8.1,23.9,6.8,0.32,7.3,35.0,observed
myanmar,Janvier,1,20,31,8,0.5,8.1,6.1,mid,open-meteo,,,17.3,6.8,,,42.0,calibrated
myanmar,Février,2,20,34,3,0.2,8.5,5.5,mid,open-meteo,,,16.6,7.8,,,59.0,calibrated
myanmar,Mars,3,23,36,3,0.3,8.8,5.0,mid,open-meteo,,,19.4,8.8,,,60.0,calibrated
myanmar,Avril,4,26,38,15,1.4,8.6,5.8,avoid,open-meteo,,,22.2,9.2,,,57.0,calibrated
myanmar,Mai,5,26,34,68,7.9,6.3,5.3,avoid,open-meteo,,,24.1,8.1,,,29.0,calibrated
myanmar,Juin,6,25,30,98,14.4,2.4,4.2,mid,open-meteo,,,24.7,6.6,,,19.0,calibrated
myanmar,Juillet,7,25,30,99,16.5,1.9,5.0,avoid,open-meteo,,,24.6,5.3,,,19.0,calibrated
myanmar,Août,8,25,30,98,16.6,2.0,5.0,avoid,open-meteo,,,24.6,6.1,,,19.0,calibrated
myanmar,Septembre,9,25,30,98,15.0,3.3,4.3,mid,open-meteo,,,24.6,6.8,,,23.0,calibrated
myanmar,Octobre,10,24,31,80,9.3,5.2,4.5,mid,open-meteo,,,24.5,7.2,,,29.0,calibrated
myanmar,Novembre,11,24,32,30,2.7,7.4,5.3,mid,open-meteo,,,22.9,6.2,,,40.0,calibrated
myanmar,Décembre,12,22,31,5,0.2,8.2,6.2,mid,open-meteo,,,19.7,6.4,,,54.0,calibrated
luang-prabang,Janvier,1,16,27,17,1.2,5.7,8.4,rec,open-meteo,,,15.8,6.1,,,23.0,observed
luang-prabang,Février,2,17,31,9,0.7,6.9,8.6,rec,open-meteo,,,15.6,7.3,,,34.0,observed
luang-prabang,Mars,3,20,34,16,1.0,5.6,5.0,mid,open-meteo,,,18.7,8.2,,,54.0,observed
luang-prabang,Avril,4,23,35,35,2.7,6.2,4.5,mid,open-meteo,,,20.9,8.8,,,74.0,observed
luang-prabang,Mai,5,24,34,62,5.2,5.9,4.4,mid,open-meteo,,,23.4,8.3,,,38.0,observed
luang-prabang,Juin,6,25,32,80,6.6,4.4,4.3,mid,open-meteo,,,24.1,7.8,,,17.0,observed
luang-prabang,Juillet,7,24,32,84,10.1,3.4,5.1,avoid,open-meteo,,,24.3,6.8,,,16.0,observed
luang-prabang,Août,8,24,30,90,12.2,3.8,4.4,mid,open-meteo,,,24.6,6.6,,,14.0,observed
luang-prabang,Septembre,9,24,30,80,7.7,5.3,4.5,mid,open-meteo,,,24.3,6.7,,,18.0,observed
luang-prabang,Octobre,10,23,30,43,2.9,6.0,5.2,mid,open-meteo,,,22.1,7.2,,,24.0,observed
luang-prabang,Novembre,11,20,30,22,1.0,5.6,5.6,mid,open-meteo,,,19.4,6.2,,,32.0,observed
luang-prabang,Décembre,12,17,28,11,0.6,5.4,8.7,rec,open-meteo,,,15.9,5.6,,,33.0,observed
ouzbekistan,Janvier,1,-2,7,29,1.6,5.0,4.1,mid,open-meteo,,,-3.4,2.1,,,41.0,calibrated
ouzbekistan,Février,2,0,10,32,2.1,5.3,4.2,mid,open-meteo,,,-1.4,2.9,,,44.0,calibrated
ouzbekistan,Mars,3,5,16,38,3.0,5.8,4.4,mid,open-meteo,,,3.7,4.2,,,43.0,calibrated
ouzbekistan,Avril,4,10,22,33,2.3,7.1,7.8,rec,open-meteo,,,7.8,5.9,,,43.0,calibrated
ouzbekistan,Mai,5,15,28,25,1.8,8.4,8.7,rec,open-meteo,,,10.1,6.7,,,43.0,calibrated
ouzbekistan,Juin,6,20,34,10,0.5,9.6,5.4,mid,open-meteo,,,8.4,7.6,,,42.0,calibrated
ouzbekistan,Juillet,7,23,37,3,0.1,9.7,4.8,mid,open-meteo,,,8.4,7.6,,,39.0,calibrated
ouzbekistan,Août,8,20,35,3,0.2,9.2,5.3,mid,open-meteo,,,6.7,7.1,,,37.0,calibrated
ouzbekistan,Septembre,9,15,29,5,0.2,8.1,9.1,rec,open-meteo,,,4.4,5.7,,,34.0,calibrated
ouzbekistan,Octobre,10,8,21,19,1.1,6.6,7.9,rec,open-meteo,,,2.8,3.8,,,39.0,calibrated
ouzbekistan,Novembre,11,2,13,22,1.8,5.7,4.4,mid,open-meteo,,,-0.1,2.6,,,44.0,calibrated
ouzbekistan,Décembre,12,-2,7,30,1.8,4.8,4.1,mid,open-meteo,,,-2.9,2.2,,,59.0,calibrated
boston,Janvier,1,-5,3,32,3.2,5.3,1.1,avoid,open-meteo,4.4,3.6,-6.9,2.0,0.86,9.0,25.0,observed
boston,Février,2,-4,4,35,3.1,6.0,1.1,avoid,open-meteo,3.4,3.7,-6.0,3.2,0.74,8.8,28.0,observed
boston,Mars,3,-1,8,35,3.6,6.9,4.1,mid,open-meteo,4.5,3.7,-3.3,4.1,0.86,8.6,28.0,observed
boston,Avril,4,4,13,40,3.6,7.6,4.3,mid,open-meteo,8.3,3.8,2.3,5.1,0.75,8.7,29.0,observed
boston,Mai,5,9,19,38,3.0,8.6,7.5,rec,open-meteo,13.4,4.7,8.4,6.3,0.56,7.5,29.0,observed
boston,Juin,6,15,25,38,2.6,9.6,8.2,rec,open-meteo,16.8,6.3,13.6,7.2,0.34,7.4,34.0,observed
boston,Juillet,7,19,29,39,3.7,9.7,8.4,rec,open-meteo,20.1,7.6,17.5,7.0,0.33,6.5,39.0,observed
boston,Août,8,18,28,34,2.5,8.9,8.5,rec,open-meteo,18.6,7.1,17.1,6.5,0.32,8.4,39.0,observed
boston,Septembre,9,15,23,31,3.6,7.9,8.0,rec,open-meteo,19.3,6.2,13.9,5.2,0.67,7.9,27.0,observed
boston,Octobre,10,9,17,32,3.9,6.7,7.3,rec,open-meteo,15.5,4.4,8.4,4.0,0.6,8.9,22.0,observed
boston,Novembre,11,2,10,30,2.8,4.8,4.2,mid,open-meteo,9.7,3.8,1.2,2.7,0.71,9.6,23.0,observed
boston,Décembre,12,-3,5,34,3.7,4.6,1.0,avoid,open-meteo,6.6,3.7,-3.0,2.0,0.61,9.1,27.0,observed
seattle,Janvier,1,3,8,58,5.7,2.3,0.7,avoid,open-meteo,,,1.8,1.0,0.22,2.6,22.0,observed
seattle,Février,2,2,8,55,4.4,3.9,0.8,avoid,open-meteo,,,0.7,1.9,0.18,2.8,25.0,observed
seattle,Mars,3,4,11,52,3.5,5.8,4.1,mid,open-meteo,,,2.8,3.6,0.19,2.6,28.0,observed
seattle,Avril,4,6,13,47,2.8,6.9,4.2,mid,open-meteo,,,4.8,4.7,0.23,2.6,26.0,observed
seattle,Mai,5,9,18,35,1.8,8.2,7.4,rec,open-meteo,,,8.9,5.2,0.17,2.5,25.0,observed
seattle,Juin,6,12,20,28,1.7,8.9,7.8,rec,open-meteo,,,11.0,6.3,0.17,2.6,24.0,observed
seattle,Juillet,7,14,24,11,0.4,10.1,8.9,rec,open-meteo,,,13.2,6.9,0.11,2.4,24.0,observed
seattle,Août,8,15,24,16,0.8,9.1,8.6,rec,open-meteo,,,14.1,5.6,0.13,2.3,24.0,observed
seattle,Septembre,9,13,20,31,2.1,7.4,7.6,rec,open-meteo,,,12.0,4.5,0.09,2.6,25.0,observed
seattle,Octobre,10,9,15,45,4.0,4.6,4.2,mid,open-meteo,,,8.2,2.9,0.21,2.5,22.0,observed
seattle,Novembre,11,6,10,59,5.6,2.4,0.7,avoid,open-meteo,,,4.2,1.6,0.2,3.0,26.0,observed
seattle,Décembre,12,3,8,60,5.9,1.7,0.6,avoid,open-meteo,,,1.5,1.1,0.23,3.1,27.0,observed
key-west,Janvier,1,20,23,25,1.6,8.1,8.2,rec,open-meteo,24.0,6.8,17.4,5.3,1.2,5.6,32.0,observed
key-west,Février,2,22,24,21,1.2,8.7,8.4,rec,open-meteo,23.4,7.1,18.5,6.3,1.06,5.2,40.0,observed
key-west,Mars,3,23,25,14,1.3,10.0,8.9,rec,open-meteo,25.8,7.9,19.0,7.7,1.06,5.1,36.0,observed
key-west,Avril,4,24,26,23,1.3,10.8,8.8,rec,open-meteo,25.7,7.9,20.4,8.3,1.18,5.4,42.0,observed
key-west,Mai,5,26,27,35,3.1,11.0,8.6,rec,open-meteo,29.3,8.5,21.8,9.0,0.76,4.8,31.0,observed
key-west,Juin,6,27,29,55,4.8,10.5,5.4,mid,open-meteo,29.9,8.6,23.8,8.0,0.87,4.6,31.0,observed
key-west,Juillet,7,28,30,53,3.2,10.5,5.4,mid,open-meteo,31.0,8.6,24.2,8.6,0.71,4.5,38.0,observed
key-west,Août,8,28,30,59,4.4,9.9,5.2,mid,open-meteo,31.5,8.3,24.4,8.0,0.82,4.7,26.0,observed
key-west,Septembre,9,27,29,65,5.9,9.0,5.1,mid,open-meteo,31.3,7.9,24.0,7.8,0.92,5.4,23.0,observed
key-west,Octobre,10,26,28,55,4.3,8.2,5.3,mid,open-meteo,28.7,7.7,22.6,6.4,1.3,5.5,32.0,observed
key-west,Novembre,11,24,26,28,2.5,7.7,8.3,rec,open-meteo,27.1,7.5,20.7,5.6,1.41,5.8,36.0,observed
key-west,Décembre,12,22,24,22,2.0,7.6,8.3,rec,open-meteo,25.0,7.3,19.4,4.9,1.15,5.2,36.0,observed
yellowstone,Janvier,1,-12,-6,37,1.6,4.3,0.9,avoid,open-meteo,,,-10.7,2.3,,,36.0,calibrated
yellowstone,Février,2,-12,-6,50,2.9,4.1,0.7,avoid,open-meteo,,,-9.9,3.4,,,39.0,calibrated
yellowstone,Mars,3,-9,-1,45,2.1,5.7,0.9,avoid,open-meteo,,,-7.1,4.9,,,45.0,calibrated
yellowstone,Avril,4,-6,3,45,2.3,6.7,1.0,avoid,open-meteo,,,-4.1,6.4,,,48.0,calibrated
yellowstone,Mai,5,-2,8,40,1.8,7.7,4.1,mid,open-meteo,,,0.0,7.1,,,48.0,calibrated
yellowstone,Juin,6,3,15,31,1.7,9.0,7.2,rec,open-meteo,,,4.9,7.9,,,43.0,calibrated
yellowstone,Juillet,7,8,22,28,0.9,9.1,8.1,rec,open-meteo,,,6.5,7.9,,,43.0,calibrated
yellowstone,Août,8,9,21,29,1.4,8.0,7.8,rec,open-meteo,,,6.0,7.3,,,40.0,calibrated
yellowstone,Septembre,9,5,16,30,2.0,7.1,4.6,mid,open-meteo,,,3.6,5.7,,,37.0,calibrated
yellowstone,Octobre,10,-1,6,38,2.2,5.9,1.1,avoid,open-meteo,,,-1.2,4.3,,,36.0,calibrated
yellowstone,Novembre,11,-7,-1,39,1.8,4.7,0.9,avoid,open-meteo,,,-6.7,2.7,,,38.0,calibrated
yellowstone,Décembre,12,-12,-5,42,2.4,3.5,0.8,avoid,open-meteo,,,-10.6,2.1,,,38.0,calibrated
toronto,Janvier,1,-6,1,31,2.2,2.8,0.9,avoid,open-meteo,,,-7.7,1.5,0.77,4.0,23.0,observed
toronto,Février,2,-6,2,34,2.3,3.9,0.9,avoid,open-meteo,,,-7.9,2.9,0.53,3.2,27.0,observed
toronto,Mars,3,-2,5,34,2.3,5.2,1.0,avoid,open-meteo,,,-4.6,4.0,0.61,3.5,29.0,observed
toronto,Avril,4,2,10,43,3.2,6.0,4.1,mid,open-meteo,,,0.4,4.6,0.73,3.8,31.0,observed
toronto,Mai,5,8,17,35,2.5,7.3,7.3,rec,open-meteo,,,7.2,6.2,0.37,3.0,38.0,observed
toronto,Juin,6,14,23,35,2.8,8.7,8.0,rec,open-meteo,,,12.5,6.5,0.39,2.7,40.0,observed
toronto,Juillet,7,18,26,36,2.4,9.0,8.3,rec,open-meteo,,,16.2,6.8,0.26,2.4,45.0,observed
toronto,Août,8,18,26,32,2.3,7.9,8.2,rec,open-meteo,,,16.1,5.9,0.32,2.8,37.0,observed
toronto,Septembre,9,15,22,30,1.9,6.5,7.8,rec,open-meteo,,,13.4,4.9,0.36,2.8,34.0,observed
toronto,Octobre,10,8,15,37,2.8,5.0,4.3,mid,open-meteo,,,7.1,3.4,0.54,3.3,26.0,observed
toronto,Novembre,11,1,7,32,2.1,3.0,1.0,avoid,open-meteo,,,0.5,2.1,0.68,3.7,23.0,observed
toronto,Décembre,12,-3,3,41,2.5,2.5,0.7,avoid,open-meteo,,,-3.3,1.5,0.76,3.8,24.0,observed
quebec-ville,Janvier,1,-14,-5,41,2.7,3.2,0.8,avoid,open-meteo,,,-13.6,1.9,,,25.0,observed
quebec-ville,Février,2,-14,-4,46,3.1,4.3,0.8,avoid,open-meteo,,,-13.4,2.8,,,28.0,observed
quebec-ville,Mars,3,-7,2,37,2.9,4.9,1.0,avoid,open-meteo,,,-8.3,3.8,,,31.0,observed
quebec-ville,Avril,4,-2,8,40,3.4,5.7,4.1,mid,open-meteo,,,-2.6,4.9,,,32.0,observed
quebec-ville,Mai,5,6,17,41,3.4,6.8,4.5,mid,open-meteo,,,5.3,6.0,,,28.0,observed
quebec-ville,Juin,6,12,22,44,4.8,7.8,7.7,rec,open-meteo,,,11.6,6.1,,,29.0,observed
quebec-ville,Juillet,7,16,25,53,5.1,8.1,7.7,rec,open-meteo,,,15.7,6.4,,,31.0,observed
quebec-ville,Août,8,15,24,46,4.6,7.5,7.7,rec,open-meteo,,,15.3,5.3,,,32.0,observed
quebec-ville,Septembre,9,11,20,32,3.4,5.4,7.5,rec,open-meteo,,,11.4,4.6,,,24.0,observed
quebec-ville,Octobre,10,5,13,35,4.2,3.9,4.2,mid,open-meteo,,,4.5,3.0,,,22.0,observed
quebec-ville,Novembre,11,-2,3,43,3.2,2.6,0.7,avoid,open-meteo,,,-3.3,1.7,,,23.0,observed
quebec-ville,Décembre,12,-11,-2,43,3.1,2.6,0.7,avoid,open-meteo,,,-9.4,1.5,,,31.0,observed
curacao,Janvier,1,25,29,49,1.3,8.7,8.0,rec,open-meteo,27.9,8.1,21.4,7.5,1.13,5.5,25.0,observed
curacao,Février,2,25,29,44,1.2,9.1,8.2,rec,open-meteo,27.4,8.4,21.0,8.1,0.97,6.2,35.0,observed
curacao,Mars,3,25,29,32,0.9,8.8,8.4,rec,open-meteo,27.6,8.6,21.2,9.0,1.01,5.5,24.0,observed
curacao,Avril,4,26,30,21,0.9,8.6,5.9,mid,open-meteo,27.9,8.9,22.3,9.1,0.99,5.1,33.0,observed
curacao,Mai,5,26,31,25,0.9,8.5,5.7,mid,open-meteo,28.7,8.8,23.1,8.5,1.04,5.2,35.0,observed
curacao,Juin,6,26,31,44,1.4,9.0,5.4,mid,open-meteo,29.0,8.5,23.2,8.5,1.07,5.2,35.0,observed
curacao,Juillet,7,26,31,45,1.3,9.5,5.4,mid,open-meteo,28.9,8.4,23.3,8.5,1.1,5.4,38.0,observed
curacao,Août,8,27,31,36,1.4,9.9,5.6,mid,open-meteo,29.3,8.7,23.7,8.8,0.96,5.1,28.0,observed
curacao,Septembre,9,28,32,27,1.5,9.0,5.5,mid,open-meteo,30.1,8.7,24.0,8.7,0.91,5.1,30.0,observed
curacao,Octobre,10,27,31,51,2.1,8.2,5.2,mid,open-meteo,30.6,8.4,23.9,8.2,0.81,6.6,24.0,observed
curacao,Novembre,11,26,30,73,3.6,7.9,4.8,mid,open-meteo,30.1,8.4,23.4,7.1,0.69,6.9,22.0,observed
curacao,Décembre,12,26,29,64,2.0,8.2,5.1,mid,open-meteo,28.8,8.1,22.2,6.7,0.93,5.2,28.0,observed
aruba,Janvier,1,25,28,45,1.2,7.1,8.0,rec,open-meteo,27.0,7.7,21.6,7.4,1.38,6.4,25.0,calibrated
aruba,Février,2,25,28,38,1.1,7.6,8.2,rec,open-meteo,26.8,8.1,21.2,8.0,1.19,7.1,33.0,calibrated
aruba,Mars,3,25,29,34,0.9,7.9,8.3,rec,open-meteo,26.7,8.3,21.5,9.0,1.21,7.1,25.0,calibrated
aruba,Avril,4,26,30,21,0.6,8.5,5.9,mid,open-meteo,27.3,8.7,22.6,9.1,1.18,6.3,33.0,calibrated
aruba,Mai,5,26,30,18,0.7,8.9,6.0,mid,open-meteo,28.2,8.8,23.4,8.5,1.2,6.2,32.0,calibrated
aruba,Juin,6,26,30,29,0.9,8.5,5.7,mid,open-meteo,28.2,8.6,23.6,8.5,1.25,6.2,30.0,calibrated
aruba,Juillet,7,27,30,37,1.1,8.1,5.5,mid,open-meteo,27.8,8.4,23.6,8.6,1.36,6.5,35.0,calibrated
aruba,Août,8,27,31,33,1.1,8.1,5.5,mid,open-meteo,28.5,8.5,24.0,8.9,1.16,5.8,27.0,calibrated
aruba,Septembre,9,28,32,28,1.4,8.0,5.4,mid,open-meteo,29.6,8.6,24.3,8.7,1.05,5.7,31.0,calibrated
aruba,Octobre,10,27,31,40,2.0,7.3,5.3,mid,open-meteo,30.2,8.5,24.0,8.2,0.97,7.7,24.0,calibrated
aruba,Novembre,11,26,30,65,3.7,6.3,4.8,mid,open-meteo,30.0,8.4,23.4,7.1,0.91,7.7,25.0,calibrated
aruba,Décembre,12,26,29,60,1.9,6.5,5.0,mid,open-meteo,28.2,7.9,22.3,6.7,1.17,6.4,28.0,calibrated
porto-rico,Janvier,1,22,28,47,1.8,6.7,7.9,rec,open-meteo,27.4,7.6,20.1,6.4,1.49,9.3,25.0,calibrated
porto-rico,Février,2,22,28,55,2.2,6.5,7.8,rec,open-meteo,27.2,7.3,19.7,7.2,1.6,9.5,26.0,calibrated
porto-rico,Mars,3,22,28,53,2.0,6.7,7.8,rec,open-meteo,27.2,7.4,19.6,8.5,1.55,9.0,24.0,calibrated
porto-rico,Avril,4,23,29,59,2.9,7.0,7.7,rec,open-meteo,27.5,7.8,20.4,8.6,1.42,9.0,28.0,calibrated
porto-rico,Mai,5,24,30,59,2.6,7.3,5.0,mid,open-meteo,28.8,8.6,21.7,8.6,0.89,8.3,22.0,calibrated
porto-rico,Juin,6,25,31,56,2.0,7.6,5.0,mid,open-meteo,29.7,8.6,22.5,8.7,0.82,6.9,25.0,calibrated
porto-rico,Juillet,7,25,31,67,2.7,7.0,4.8,mid,open-meteo,29.5,8.2,23.0,8.6,1.11,6.3,29.0,calibrated
porto-rico,Août,8,25,31,65,3.2,6.8,4.8,mid,open-meteo,29.8,8.2,23.4,8.7,1.11,6.5,21.0,calibrated
porto-rico,Septembre,9,25,31,74,5.3,6.1,4.6,mid,open-meteo,30.3,8.0,23.7,8.5,1.02,7.8,16.0,calibrated
porto-rico,Octobre,10,24,30,71,4.1,6.0,4.7,mid,open-meteo,30.7,7.7,23.4,7.5,1.35,9.8,22.0,calibrated
porto-rico,Novembre,11,24,29,67,4.4,5.9,4.8,mid,open-meteo,29.6,7.2,22.4,6.3,1.77,9.9,22.0,calibrated
porto-rico,Décembre,12,23,28,57,2.1,6.3,7.7,rec,open-meteo,28.6,7.4,21.1,6.0,1.57,8.8,27.0,calibrated
trinite-et-tobago,Janvier,1,23,30,44,1.2,7.2,5.3,mid,open-meteo,28.4,8.8,20.5,7.5,0.45,4.2,26.0,calibrated
trinite-et-tobago,Février,2,23,30,39,1.0,7.5,5.4,mid,open-meteo,28.4,8.9,20.0,8.1,0.41,4.6,40.0,calibrated
trinite-et-tobago,Mars,3,23,31,37,1.2,7.8,5.4,mid,open-meteo,28.9,8.9,20.3,8.8,0.41,4.5,23.0,calibrated
trinite-et-tobago,Avril,4,24,32,40,1.5,7.9,5.1,mid,open-meteo,29.7,8.8,20.9,8.7,0.41,4.1,33.0,calibrated
trinite-et-tobago,Mai,5,24,32,49,1.9,7.6,4.9,mid,open-meteo,30.0,8.7,21.7,8.0,0.4,4.2,39.0,calibrated
trinite-et-tobago,Juin,6,24,31,69,3.5,6.6,4.7,mid,open-meteo,29.8,8.5,22.4,8.0,0.38,4.0,33.0,calibrated
trinite-et-tobago,Juillet,7,24,30,81,3.6,6.3,4.6,mid,open-meteo,29.9,8.5,22.8,8.2,0.37,4.3,37.0,calibrated
trinite-et-tobago,Août,8,24,30,88,4.8,6.0,4.5,mid,open-meteo,30.3,8.3,23.2,8.5,0.31,4.3,26.0,calibrated
trinite-et-tobago,Septembre,9,25,31,83,4.1,6.2,4.5,mid,open-meteo,30.7,8.1,23.4,8.6,0.24,4.6,22.0,calibrated
trinite-et-tobago,Octobre,10,24,31,76,4.0,6.2,4.6,mid,open-meteo,30.6,8.2,23.3,8.1,0.27,4.8,23.0,calibrated
trinite-et-tobago,Novembre,11,24,30,76,3.6,6.0,4.6,mid,open-meteo,29.9,8.5,22.8,7.6,0.29,5.1,21.0,calibrated
trinite-et-tobago,Décembre,12,23,30,58,2.3,6.7,5.0,mid,open-meteo,28.9,8.7,21.7,7.1,0.36,4.2,29.0,calibrated
antigua,Janvier,1,24,28,51,1.4,6.6,7.9,rec,open-meteo,27.3,7.8,19.8,6.8,1.22,8.0,27.0,calibrated
antigua,Février,2,24,27,53,1.8,6.6,7.7,rec,open-meteo,27.2,7.7,19.6,7.6,1.16,8.4,28.0,calibrated
antigua,Mars,3,24,28,51,1.5,7.1,7.9,rec,open-meteo,27.6,8.0,19.4,8.7,1.07,8.5,23.0,calibrated
antigua,Avril,4,24,28,56,2.0,7.1,7.8,rec,open-meteo,28.5,8.1,20.4,9.1,1.04,7.9,29.0,calibrated
antigua,Mai,5,25,29,60,2.2,7.0,7.7,rec,open-meteo,29.5,8.4,21.6,9.0,0.84,7.2,26.0,calibrated
antigua,Juin,6,26,30,58,2.1,7.1,5.0,mid,open-meteo,29.8,8.6,22.3,8.7,0.91,6.5,34.0,calibrated
antigua,Juillet,7,26,30,69,2.7,6.6,4.8,mid,open-meteo,29.7,8.2,22.8,8.6,1.1,6.5,40.0,calibrated
antigua,Août,8,26,30,69,3.2,6.6,4.8,mid,open-meteo,29.9,8.4,23.2,8.9,0.99,6.1,29.0,calibrated
antigua,Septembre,9,26,30,73,3.8,6.4,4.7,mid,open-meteo,30.5,8.3,23.5,8.6,0.8,7.3,20.0,calibrated
antigua,Octobre,10,26,30,64,3.8,6.4,4.9,mid,open-meteo,30.5,8.3,23.0,7.9,0.9,8.6,27.0,calibrated
antigua,Novembre,11,25,29,62,3.4,6.2,4.9,mid,open-meteo,29.7,8.0,22.1,6.6,1.19,9.2,23.0,calibrated
antigua,Décembre,12,24,28,54,1.5,6.3,7.8,rec,open-meteo,28.4,7.9,20.6,6.4,1.13,8.0,31.0,calibrated
oaxaca,Janvier,1,11,26,2,0.1,8.4,9.1,rec,open-meteo,,,7.2,7.3,,,24.0,calibrated
oaxaca,Février,2,11,28,2,0.1,8.6,9.4,rec,open-meteo,,,6.6,8.4,,,29.0,calibrated
oaxaca,Mars,3,14,30,6,0.4,8.7,9.1,rec,open-meteo,,,8.4,9.3,,,32.0,calibrated
oaxaca,Avril,4,15,31,16,0.6,8.8,8.7,rec,open-meteo,,,9.9,9.8,,,36.0,calibrated
oaxaca,Mai,5,16,30,28,1.9,8.5,8.4,rec,open-meteo,,,12.2,9.6,,,44.0,calibrated
oaxaca,Juin,6,16,26,67,6.1,6.4,7.4,rec,open-meteo,,,14.5,8.7,,,30.0,calibrated
oaxaca,Juillet,7,14,26,59,3.6,7.2,7.6,rec,open-meteo,,,14.1,8.7,,,21.0,calibrated
oaxaca,Août,8,14,26,67,5.0,6.4,7.4,rec,open-meteo,,,14.5,9.1,,,21.0,calibrated
oaxaca,Septembre,9,15,24,70,5.9,6.0,7.3,rec,open-meteo,,,14.8,7.6,,,20.0,calibrated
oaxaca,Octobre,10,14,25,38,3.3,7.3,8.0,rec,open-meteo,,,13.3,7.0,,,25.0,calibrated
oaxaca,Novembre,11,12,26,8,0.2,8.2,8.9,rec,open-meteo,,,10.3,7.4,,,28.0,calibrated
oaxaca,Décembre,12,11,26,2,0.1,8.3,9.1,rec,open-meteo,,,8.0,6.6,,,31.0,calibrated
guatemala,Janvier,1,13,24,24,0.7,8.0,8.3,rec,open-meteo,,,11.4,7.6,,,30.0,observed
guatemala,Février,2,13,25,16,0.6,8.4,8.6,rec,open-meteo,,,11.0,8.7,,,34.0,observed
guatemala,Mars,3,14,27,15,0.7,7.9,8.8,rec,open-meteo,,,12.1,9.4,,,46.0,observed
guatemala,Avril,4,15,28,31,1.4,7.9,8.5,rec,open-meteo,,,13.3,9.5,,,45.0,observed
guatemala,Mai,5,16,26,64,4.3,5.9,7.4,rec,open-meteo,,,15.2,9.4,,,61.0,observed
guatemala,Juin,6,16,24,80,9.0,5.2,4.5,mid,open-meteo,,,16.2,7.0,,,34.0,observed
guatemala,Juillet,7,15,24,60,4.9,5.9,7.4,rec,open-meteo,,,15.2,8.8,,,26.0,observed
guatemala,Août,8,15,24,72,6.1,6.2,4.6,mid,open-meteo,,,15.5,9.0,,,23.0,observed
guatemala,Septembre,9,15,24,84,7.3,5.3,4.4,mid,open-meteo,,,16.1,8.7,,,30.0,observed
guatemala,Octobre,10,15,23,73,5.8,5.7,4.5,mid,open-meteo,,,15.6,7.8,,,27.0,observed
guatemala,Novembre,11,14,22,40,2.4,7.1,7.7,rec,open-meteo,,,14.2,7.0,,,34.0,observed
guatemala,Décembre,12,13,23,23,0.7,6.7,8.1,rec,open-meteo,,,12.4,6.5,,,32.0,observed
belize,Janvier,1,20,27,53,3.6,6.2,7.7,rec,open-meteo,,,20.0,6.4,,,19.0,calibrated
belize,Février,2,20,28,57,2.7,6.5,7.7,rec,open-meteo,,,20.1,7.3,,,23.0,calibrated
belize,Mars,3,22,30,39,1.8,7.6,5.4,mid,open-meteo,,,21.1,8.4,,,24.0,calibrated
belize,Avril,4,23,32,37,1.8,7.9,5.2,mid,open-meteo,,,22.1,8.6,,,26.0,calibrated
belize,Mai,5,24,33,48,2.9,7.5,4.8,mid,open-meteo,,,23.2,9.0,,,35.0,calibrated
belize,Juin,6,24,31,84,6.4,5.5,4.5,mid,open-meteo,,,23.9,7.7,,,21.0,calibrated
belize,Juillet,7,24,31,84,5.0,5.9,4.5,mid,open-meteo,,,23.6,7.7,,,24.0,calibrated
belize,Août,8,24,31,79,5.6,6.0,4.6,mid,open-meteo,,,23.8,8.1,,,17.0,calibrated
belize,Septembre,9,24,31,84,5.8,5.6,4.5,mid,open-meteo,,,23.9,8.0,,,13.0,calibrated
belize,Octobre,10,23,30,76,7.9,5.5,4.6,mid,open-meteo,,,23.1,6.6,,,16.0,calibrated
belize,Novembre,11,22,28,65,7.5,5.9,7.5,rec,open-meteo,,,21.8,6.2,,,19.0,calibrated
belize,Décembre,12,21,27,65,4.6,5.5,7.5,rec,open-meteo,,,21.0,5.7,,,21.0,calibrated
nicaragua,Janvier,1,22,32,10,0.3,8.4,5.8,mid,open-meteo,,,18.4,7.6,,,22.0,calibrated
nicaragua,Février,2,22,32,10,0.3,8.7,5.8,mid,open-meteo,,,18.0,8.4,,,26.0,calibrated
nicaragua,Mars,3,23,34,8,0.3,9.0,5.4,mid,open-meteo,,,18.3,9.0,,,24.0,calibrated
nicaragua,Avril,4,24,34,19,1.0,8.7,5.2,mid,open-meteo,,,19.5,9.2,,,26.0,calibrated
nicaragua,Mai,5,24,33,67,7.5,6.7,4.5,mid,open-meteo,,,21.8,8.5,,,28.0,calibrated
nicaragua,Juin,6,24,30,86,7.7,5.3,4.5,mid,open-meteo,,,22.6,7.1,,,17.0,calibrated
nicaragua,Juillet,7,24,31,68,3.3,6.7,4.8,mid,open-meteo,,,21.9,8.1,,,21.0,calibrated
nicaragua,Août,8,24,31,79,5.0,6.1,4.6,mid,open-meteo,,,22.3,8.7,,,20.0,calibrated
nicaragua,Septembre,9,24,30,88,8.0,5.5,4.5,mid,open-meteo,,,22.7,7.6,,,19.0,calibrated
nicaragua,Octobre,10,23,30,88,11.7,5.1,4.4,mid,open-meteo,,,22.6,8.1,,,19.0,calibrated
nicaragua,Novembre,11,23,30,57,4.8,6.6,5.0,mid,open-meteo,,,21.5,6.9,,,23.0,calibrated
nicaragua,Décembre,12,23,31,28,1.0,7.7,5.6,mid,open-meteo,,,19.8,6.8,,,24.0,calibrated
santiago,Janvier,1,16,30,2,0.3,11.8,9.7,rec,open-meteo,,,10.3,9.6,,,50.0,observed
santiago,Février,2,16,30,4,0.2,11.2,9.5,rec,open-meteo,,,10.6,8.8,,,50.0,observed
santiago,Mars,3,14,28,3,0.1,9.4,9.5,rec,open-meteo,,,9.2,7.6,,,54.0,observed
santiago,Avril,4,12,23,7,1.1,7.1,8.5,rec,open-meteo,,,7.8,5.4,,,55.0,observed
santiago,Mai,5,9,18,15,1.4,5.1,7.5,rec,open-meteo,,,5.3,3.6,,,60.0,observed
santiago,Juin,6,7,15,21,2.9,4.2,4.4,mid,open-meteo,,,2.9,2.6,,,69.0,observed
santiago,Juillet,7,7,15,15,1.6,4.7,4.5,mid,open-meteo,,,2.5,3.6,,,87.0,observed
santiago,Août,8,7,16,19,2.0,5.5,7.3,rec,open-meteo,,,4.9,4.4,,,68.0,observed
santiago,Septembre,9,8,19,19,1.1,6.4,7.6,rec,open-meteo,,,6.6,6.2,,,65.0,observed
santiago,Octobre,10,10,22,15,0.8,8.4,8.3,rec,open-meteo,,,7.3,7.6,,,53.0,observed
santiago,Novembre,11,12,27,6,0.4,10.3,9.4,rec,open-meteo,,,7.8,9.0,,,38.0,observed
santiago,Décembre,12,14,29,3,0.2,11.2,9.7,rec,open-meteo,,,8.8,9.6,,,45.0,observed
equateur,Janvier,1,8,17,79,11.7,6.1,4.1,mid,open-meteo,,,8.9,9.0,,,24.0,calibrated
equateur,Février,2,9,17,90,15.3,5.4,4.5,avoid,open-meteo,,,9.5,9.2,,,24.0,calibrated
equateur,Mars,3,9,17,93,17.7,5.0,4.4,avoid,open-meteo,,,9.4,9.3,,,27.0,calibrated
equateur,Avril,4,8,17,91,15.2,5.3,4.4,avoid,open-meteo,,,9.2,9.2,,,26.0,calibrated
equateur,Mai,5,8,17,79,9.2,6.1,4.1,mid,open-meteo,,,8.9,8.4,,,20.0,calibrated
equateur,Juin,6,8,17,59,4.9,7.1,4.3,mid,open-meteo,,,7.7,7.6,,,20.0,calibrated
equateur,Juillet,7,7,18,32,2.1,8.3,7.4,rec,open-meteo,,,6.5,8.7,,,18.0,calibrated
equateur,Août,8,7,19,36,2.3,8.2,7.5,rec,open-meteo,,,5.9,9.4,,,22.0,calibrated
equateur,Septembre,9,7,19,46,3.1,7.9,7.3,rec,open-meteo,,,6.5,9.7,,,27.0,calibrated
equateur,Octobre,10,8,18,79,9.0,6.3,4.2,mid,open-meteo,,,8.5,9.6,,,25.0,calibrated
equateur,Novembre,11,9,17,90,13.1,5.6,4.5,avoid,open-meteo,,,9.2,9.2,,,28.0,calibrated
equateur,Décembre,12,9,17,83,12.0,6.1,4.7,avoid,open-meteo,,,9.2,8.6,,,26.0,calibrated
bolivie,Janvier,1,5,15,67,4.2,6.5,4.1,mid,open-meteo,,,4.2,9.8,,,18.0,calibrated
bolivie,Février,2,5,15,69,4.7,6.2,4.1,mid,open-meteo,,,4.8,8.1,,,16.0,calibrated
bolivie,Mars,3,5,14,66,4.1,6.2,4.1,mid,open-meteo,,,4.4,8.2,,,16.0,calibrated
bolivie,Avril,4,4,15,38,1.8,7.2,4.4,mid,open-meteo,,,1.6,8.5,,,16.0,calibrated
bolivie,Mai,5,2,15,18,0.9,7.9,7.3,rec,open-meteo,,,-2.8,7.8,,,17.0,calibrated
bolivie,Juin,6,0,15,9,0.3,8.2,7.5,rec,open-meteo,,,-6.0,7.3,,,18.0,calibrated
bolivie,Juillet,7,0,15,7,0.3,8.2,7.5,rec,open-meteo,,,-6.4,7.6,,,18.0,calibrated
bolivie,Août,8,1,16,11,0.5,8.3,7.5,rec,open-meteo,,,-5.0,8.7,,,19.0,calibrated
bolivie,Septembre,9,3,17,27,1.3,7.9,7.4,rec,open-meteo,,,-0.8,9.6,,,36.0,calibrated
bolivie,Octobre,10,4,17,42,1.9,7.7,7.2,rec,open-meteo,,,0.1,10.1,,,26.0,calibrated
bolivie,Novembre,11,5,18,42,2.1,7.8,7.3,rec,open-meteo,,,1.7,9.5,,,23.0,calibrated
bolivie,Décembre,12,6,16,60,3.4,6.7,4.2,mid,open-meteo,,,3.8,9.9,,,22.0,calibrated
uruguay,Janvier,1,20,26,27,2.1,8.9,8.5,rec,open-meteo,24.7,8.1,17.0,8.8,0.68,6.4,19.0,calibrated
uruguay,Février,2,20,26,32,3.0,7.7,8.2,rec,open-meteo,25.3,8.0,17.1,7.9,0.82,6.0,21.0,calibrated
uruguay,Mars,3,18,24,36,2.9,7.2,7.9,rec,open-meteo,23.3,7.2,15.8,6.5,0.63,6.3,20.0,calibrated
uruguay,Avril,4,16,21,33,3.7,6.4,7.6,rec,open-meteo,19.9,5.8,13.7,4.2,0.81,6.2,17.0,calibrated
uruguay,Mai,5,12,17,24,2.6,5.9,7.3,rec,open-meteo,14.3,4.1,10.6,3.0,0.78,7.4,18.0,calibrated
uruguay,Juin,6,9,14,27,2.3,5.6,4.3,mid,open-meteo,13.2,3.8,8.4,2.7,0.68,6.4,21.0,calibrated
uruguay,Juillet,7,9,13,29,3.2,5.7,4.3,mid,open-meteo,10.1,3.9,7.6,3.4,0.56,7.6,23.0,calibrated
uruguay,Août,8,9,15,25,2.6,6.5,4.5,mid,open-meteo,11.5,3.8,8.4,3.4,0.94,7.8,22.0,calibrated
uruguay,Septembre,9,11,16,26,2.2,6.9,7.3,rec,open-meteo,14.8,4.2,9.5,5.8,0.61,6.5,24.0,calibrated
uruguay,Octobre,10,13,18,32,2.8,7.6,7.4,rec,open-meteo,19.4,5.4,11.1,6.9,0.67,5.6,24.0,calibrated
uruguay,Novembre,11,16,22,26,2.5,8.5,8.1,rec,open-meteo,22.5,6.8,13.3,8.0,0.82,5.5,24.0,calibrated
uruguay,Décembre,12,18,25,26,2.2,8.9,8.4,rec,open-meteo,22.9,7.5,15.0,8.6,0.81,6.5,22.0,calibrated
gold-coast,Janvier,1,22,28,50,3.5,7.6,8.0,rec,open-meteo,26.3,7.6,20.1,8.0,1.55,7.3,22.0,calibrated
gold-coast,Février,2,22,28,48,6.1,7.1,8.0,rec,open-meteo,27.2,7.6,19.8,7.9,1.58,7.6,20.0,calibrated
gold-coast,Mars,3,21,26,57,7.3,6.5,7.6,rec,open-meteo,26.2,6.7,19.5,6.6,1.84,7.6,22.0,calibrated
gold-coast,Avril,4,19,24,34,2.7,6.9,7.9,rec,open-meteo,25.3,6.8,16.2,6.1,1.49,8.2,20.0,calibrated
gold-coast,Mai,5,16,22,28,2.9,6.7,7.9,rec,open-meteo,23.1,6.0,13.4,4.5,1.55,8.1,21.0,calibrated
gold-coast,Juin,6,14,20,21,2.0,6.7,7.7,rec,open-meteo,21.7,5.8,10.8,4.2,1.17,8.5,20.0,calibrated
gold-coast,Juillet,7,13,20,23,1.7,6.8,7.7,rec,open-meteo,20.7,5.2,10.0,4.3,1.49,8.0,22.0,calibrated
gold-coast,Août,8,13,21,18,1.4,7.3,8.0,rec,open-meteo,20.9,5.6,10.2,5.2,1.49,8.0,26.0,calibrated
gold-coast,Septembre,9,15,23,23,1.4,7.6,8.1,rec,open-meteo,21.7,6.1,12.2,7.0,1.51,8.6,29.0,calibrated
gold-coast,Octobre,10,17,24,34,3.2,7.7,8.0,rec,open-meteo,22.5,6.5,15.2,7.6,1.4,7.6,27.0,calibrated
gold-coast,Novembre,11,19,26,38,2.9,8.1,8.1,rec,open-meteo,24.1,7.2,16.6,7.7,1.33,6.8,25.0,calibrated
gold-coast,Décembre,12,21,27,43,3.9,7.9,8.1,rec,open-meteo,24.6,7.4,18.9,8.6,1.37,7.3,22.0,calibrated
cairns,Janvier,1,24,30,75,14.0,6.9,4.7,mid,open-meteo,30.8,8.3,23.7,8.5,0.56,5.3,11.0,observed
cairns,Février,2,24,30,70,11.0,6.2,4.7,mid,open-meteo,30.9,8.3,23.7,9.2,0.53,6.0,11.0,observed
cairns,Mars,3,24,30,68,11.8,6.6,4.8,mid,open-meteo,29.4,8.3,23.1,8.0,0.87,6.2,12.0,observed
cairns,Avril,4,23,28,51,6.2,7.0,7.9,rec,open-meteo,28.1,8.1,21.2,7.4,0.98,6.1,16.0,observed
cairns,Mai,5,21,26,40,3.0,7.1,8.0,rec,open-meteo,25.8,7.5,19.0,6.4,1.17,6.2,19.0,observed
cairns,Juin,6,19,25,30,1.4,7.0,8.1,rec,open-meteo,24.2,7.5,17.4,5.8,0.67,5.6,17.0,observed
cairns,Juillet,7,19,24,26,1.9,7.5,8.2,rec,open-meteo,23.8,7.2,16.4,6.2,0.93,6.2,21.0,observed
cairns,Août,8,18,25,23,1.2,8.1,8.4,rec,open-meteo,23.7,7.4,16.3,6.9,0.88,6.5,22.0,observed
cairns,Septembre,9,20,27,31,1.5,9.0,8.5,rec,open-meteo,24.9,7.9,17.6,8.1,0.96,6.5,24.0,observed
cairns,Octobre,10,22,29,28,1.6,9.0,8.6,rec,open-meteo,27.1,8.8,19.6,9.0,0.74,5.6,21.0,observed
cairns,Novembre,11,23,30,40,2.0,8.6,5.5,mid,open-meteo,28.6,8.9,20.9,9.3,0.68,5.6,17.0,observed
cairns,Décembre,12,24,31,54,9.3,7.8,5.1,mid,open-meteo,30.3,8.7,22.7,8.7,0.46,5.4,16.0,observed
perth,Janvier,1,19,30,5,0.7,11.5,9.5,rec,open-meteo,24.9,8.9,13.0,9.3,1.05,10.6,23.0,observed
perth,Février,2,19,30,8,0.8,11.3,9.4,rec,open-meteo,24.5,8.8,13.7,8.2,1.01,10.0,23.0,observed
perth,Mars,3,18,28,15,1.3,9.6,9.1,rec,open-meteo,23.0,7.9,13.8,7.5,1.01,11.0,19.0,observed
perth,Avril,4,15,24,20,1.1,8.3,8.4,rec,open-meteo,21.1,6.8,11.9,5.7,0.8,11.0,17.0,observed
perth,Mai,5,12,21,26,2.7,6.7,7.8,rec,open-meteo,20.0,5.6,9.8,4.1,1.11,10.4,16.0,observed
perth,Juin,6,11,18,43,4.0,5.9,4.5,mid,open-meteo,19.0,4.3,9.3,3.4,1.41,10.7,18.0,observed
perth,Juillet,7,10,17,50,4.0,6.1,4.4,mid,open-meteo,17.5,3.5,9.3,3.7,1.58,10.7,19.0,observed
perth,Août,8,10,17,43,3.9,7.2,4.5,mid,open-meteo,17.6,3.5,9.0,4.3,1.8,10.9,23.0,observed
perth,Septembre,9,11,19,27,1.7,7.7,7.6,rec,open-meteo,18.2,4.9,9.5,6.3,1.24,10.8,23.0,observed
perth,Octobre,10,12,21,23,1.4,9.6,8.1,rec,open-meteo,19.6,5.5,10.4,7.6,1.37,10.7,23.0,observed
perth,Novembre,11,15,24,13,0.7,10.6,8.9,rec,open-meteo,21.1,6.9,11.1,8.4,1.09,10.8,23.0,observed
perth,Décembre,12,18,28,6,0.3,11.5,9.7,rec,open-meteo,23.5,8.1,11.9,9.3,1.27,10.9,24.0,observed
rodrigues,Janvier,1,24,25,57,4.1,8.9,7.7,rec,open-meteo,29.8,6.7,20.8,9.6,1.93,9.4,18.0,observed
rodrigues,Février,2,24,26,63,4.2,8.5,7.7,rec,open-meteo,28.5,6.6,20.9,9.3,2.07,7.3,25.0,observed
rodrigues,Mars,3,24,26,66,4.9,8.3,7.6,rec,open-meteo,27.8,6.5,21.1,8.6,2.05,9.0,24.0,observed
rodrigues,Avril,4,24,25,60,2.6,8.1,7.6,rec,open-meteo,28.3,6.4,20.3,7.5,1.94,10.4,21.0,observed
rodrigues,Mai,5,22,24,53,2.1,7.9,7.7,rec,open-meteo,26.8,6.0,18.3,5.7,2.39,11.2,25.0,observed
rodrigues,Juin,6,21,22,45,2.2,7.3,7.6,rec,open-meteo,25.2,5.5,16.5,5.6,2.43,10.4,28.0,observed
rodrigues,Juillet,7,20,22,54,1.6,7.5,7.5,rec,open-meteo,24.4,5.3,15.9,5.7,2.08,10.3,29.0,observed
rodrigues,Août,8,19,21,50,1.8,7.9,7.5,rec,open-meteo,23.9,5.0,15.4,6.4,2.59,11.4,31.0,observed
rodrigues,Septembre,9,20,21,46,1.4,7.9,7.5,rec,open-meteo,23.7,5.2,15.7,8.2,2.13,10.0,29.0,observed
rodrigues,Octobre,10,21,22,42,1.4,8.9,7.8,rec,open-meteo,24.5,5.7,17.1,8.0,2.19,10.7,27.0,observed
rodrigues,Novembre,11,22,23,46,1.9,9.1,7.8,rec,open-meteo,25.9,6.2,18.3,9.3,2.1,8.9,22.0,observed
rodrigues,Décembre,12,23,24,53,2.9,9.2,7.8,rec,open-meteo,26.7,6.6,19.7,9.6,1.82,9.8,20.0,observed
nosybe,Janvier,1,24,29,94,16.0,6.0,4.5,mid,open-meteo,30.5,7.7,23.4,7.6,0.82,5.7,19.0,observed
nosybe,Février,2,25,29,89,11.0,6.1,4.5,mid,open-meteo,31.1,7.8,23.7,9.2,0.43,5.8,13.0,observed
nosybe,Mars,3,25,29,88,8.9,7.2,4.6,mid,open-meteo,31.9,7.6,23.9,8.2,0.32,6.7,10.0,observed
nosybe,Avril,4,25,30,70,3.2,8.2,4.9,mid,open-meteo,31.7,8.2,23.7,8.1,0.32,6.6,11.0,observed
nosybe,Mai,5,24,29,42,1.6,8.8,5.5,mid,open-meteo,30.6,8.6,22.2,7.1,0.32,5.7,15.0,observed
nosybe,Juin,6,23,28,31,1.1,8.3,8.5,rec,open-meteo,28.8,8.7,20.5,6.6,0.36,6.7,17.0,observed
nosybe,Juillet,7,22,28,20,0.8,8.5,8.8,rec,open-meteo,27.8,8.8,19.2,6.9,0.34,6.7,21.0,observed
nosybe,Août,8,22,28,35,1.0,9.2,8.5,rec,open-meteo,27.4,8.6,19.2,7.8,0.36,8.7,22.0,observed
nosybe,Septembre,9,22,28,44,1.4,9.3,8.3,rec,open-meteo,28.0,8.5,19.8,8.8,0.42,7.7,22.0,observed
nosybe,Octobre,10,24,29,57,2.7,9.1,7.9,rec,open-meteo,29.1,8.6,21.2,9.4,0.39,6.7,21.0,observed
nosybe,Novembre,11,24,30,86,5.1,8.3,4.7,mid,open-meteo,30.7,8.3,22.5,9.4,0.35,7.6,23.0,observed
nosybe,Décembre,12,24,29,91,6.8,7.1,4.6,mid,open-meteo,30.9,8.0,23.3,9.2,0.39,6.8,21.0,observed
wild-atlantic-way,Janvier,1,5,9,64,5.2,0.2,0.6,avoid,open-meteo,9.1,0.8,3.3,0.2,3.28,11.1,29.0,calibrated
wild-atlantic-way,Février,2,5,10,69,5.6,0.8,0.6,avoid,open-meteo,9.1,0.9,3.3,0.5,3.4,10.8,30.0,calibrated
wild-atlantic-way,Mars,3,5,10,56,4.5,2.1,0.8,avoid,open-meteo,9.2,1.4,3.8,1.3,2.83,10.3,32.0,calibrated
wild-atlantic-way,Avril,4,7,12,51,2.7,3.5,1.1,avoid,open-meteo,10.4,1.9,5.0,2.5,2.1,8.9,32.0,calibrated
wild-atlantic-way,Mai,5,10,15,47,2.8,4.4,4.2,mid,open-meteo,13.0,2.8,7.9,3.5,1.46,8.2,32.0,calibrated
wild-atlantic-way,Juin,6,12,16,65,4.0,3.4,4.1,mid,open-meteo,13.9,2.1,10.2,4.3,1.83,7.7,27.0,calibrated
wild-atlantic-way,Juillet,7,13,17,68,5.0,2.9,4.1,mid,open-meteo,15.2,2.8,11.9,3.8,1.49,7.5,23.0,calibrated
wild-atlantic-way,Août,8,14,17,73,5.7,2.4,1.1,avoid,open-meteo,16.0,2.0,12.0,3.4,2.48,8.7,26.0,calibrated
wild-atlantic-way,Septembre,9,12,16,65,5.4,2.0,1.1,avoid,open-meteo,15.3,2.3,10.6,2.4,1.53,8.6,28.0,calibrated
wild-atlantic-way,Octobre,10,10,14,65,5.8,1.1,0.8,avoid,open-meteo,13.6,1.3,8.5,1.1,2.42,10.3,27.0,calibrated
wild-atlantic-way,Novembre,11,8,11,66,5.9,0.3,0.6,avoid,open-meteo,12.6,1.2,5.9,0.4,2.02,9.8,26.0,calibrated
wild-atlantic-way,Décembre,12,6,10,67,6.1,0.0,0.6,avoid,open-meteo,10.9,0.7,4.8,0.1,3.35,10.6,31.0,calibrated
gdansk,Janvier,1,0,3,43,1.7,1.3,0.6,avoid,open-meteo,2.5,2.7,-1.7,0.9,1.14,5.3,34.0,observed
gdansk,Février,2,0,5,40,1.6,2.5,0.7,avoid,open-meteo,2.5,3.4,-1.2,1.2,0.71,4.6,37.0,observed
gdansk,Mars,3,1,8,32,1.1,4.3,4.1,mid,open-meteo,4.5,3.7,-0.1,2.7,0.68,4.1,45.0,observed
gdansk,Avril,4,4,11,30,1.1,5.4,4.2,mid,open-meteo,7.3,4.1,2.6,4.1,0.72,4.7,33.0,observed
gdansk,Mai,5,8,17,35,1.7,7.9,7.3,rec,open-meteo,13.0,4.6,7.2,5.6,0.52,3.7,28.0,observed
gdansk,Juin,6,13,21,39,2.2,8.6,7.7,rec,open-meteo,18.3,6.0,11.9,5.8,0.44,3.7,28.0,observed
gdansk,Juillet,7,15,22,45,3.4,7.6,7.6,rec,open-meteo,20.8,6.5,13.6,5.6,0.47,3.9,27.0,observed
gdansk,Août,8,15,22,36,2.3,7.3,7.8,rec,open-meteo,21.7,6.7,13.8,5.2,0.48,3.9,27.0,observed
gdansk,Septembre,9,12,19,33,1.7,5.8,7.4,rec,open-meteo,18.0,5.1,10.9,3.6,0.79,4.4,26.0,observed
gdansk,Octobre,10,8,13,38,1.9,3.4,4.1,mid,open-meteo,13.1,3.6,6.9,2.1,0.58,4.0,28.0,observed
gdansk,Novembre,11,4,8,35,1.7,1.5,0.9,avoid,open-meteo,9.4,3.2,3.3,1.1,0.66,5.0,37.0,observed
gdansk,Décembre,12,1,4,39,1.6,1.0,0.7,avoid,open-meteo,6.7,3.0,0.4,0.6,0.7,4.7,40.0,observed
transylvanie,Janvier,1,-4,3,31,1.1,3.9,1.0,avoid,open-meteo,,,-3.6,1.6,,,44.0,calibrated
transylvanie,Février,2,-2,6,30,1.2,4.7,4.1,mid,open-meteo,,,-1.4,2.3,,,43.0,calibrated
transylvanie,Mars,3,0,11,31,1.6,6.1,4.2,mid,open-meteo,,,-0.2,3.7,,,38.0,calibrated
transylvanie,Avril,4,5,16,37,1.9,7.0,4.5,mid,open-meteo,,,3.8,4.9,,,30.0,calibrated
transylvanie,Mai,5,10,20,46,2.5,7.3,7.4,rec,open-meteo,,,9.3,5.9,,,26.0,calibrated
transylvanie,Juin,6,15,25,48,3.5,7.8,7.8,rec,open-meteo,,,14.3,6.8,,,27.0,calibrated
transylvanie,Juillet,7,16,26,38,2.8,8.4,8.2,rec,open-meteo,,,14.7,6.5,,,29.0,calibrated
transylvanie,Août,8,16,27,26,1.8,8.1,8.5,rec,open-meteo,,,14.6,6.0,,,30.0,calibrated
transylvanie,Septembre,9,12,23,28,2.1,7.0,8.0,rec,open-meteo,,,10.8,4.2,,,27.0,calibrated
transylvanie,Octobre,10,6,16,25,1.4,6.0,7.2,rec,open-meteo,,,6.4,3.0,,,30.0,calibrated
transylvanie,Novembre,11,2,9,31,1.7,4.3,4.1,mid,open-meteo,,,2.6,2.0,,,52.0,calibrated
transylvanie,Décembre,12,-1,4,31,1.5,3.6,1.0,avoid,open-meteo,,,-1.0,1.2,,,53.0,calibrated
da-lat,Janvier,1,14,22,22,1.0,7.7,8.1,rec,open-meteo,,,12.6,7.7,,,24.0,observed
da-lat,Février,2,14,23,18,0.9,8.2,8.3,rec,open-meteo,,,11.7,8.7,,,26.0,observed
da-lat,Mars,3,14,25,28,1.3,7.7,8.2,rec,open-meteo,,,12.8,9.3,,,31.0,observed
da-lat,Avril,4,15,26,49,2.9,6.6,7.7,rec,open-meteo,,,15.1,9.5,,,32.0,observed
da-lat,Mai,5,16,24,83,6.3,6.3,4.5,mid,open-meteo,,,17.1,8.5,,,26.0,observed
da-lat,Juin,6,16,23,88,6.4,5.0,4.3,mid,open-meteo,,,17.1,8.1,,,22.0,observed
da-lat,Juillet,7,17,23,95,7.4,4.7,4.2,mid,open-meteo,,,17.0,7.4,,,20.0,observed
da-lat,Août,8,16,23,85,6.4,4.3,4.3,mid,open-meteo,,,17.1,8.9,,,25.0,observed
da-lat,Septembre,9,16,23,93,10.0,4.2,4.2,mid,open-meteo,,,16.9,8.0,,,20.0,observed
da-lat,Octobre,10,16,22,82,8.8,4.5,4.3,mid,open-meteo,,,16.3,7.6,,,21.0,observed
da-lat,Novembre,11,16,22,50,5.9,5.6,7.4,rec,open-meteo,,,15.4,7.4,,,25.0,observed
da-lat,Décembre,12,15,22,27,2.0,6.4,7.9,rec,open-meteo,,,13.9,5.0,,,26.0,observed
tbilissi,Janvier,1,0,8,17,0.7,3.2,4.1,mid,open-meteo,,,-2.4,2.4,,,34.0,observed
tbilissi,Février,2,1,9,18,0.8,3.6,4.2,mid,open-meteo,,,-0.5,3.0,,,38.0,observed
tbilissi,Mars,3,4,13,35,2.2,4.6,4.2,mid,open-meteo,,,2.3,4.1,,,36.0,observed
tbilissi,Avril,4,8,19,38,2.5,5.7,7.3,rec,open-meteo,,,6.4,6.1,,,33.0,observed
tbilissi,Mai,5,13,22,44,3.5,6.9,7.6,rec,open-meteo,,,11.2,5.8,,,34.0,observed
tbilissi,Juin,6,18,28,32,2.6,8.3,8.5,rec,open-meteo,,,14.9,7.9,,,30.0,observed
tbilissi,Juillet,7,20,31,23,1.7,8.3,5.7,mid,open-meteo,,,16.1,7.4,,,33.0,observed
tbilissi,Août,8,21,32,16,0.8,8.0,8.3,rec,open-meteo,,,14.8,7.1,,,33.0,observed
tbilissi,Septembre,9,16,25,26,2.0,6.9,8.2,rec,open-meteo,,,13.0,5.5,,,46.0,observed
tbilissi,Octobre,10,11,20,27,1.6,5.3,7.5,rec,open-meteo,,,9.3,3.9,,,25.0,observed
tbilissi,Novembre,11,5,13,19,1.5,3.4,4.3,mid,open-meteo,,,4.2,2.7,,,26.0,observed
tbilissi,Décembre,12,1,8,22,1.0,3.0,4.1,mid,open-meteo,,,0.2,2.2,,,34.0,observed
canggu,Janvier,1,24,29,92,10.4,4.7,4.4,mid,open-meteo,29.7,7.3,23.9,9.0,1.31,9.5,21.0,calibrated
canggu,Février,2,24,29,94,10.9,4.9,4.4,mid,open-meteo,30.5,7.4,24.0,9.3,1.12,10.0,22.0,calibrated
canggu,Mars,3,24,30,87,6.8,5.5,4.5,mid,open-meteo,30.6,7.3,24.1,8.6,1.47,10.5,27.0,calibrated
canggu,Avril,4,24,30,75,4.7,6.2,4.7,mid,open-meteo,29.8,7.9,23.9,8.2,1.27,11.0,20.0,calibrated
canggu,Mai,5,24,30,69,3.0,6.4,4.8,mid,open-meteo,29.3,7.9,23.3,7.4,1.33,12.0,23.0,calibrated
canggu,Juin,6,24,29,68,2.5,6.3,4.8,mid,open-meteo,28.5,7.4,22.7,6.8,1.6,12.4,23.0,calibrated
canggu,Juillet,7,23,28,61,2.4,6.6,7.7,rec,open-meteo,27.9,7.4,21.8,6.8,1.47,11.7,24.0,calibrated
canggu,Août,8,23,28,60,2.0,6.7,7.7,rec,open-meteo,27.9,7.2,21.6,8.0,1.7,11.9,25.0,calibrated
canggu,Septembre,9,23,29,73,3.6,6.4,4.8,mid,open-meteo,28.8,7.6,22.2,8.8,1.39,11.0,25.0,calibrated
canggu,Octobre,10,24,30,75,3.7,6.6,4.7,mid,open-meteo,29.2,7.6,23.0,9.2,1.56,11.5,25.0,calibrated
canggu,Novembre,11,24,30,88,7.2,5.8,4.5,mid,open-meteo,29.9,7.8,23.9,8.9,1.17,10.4,39.0,calibrated
canggu,Décembre,12,24,30,91,9.2,5.2,4.4,mid,open-meteo,29.9,7.3,24.0,7.4,1.57,11.2,22.0,calibrated
el-hierro,Janvier,1,10,16,13,0.5,5.2,7.3,rec,open-meteo,21.9,4.2,8.0,5.0,2.21,11.1,56.0,observed
el-hierro,Février,2,10,16,16,0.7,6.0,7.3,rec,open-meteo,21.1,4.1,7.6,6.0,2.09,11.2,65.0,observed
el-hierro,Mars,3,11,16,20,0.7,6.7,7.3,rec,open-meteo,21.0,4.0,8.3,7.2,2.44,10.1,36.0,observed
el-hierro,Avril,4,12,17,17,0.7,7.4,7.5,rec,open-meteo,22.0,5.1,9.2,8.2,1.61,9.7,41.0,observed
el-hierro,Mai,5,13,19,11,0.4,8.3,7.9,rec,open-meteo,22.5,6.0,10.4,8.3,1.33,8.7,33.0,observed
el-hierro,Juin,6,14,20,8,0.4,8.5,8.2,rec,open-meteo,23.0,6.5,12.2,8.7,1.26,7.4,28.0,observed
el-hierro,Juillet,7,15,21,0,0.0,7.8,8.5,rec,open-meteo,24.0,6.9,13.7,8.8,1.31,8.2,25.0,observed
el-hierro,Août,8,16,23,3,0.1,8.0,8.7,rec,open-meteo,24.5,7.0,14.5,8.6,1.55,8.5,29.0,observed
el-hierro,Septembre,9,16,22,9,0.8,7.7,8.4,rec,open-meteo,24.3,7.0,14.4,7.5,1.26,7.9,31.0,observed
el-hierro,Octobre,10,15,21,18,0.6,6.6,7.9,rec,open-meteo,24.3,6.0,12.8,6.5,1.73,9.7,31.0,observed
el-hierro,Novembre,11,13,19,20,0.8,5.3,7.5,rec,open-meteo,23.3,5.4,11.2,5.1,1.65,10.1,45.0,observed
el-hierro,Décembre,12,12,17,21,0.7,5.0,7.3,rec,open-meteo,22.0,4.7,9.5,4.4,1.67,9.7,67.0,observed
guyane,Janvier,1,24,28,87,12.4,5.3,4.6,mid,open-meteo,28.6,7.3,22.5,8.1,1.15,7.2,26.0,calibrated
guyane,Février,2,24,28,88,13.7,4.8,4.5,mid,open-meteo,29.0,7.4,22.3,8.6,1.01,6.7,39.0,calibrated
guyane,Mars,3,25,28,86,9.6,5.5,4.6,mid,open-meteo,29.6,7.6,22.4,8.8,1.0,7.3,21.0,calibrated
guyane,Avril,4,24,28,95,17.2,4.5,4.4,mid,open-meteo,29.5,7.3,23.1,8.1,0.98,6.7,29.0,calibrated
guyane,Mai,5,24,28,99,21.7,3.8,4.3,mid,open-meteo,29.3,7.2,23.7,7.4,0.83,6.2,21.0,calibrated
guyane,Juin,6,24,28,98,18.5,4.7,4.4,mid,open-meteo,29.9,7.6,23.7,8.1,0.6,6.7,12.0,calibrated
guyane,Juillet,7,24,29,91,10.7,5.7,4.5,mid,open-meteo,30.3,8.0,23.6,8.3,0.58,6.8,16.0,calibrated
guyane,Août,8,24,30,65,4.5,6.9,4.9,mid,open-meteo,30.6,8.5,23.5,8.8,0.54,7.1,17.0,calibrated
guyane,Septembre,9,25,30,46,2.5,7.5,5.3,mid,open-meteo,30.6,8.7,23.4,9.1,0.63,7.7,17.0,calibrated
guyane,Octobre,10,25,30,47,2.6,7.6,5.2,mid,open-meteo,30.6,8.7,23.4,8.7,0.69,8.0,14.0,calibrated
guyane,Novembre,11,25,29,80,7.9,6.1,4.6,mid,open-meteo,30.0,8.1,23.6,8.2,0.8,8.3,15.0,calibrated
guyane,Décembre,12,24,28,94,13.9,4.6,4.4,mid,open-meteo,28.6,7.3,23.2,7.7,1.0,7.4,23.0,calibrated
saint-pierre-et-miquelon,Janvier,1,-2,1,59,4.9,1.4,0.5,avoid,open-meteo,2.1,1.2,-4.3,1.6,2.79,9.4,32.0,observed
saint-pierre-et-miquelon,Février,2,-3,0,63,4.9,2.1,0.5,avoid,open-meteo,0.6,1.4,-5.4,2.3,2.54,8.8,33.0,observed
saint-pierre-et-miquelon,Mars,3,-1,1,50,4.4,3.6,0.7,avoid,open-meteo,0.6,2.0,-4.1,3.2,2.39,8.4,33.0,observed
saint-pierre-et-miquelon,Avril,4,1,3,47,4.1,4.7,0.8,avoid,open-meteo,1.4,2.3,-1.0,5.0,2.0,8.1,34.0,observed
saint-pierre-et-miquelon,Mai,5,3,5,40,3.2,5.6,1.0,avoid,open-meteo,4.4,3.2,2.2,5.4,1.52,7.0,27.0,observed
saint-pierre-et-miquelon,Juin,6,7,9,45,4.3,5.5,1.2,avoid,open-meteo,7.2,2.8,6.7,5.3,1.59,6.4,28.0,observed
saint-pierre-et-miquelon,Juillet,7,12,14,38,4.0,4.9,4.2,mid,open-meteo,12.8,3.2,11.8,5.6,1.31,6.1,28.0,observed
saint-pierre-et-miquelon,Août,8,16,17,36,3.3,5.4,4.5,mid,open-meteo,16.8,3.9,14.7,5.4,1.57,7.2,30.0,observed
saint-pierre-et-miquelon,Septembre,9,14,16,34,3.3,5.3,4.4,mid,open-meteo,15.9,3.6,11.5,4.8,1.43,7.1,29.0,observed
saint-pierre-et-miquelon,Octobre,10,9,12,38,4.3,3.8,4.1,mid,open-meteo,12.4,2.3,6.7,3.2,2.25,8.7,30.0,observed
saint-pierre-et-miquelon,Novembre,11,5,8,59,5.8,2.1,0.6,avoid,open-meteo,8.7,1.5,2.2,1.5,2.48,8.1,31.0,observed
saint-pierre-et-miquelon,Décembre,12,0,4,58,5.1,1.2,0.5,avoid,open-meteo,5.4,1.3,-1.7,1.3,2.66,8.3,32.0,observed
diani,Janvier,1,25,30,34,1.5,8.2,5.6,mid,open-meteo,29.1,8.6,22.6,7.6,1.15,6.1,27.0,calibrated
diani,Février,2,25,31,31,1.0,8.3,5.6,mid,open-meteo,29.3,8.6,22.7,8.3,1.12,6.5,25.0,calibrated
diani,Mars,3,25,31,49,2.4,7.4,5.1,mid,open-meteo,30.6,8.4,23.2,8.5,0.79,7.4,15.0,calibrated
diani,Avril,4,24,29,84,7.9,5.9,4.6,mid,open-meteo,29.6,7.6,23.4,7.3,1.23,7.0,15.0,calibrated
diani,Mai,5,24,28,78,8.8,6.1,4.7,mid,open-meteo,28.6,7.1,22.2,7.3,1.62,7.4,20.0,calibrated
diani,Juin,6,23,27,76,3.9,6.2,7.4,rec,open-meteo,27.8,6.9,21.0,7.5,1.56,7.4,22.0,calibrated
diani,Juillet,7,22,26,78,2.9,6.1,7.3,rec,open-meteo,27.1,6.9,20.3,7.5,1.35,7.3,24.0,calibrated
diani,Août,8,22,26,74,2.3,6.3,7.3,rec,open-meteo,26.8,6.8,20.3,8.4,1.51,7.4,24.0,calibrated
diani,Septembre,9,23,27,73,2.8,6.5,7.4,rec,open-meteo,26.9,7.3,20.7,8.7,1.24,6.9,21.0,calibrated
diani,Octobre,10,23,28,66,4.6,7.0,7.6,rec,open-meteo,27.4,7.8,21.8,8.8,1.11,6.9,18.0,calibrated
diani,Novembre,11,24,29,72,3.6,6.9,4.8,mid,open-meteo,28.5,8.2,22.9,8.4,0.77,7.2,16.0,calibrated
diani,Décembre,12,24,30,64,3.3,7.1,4.9,mid,open-meteo,29.0,8.3,23.2,8.0,1.04,6.8,27.0,calibrated
dakar,Janvier,1,20,27,1,0.1,7.9,9.2,rec,open-meteo,24.5,7.5,12.0,6.8,1.61,11.3,76.0,observed
dakar,Février,2,19,26,0,0.0,8.7,9.2,rec,open-meteo,21.4,6.8,12.4,7.7,1.54,10.9,93.0,observed
dakar,Mars,3,19,24,0,0.0,9.2,9.1,rec,open-meteo,18.1,5.5,14.7,8.7,1.86,10.1,88.0,observed
dakar,Avril,4,20,24,0,0.0,9.6,9.1,rec,open-meteo,19.4,6.1,16.4,8.9,1.59,9.6,90.0,observed
dakar,Mai,5,21,25,0,0.0,9.4,9.2,rec,open-meteo,23.4,7.1,18.5,8.8,1.6,8.5,103.0,observed
dakar,Juin,6,23,28,4,0.2,8.4,9.3,rec,open-meteo,25.7,8.3,21.0,8.5,1.37,7.0,95.0,observed
dakar,Juillet,7,25,29,22,1.2,7.5,5.9,mid,open-meteo,28.5,8.3,22.4,8.0,1.43,9.9,76.0,observed
dakar,Août,8,26,29,49,4.3,7.2,5.2,mid,open-meteo,28.8,7.7,23.6,7.8,1.58,8.7,44.0,observed
dakar,Septembre,9,26,29,41,3.7,7.3,5.4,mid,open-meteo,28.8,8.2,24.3,7.4,1.26,8.3,52.0,observed
dakar,Octobre,10,26,31,9,0.5,8.3,6.1,mid,open-meteo,29.0,8.5,23.7,7.1,1.45,9.7,75.0,observed
dakar,Novembre,11,25,30,1,0.1,8.3,6.4,mid,open-meteo,28.1,8.8,19.1,6.9,1.33,10.5,59.0,observed
dakar,Décembre,12,22,28,2,0.0,7.7,9.3,rec,open-meteo,25.5,8.2,14.0,5.9,1.28,9.3,86.0,observed
sapa,Janvier,1,8,14,45,3.9,3.7,4.1,mid,open-meteo,,,8.2,3.7,,,31.0,observed
sapa,Février,2,9,16,49,3.5,4.1,4.2,mid,open-meteo,,,8.8,6.6,,,36.0,observed
sapa,Mars,3,12,19,51,3.8,4.9,4.4,mid,open-meteo,,,12.2,7.5,,,48.0,observed
sapa,Avril,4,15,22,59,5.8,5.6,7.3,rec,open-meteo,,,13.8,8.8,,,55.0,observed
sapa,Mai,5,17,23,78,7.2,4.8,4.4,mid,open-meteo,,,16.6,7.4,,,43.0,observed
sapa,Juin,6,18,23,94,9.1,3.3,4.2,mid,open-meteo,,,18.1,6.0,,,24.0,observed
sapa,Juillet,7,18,23,95,12.6,3.4,4.2,mid,open-meteo,,,18.1,6.5,,,24.0,observed
sapa,Août,8,18,23,93,14.7,3.7,4.2,mid,open-meteo,,,18.2,6.6,,,26.0,observed
sapa,Septembre,9,17,22,86,11.0,3.4,4.2,mid,open-meteo,,,17.1,6.5,,,32.0,observed
sapa,Octobre,10,14,19,73,7.3,3.0,4.2,mid,open-meteo,,,14.5,5.9,,,39.0,observed
sapa,Novembre,11,12,17,50,2.9,3.8,4.2,mid,open-meteo,,,12.0,5.2,,,57.0,observed
sapa,Décembre,12,8,14,41,2.4,3.9,4.2,mid,open-meteo,,,8.4,3.4,,,68.0,observed
nha-trang,Janvier,1,22,26,42,2.7,5.8,7.8,rec,open-meteo,25.3,7.4,19.9,7.2,1.14,5.8,32.0,observed
nha-trang,Février,2,22,27,34,2.0,7.4,8.2,rec,open-meteo,26.2,8.2,19.8,8.3,0.81,5.0,30.0,observed
nha-trang,Mars,3,23,29,29,1.4,8.3,8.5,rec,open-meteo,27.0,8.8,21.4,9.0,0.72,4.8,34.0,observed
nha-trang,Avril,4,24,31,29,1.8,8.6,5.6,mid,open-meteo,28.3,9.0,23.1,9.2,0.56,4.4,28.0,observed
nha-trang,Mai,5,26,32,48,2.7,8.4,5.0,mid,open-meteo,31.2,8.4,24.5,8.4,0.45,4.9,31.0,observed
nha-trang,Juin,6,26,33,37,2.4,7.8,5.0,mid,open-meteo,30.2,8.7,24.2,7.9,0.45,4.2,41.0,observed
nha-trang,Juillet,7,26,32,50,2.9,7.9,4.9,mid,open-meteo,28.9,8.6,24.0,8.0,0.44,4.1,36.0,observed
nha-trang,Août,8,26,33,47,3.0,7.6,4.8,mid,open-meteo,28.9,8.5,24.1,9.0,0.41,3.8,43.0,observed
nha-trang,Septembre,9,25,31,69,5.7,6.8,4.7,mid,open-meteo,30.1,8.4,24.1,8.3,0.47,4.7,33.0,observed
nha-trang,Octobre,10,24,29,83,8.6,5.9,4.6,mid,open-meteo,29.6,8.0,23.5,7.6,0.73,6.1,34.0,observed
nha-trang,Novembre,11,24,28,76,13.9,4.7,4.7,mid,open-meteo,27.8,7.6,22.7,7.1,1.03,6.6,33.0,observed
nha-trang,Décembre,12,23,27,61,7.4,4.4,7.4,rec,open-meteo,25.9,7.1,21.0,4.7,1.4,7.2,31.0,observed
siargao,Janvier,1,24,27,92,12.7,5.3,4.4,mid,open-meteo,29.1,7.5,22.2,6.9,0.72,4.8,26.0,calibrated
siargao,Février,2,24,27,84,9.7,5.7,4.6,mid,open-meteo,28.3,7.6,21.7,8.3,0.7,4.4,26.0,calibrated
siargao,Mars,3,24,28,81,6.6,6.1,4.7,mid,open-meteo,28.6,8.0,22.0,9.0,0.55,4.5,23.0,calibrated
siargao,Avril,4,24,29,78,5.4,6.3,4.7,mid,open-meteo,29.1,8.3,22.8,9.0,0.46,4.3,17.0,calibrated
siargao,Mai,5,25,29,83,6.7,6.2,4.6,mid,open-meteo,30.0,8.3,23.6,8.6,0.38,4.4,15.0,calibrated
siargao,Juin,6,25,29,85,7.3,5.9,4.6,mid,open-meteo,30.6,8.1,23.6,7.7,0.3,4.9,17.0,calibrated
siargao,Juillet,7,25,29,75,6.6,6.1,4.7,mid,open-meteo,30.5,8.2,23.4,7.7,0.32,4.6,20.0,calibrated
siargao,Août,8,25,30,63,5.4,6.6,4.9,mid,open-meteo,30.6,8.5,23.3,8.4,0.31,4.8,20.0,calibrated
siargao,Septembre,9,25,30,71,5.6,6.2,4.7,mid,open-meteo,30.5,8.4,23.3,7.9,0.46,4.8,23.0,calibrated
siargao,Octobre,10,25,29,89,8.7,5.4,4.5,mid,open-meteo,30.3,8.0,23.4,7.9,0.45,5.7,21.0,calibrated
siargao,Novembre,11,24,28,91,10.8,5.4,4.5,mid,open-meteo,30.1,7.9,23.2,7.2,0.46,5.0,18.0,calibrated
siargao,Décembre,12,24,28,94,14.6,5.1,4.5,mid,open-meteo,29.0,7.7,23.0,5.9,0.54,4.8,17.0,calibrated
borneo,Janvier,1,24,29,86,9.9,4.9,4.5,mid,open-meteo,31.1,7.6,24.0,8.1,0.71,6.0,21.0,calibrated
borneo,Février,2,24,29,76,6.3,5.8,4.7,mid,open-meteo,30.9,7.9,23.7,8.7,0.6,4.8,27.0,calibrated
borneo,Mars,3,25,30,79,6.5,5.6,4.6,mid,open-meteo,31.8,7.9,24.0,9.4,0.52,4.8,36.0,calibrated
borneo,Avril,4,25,30,85,7.2,5.7,4.5,mid,open-meteo,32.7,7.6,24.5,9.1,0.26,4.3,24.0,calibrated
borneo,Mai,5,25,31,79,9.7,5.6,4.5,mid,open-meteo,32.2,7.6,24.9,8.2,0.21,6.2,24.0,calibrated
borneo,Juin,6,25,30,71,8.0,6.0,4.7,mid,open-meteo,31.4,8.1,24.4,7.5,0.28,5.4,22.0,calibrated
borneo,Juillet,7,25,30,68,7.7,6.2,4.8,mid,open-meteo,31.2,8.2,24.2,7.5,0.29,5.6,26.0,calibrated
borneo,Août,8,25,31,71,9.1,5.9,4.7,mid,open-meteo,31.4,7.9,24.2,8.1,0.23,5.1,21.0,calibrated
borneo,Septembre,9,25,30,74,8.7,5.7,4.7,mid,open-meteo,30.8,8.2,24.1,8.6,0.43,5.7,24.0,calibrated
borneo,Octobre,10,24,30,86,10.3,5.1,4.5,mid,open-meteo,31.1,7.9,24.2,8.1,0.44,7.4,22.0,calibrated
borneo,Novembre,11,24,30,91,10.4,5.1,4.4,mid,open-meteo,31.6,7.7,24.3,8.1,0.55,7.6,25.0,calibrated
borneo,Décembre,12,24,30,91,11.4,4.8,4.4,mid,open-meteo,30.8,7.8,24.2,6.9,0.67,7.3,23.0,calibrated
macao,Janvier,1,15,20,20,1.2,4.1,7.5,rec,open-meteo,17.9,5.5,11.6,5.1,0.39,4.4,64.0,observed
macao,Février,2,15,20,25,1.7,3.0,7.4,rec,open-meteo,19.3,5.6,13.3,5.2,0.38,4.4,50.0,observed
macao,Mars,3,18,23,38,2.6,2.4,7.4,rec,open-meteo,20.9,6.3,17.5,6.3,0.45,4.3,57.0,observed
macao,Avril,4,22,26,50,4.5,3.2,7.5,rec,open-meteo,27.6,7.8,20.6,7.7,0.52,4.5,37.0,observed
macao,Mai,5,24,28,65,7.1,4.4,4.8,mid,open-meteo,27.7,8.1,23.8,7.1,0.47,4.2,48.0,observed
macao,Juin,6,27,30,83,10.8,5.3,4.5,mid,open-meteo,30.1,8.3,25.7,7.7,0.57,4.8,29.0,observed
macao,Juillet,7,27,30,77,9.2,6.8,4.7,mid,open-meteo,31.8,8.1,25.8,8.0,0.57,5.0,27.0,observed
macao,Août,8,26,30,88,13.4,6.1,4.5,mid,open-meteo,31.8,7.8,25.7,7.9,0.4,4.5,43.0,observed
macao,Septembre,9,26,30,74,10.4,5.9,4.7,mid,open-meteo,31.1,8.2,24.6,7.6,0.45,5.8,55.0,observed
macao,Octobre,10,23,28,38,5.7,6.2,8.1,rec,open-meteo,27.6,8.5,20.4,6.8,0.42,4.7,57.0,observed
macao,Novembre,11,20,25,23,1.9,5.3,8.1,rec,open-meteo,23.7,7.5,17.2,5.2,0.41,4.9,60.0,observed
macao,Décembre,12,15,21,11,0.6,4.7,7.9,rec,open-meteo,18.4,5.9,11.1,4.7,0.36,4.4,80.0,observed
phnom-penh,Janvier,1,23,32,12,0.6,8.4,5.7,mid,open-meteo,,,17.9,7.7,,,49.0,observed
phnom-penh,Février,2,24,33,11,0.6,8.0,5.5,mid,open-meteo,,,17.9,8.6,,,53.0,observed
phnom-penh,Mars,3,25,34,19,1.4,8.6,5.1,mid,open-meteo,,,20.4,9.1,,,55.0,observed
phnom-penh,Avril,4,26,35,47,3.4,8.0,4.5,mid,open-meteo,,,22.5,9.3,,,43.0,observed
phnom-penh,Mai,5,26,33,82,6.3,6.5,4.3,mid,open-meteo,,,24.4,8.4,,,41.0,observed
phnom-penh,Juin,6,26,32,79,5.9,6.4,4.4,mid,open-meteo,,,24.4,7.5,,,27.0,observed
phnom-penh,Juillet,7,25,32,80,6.3,4.6,4.3,mid,open-meteo,,,24.2,6.7,,,22.0,observed
phnom-penh,Août,8,25,32,84,7.1,5.6,4.3,mid,open-meteo,,,24.4,8.6,,,25.0,observed
phnom-penh,Septembre,9,25,31,93,10.4,4.3,4.3,mid,open-meteo,,,24.4,7.9,,,24.0,observed
phnom-penh,Octobre,10,24,31,82,10.2,6.5,4.5,mid,open-meteo,,,23.8,7.6,,,35.0,observed
phnom-penh,Novembre,11,24,30,53,5.2,7.1,5.1,mid,open-meteo,,,22.4,7.4,,,35.0,observed
phnom-penh,Décembre,12,24,31,22,1.3,7.8,5.7,mid,open-meteo,,,19.4,6.4,,,29.0,observed
bermudes,Janvier,1,18,20,47,4.2,4.6,4.5,mid,open-meteo,20.2,3.9,13.7,3.4,2.3,7.8,35.0,observed
bermudes,Février,2,18,20,34,3.8,5.2,7.4,rec,open-meteo,19.2,4.1,13.7,4.5,2.37,8.5,38.0,observed
bermudes,Mars,3,18,20,41,3.9,6.1,7.4,rec,open-meteo,19.3,4.1,13.4,6.2,2.37,8.1,38.0,observed
bermudes,Avril,4,19,20,34,2.5,7.7,7.6,rec,open-meteo,19.9,4.7,14.9,7.6,1.83,7.8,41.0,observed
bermudes,Mai,5,21,22,35,3.1,8.3,7.9,rec,open-meteo,22.5,6.4,17.9,8.2,1.19,6.4,31.0,observed
bermudes,Juin,6,24,25,47,4.0,8.5,7.9,rec,open-meteo,25.1,7.3,20.9,8.1,1.22,6.4,28.0,observed
bermudes,Juillet,7,26,27,49,2.8,9.2,5.4,mid,open-meteo,27.9,8.0,22.8,8.5,1.16,6.7,21.0,observed
bermudes,Août,8,26,28,50,4.0,8.8,5.5,mid,open-meteo,28.3,7.7,23.2,7.9,1.56,7.0,24.0,observed
bermudes,Septembre,9,26,28,54,5.0,7.4,5.2,mid,open-meteo,27.6,7.8,22.2,6.1,1.32,7.4,24.0,observed
bermudes,Octobre,10,24,26,43,5.4,6.4,7.8,rec,open-meteo,26.0,6.6,19.7,5.2,1.94,8.4,35.0,observed
bermudes,Novembre,11,21,23,49,5.0,5.6,7.5,rec,open-meteo,23.5,5.3,16.6,4.3,2.01,7.9,37.0,observed
bermudes,Décembre,12,19,22,42,3.4,4.7,7.5,rec,open-meteo,21.4,4.8,14.7,3.1,1.92,7.6,38.0,observed
bogota,Janvier,1,8,20,43,2.0,5.9,7.3,rec,open-meteo,,,9.0,8.9,,,36.0,observed
bogota,Février,2,9,20,60,3.3,5.3,4.4,mid,open-meteo,,,9.8,9.0,,,38.0,observed
bogota,Mars,3,9,20,79,5.1,4.4,4.2,mid,open-meteo,,,10.5,9.0,,,51.0,observed
bogota,Avril,4,9,20,70,5.3,3.5,4.2,mid,open-meteo,,,10.4,8.2,,,44.0,observed
bogota,Mai,5,9,19,68,4.1,3.5,4.2,mid,open-meteo,,,10.5,7.4,,,25.0,observed
bogota,Juin,6,9,18,58,3.1,3.9,4.2,mid,open-meteo,,,9.6,7.4,,,21.0,observed
bogota,Juillet,7,8,18,54,2.1,4.3,4.3,mid,open-meteo,,,9.1,7.5,,,17.0,observed
bogota,Août,8,8,19,34,1.2,4.4,7.3,rec,open-meteo,,,8.4,8.2,,,24.0,observed
bogota,Septembre,9,8,20,31,1.5,4.1,7.4,rec,open-meteo,,,8.4,8.4,,,31.0,observed
bogota,Octobre,10,8,20,54,2.9,3.8,4.4,mid,open-meteo,,,9.6,8.4,,,28.0,observed
bogota,Novembre,11,9,20,74,4.7,4.2,4.2,mid,open-meteo,,,10.4,7.3,,,36.0,observed
bogota,Décembre,12,8,20,49,2.2,5.1,7.2,rec,open-meteo,,,9.5,8.0,,,49.0,observed
isla-holbox,Janvier,1,22,26,34,1.6,6.6,8.1,rec,open-meteo,24.5,7.7,18.8,5.6,0.58,5.9,30.0,calibrated
isla-holbox,Février,2,22,28,26,1.1,7.4,8.5,rec,open-meteo,24.5,8.3,19.0,6.8,0.53,5.4,37.0,calibrated
isla-holbox,Mars,3,22,30,20,0.7,8.2,5.9,mid,open-meteo,26.0,9.1,19.7,8.1,0.5,5.2,32.0,calibrated
isla-holbox,Avril,4,24,31,25,1.1,8.2,5.7,mid,open-meteo,25.9,8.9,20.8,8.5,0.49,5.3,36.0,calibrated
isla-holbox,Mai,5,25,32,35,1.9,8.2,5.2,mid,open-meteo,25.5,8.6,22.3,9.0,0.39,4.0,28.0,calibrated
isla-holbox,Juin,6,25,31,63,5.5,7.0,4.9,mid,open-meteo,26.0,8.4,23.8,7.5,0.37,4.2,26.0,calibrated
isla-holbox,Juillet,7,26,31,63,3.0,6.8,4.8,mid,open-meteo,27.0,8.4,24.4,8.5,0.34,3.9,37.0,calibrated
isla-holbox,Août,8,25,31,68,3.8,6.5,4.7,mid,open-meteo,28.2,8.4,24.6,8.4,0.25,4.2,27.0,calibrated
isla-holbox,Septembre,9,25,31,75,4.8,6.0,4.6,mid,open-meteo,29.2,8.3,24.4,7.7,0.35,5.1,23.0,calibrated
isla-holbox,Octobre,10,25,30,57,4.1,6.4,5.0,mid,open-meteo,28.3,8.5,23.0,6.7,0.65,5.7,31.0,calibrated
isla-holbox,Novembre,11,23,28,46,2.5,6.6,8.0,rec,open-meteo,27.6,8.4,21.4,5.9,0.5,5.7,33.0,calibrated
isla-holbox,Décembre,12,22,27,37,1.5,6.6,8.1,rec,open-meteo,25.3,8.0,20.2,5.3,0.61,5.4,36.0,calibrated
valparaiso,Janvier,1,14,20,2,0.1,9.0,8.4,rec,open-meteo,15.8,4.4,10.3,9.1,2.31,10.2,19.0,observed
valparaiso,Février,2,15,20,1,0.0,8.7,8.4,rec,open-meteo,17.3,4.5,10.6,8.6,2.22,9.2,26.0,observed
valparaiso,Mars,3,14,20,2,0.1,7.0,8.2,rec,open-meteo,15.2,4.1,9.2,7.4,2.37,10.2,17.0,observed
valparaiso,Avril,4,12,18,9,0.9,5.8,7.6,rec,open-meteo,13.6,3.3,7.8,5.5,2.4,11.0,15.0,observed
valparaiso,Mai,5,11,16,14,1.5,3.7,4.6,mid,open-meteo,12.2,2.8,5.3,3.7,2.08,10.8,24.0,observed
valparaiso,Juin,6,10,14,22,4.2,2.7,4.3,mid,open-meteo,13.3,2.5,2.9,2.8,2.51,10.3,30.0,observed
valparaiso,Juillet,7,9,14,16,2.2,3.0,4.3,mid,open-meteo,11.6,2.7,2.5,3.7,2.47,10.8,37.0,observed
valparaiso,Août,8,9,14,15,2.2,3.8,4.4,mid,open-meteo,12.1,2.8,4.9,4.4,2.37,11.0,24.0,observed
valparaiso,Septembre,9,10,15,10,0.7,4.9,7.2,rec,open-meteo,11.8,2.9,6.6,6.2,2.48,11.0,24.0,observed
valparaiso,Octobre,10,11,16,8,0.4,5.5,7.4,rec,open-meteo,14.0,3.2,7.3,7.5,2.16,10.3,22.0,observed
valparaiso,Novembre,11,12,18,5,0.3,7.2,7.8,rec,open-meteo,13.2,3.6,7.8,8.9,2.46,9.9,20.0,observed
valparaiso,Décembre,12,13,19,3,0.2,8.5,8.1,rec,open-meteo,14.2,4.0,8.8,9.3,2.22,10.0,21.0,observed
annecy,Janvier,1,0,6,45,4.8,2.8,0.7,avoid,open-meteo,,,-0.1,1.5,,,29.0,observed
annecy,Février,2,1,10,39,3.3,4.0,4.1,mid,open-meteo,,,0.6,2.5,,,32.0,observed
annecy,Mars,3,2,12,44,3.8,5.6,4.1,mid,open-meteo,,,2.6,3.8,,,27.0,observed
annecy,Avril,4,5,16,37,3.7,6.4,4.4,mid,open-meteo,,,5.0,5.5,,,30.0,observed
annecy,Mai,5,9,19,50,5.1,7.1,4.6,mid,open-meteo,,,9.5,5.8,,,27.0,observed
annecy,Juin,6,14,24,47,4.6,8.5,7.8,rec,open-meteo,,,14.1,6.3,,,28.0,observed
annecy,Juillet,7,16,26,35,4.1,8.8,8.3,rec,open-meteo,,,15.2,6.8,,,28.0,observed
annecy,Août,8,16,27,31,3.0,8.0,8.4,rec,open-meteo,,,15.2,6.2,,,29.0,observed
annecy,Septembre,9,13,21,37,3.7,6.5,7.6,rec,open-meteo,,,12.5,4.3,,,25.0,observed
annecy,Octobre,10,9,17,39,4.5,4.5,4.4,mid,open-meteo,,,9.4,2.9,,,21.0,observed
annecy,Novembre,11,4,10,47,5.0,3.0,1.0,avoid,open-meteo,,,4.7,2.1,,,32.0,observed
annecy,Décembre,12,1,7,44,4.8,2.5,0.8,avoid,open-meteo,,,1.5,1.4,,,29.0,observed
toulouse,Janvier,1,3,10,36,2.3,2.9,4.1,mid,open-meteo,,,-7.3,2.0,,,22.0,observed
toulouse,Février,2,4,13,30,1.9,4.2,4.2,mid,open-meteo,,,-6.1,2.7,,,27.0,observed
toulouse,Mars,3,6,15,38,2.2,5.7,4.3,mid,open-meteo,,,-3.4,4.5,,,27.0,observed
toulouse,Avril,4,8,18,39,2.2,6.3,7.2,rec,open-meteo,,,-1.0,5.6,,,29.0,observed
toulouse,Mai,5,11,20,42,3.0,6.8,7.4,rec,open-meteo,,,2.7,5.7,,,26.0,observed
toulouse,Juin,6,16,26,35,2.2,7.7,8.1,rec,open-meteo,,,7.3,6.1,,,27.0,observed
toulouse,Juillet,7,18,29,23,1.5,8.3,8.6,rec,open-meteo,,,9.6,7.0,,,27.0,observed
toulouse,Août,8,18,29,22,1.5,7.9,8.6,rec,open-meteo,,,9.1,6.5,,,27.0,observed
toulouse,Septembre,9,15,25,29,1.8,7.0,8.1,rec,open-meteo,,,6.4,4.9,,,24.0,observed
toulouse,Octobre,10,11,20,29,2.1,5.0,7.5,rec,open-meteo,,,3.3,3.2,,,22.0,observed
toulouse,Novembre,11,7,14,45,2.7,3.3,4.1,mid,open-meteo,,,-1.8,2.5,,,24.0,observed
toulouse,Décembre,12,4,11,36,2.3,2.9,4.1,mid,open-meteo,,,-5.0,1.7,,,26.0,observed
alsace,Janvier,1,0,6,44,2.8,2.7,0.8,avoid,open-meteo,,,0.7,1.2,,,29.0,calibrated
alsace,Février,2,2,9,40,2.4,4.2,4.1,mid,open-meteo,,,1.3,1.8,,,25.0,calibrated
alsace,Mars,3,4,12,39,2.0,5.6,4.2,mid,open-meteo,,,2.8,3.3,,,29.0,calibrated
alsace,Avril,4,6,16,38,2.2,6.8,4.4,mid,open-meteo,,,4.8,4.2,,,29.0,calibrated
alsace,Mai,5,10,19,44,2.8,7.3,7.3,rec,open-meteo,,,9.3,5.2,,,28.0,calibrated
alsace,Juin,6,15,24,46,3.1,7.6,7.8,rec,open-meteo,,,13.4,5.9,,,27.0,calibrated
alsace,Juillet,7,16,26,38,2.2,8.1,8.1,rec,open-meteo,,,13.8,6.2,,,28.0,calibrated
alsace,Août,8,16,26,36,2.4,7.4,8.1,rec,open-meteo,,,14.6,5.8,,,30.0,calibrated
alsace,Septembre,9,13,21,37,2.2,6.4,7.6,rec,open-meteo,,,11.6,4.1,,,26.0,calibrated
alsace,Octobre,10,9,16,37,2.2,4.8,4.3,mid,open-meteo,,,9.1,2.5,,,24.0,calibrated
alsace,Novembre,11,4,10,44,2.5,3.3,1.0,avoid,open-meteo,,,4.7,1.7,,,42.0,calibrated
alsace,Décembre,12,1,7,40,2.3,2.6,0.9,avoid,open-meteo,,,2.4,1.1,,,36.0,calibrated
palma-de-majorque,Janvier,1,8,15,20,1.4,5.4,4.5,mid,open-meteo,14.7,3.8,7.3,2.8,1.08,5.2,25.0,observed
palma-de-majorque,Février,2,8,16,19,1.6,6.1,7.3,rec,open-meteo,15.1,3.9,7.3,3.6,1.15,5.4,29.0,observed
palma-de-majorque,Mars,3,10,17,28,1.7,7.0,7.3,rec,open-meteo,15.7,3.9,8.3,5.1,1.41,5.7,32.0,observed
palma-de-majorque,Avril,4,12,20,28,1.8,8.3,7.7,rec,open-meteo,17.0,5.4,9.8,6.1,0.67,4.5,34.0,observed
palma-de-majorque,Mai,5,15,23,25,1.4,9.6,8.3,rec,open-meteo,19.7,6.6,12.6,7.4,0.68,4.7,32.0,observed
palma-de-majorque,Juin,6,20,28,15,1.0,10.9,9.3,rec,open-meteo,23.0,8.3,16.5,7.5,0.75,4.8,31.0,observed
palma-de-majorque,Juillet,7,23,32,9,0.4,11.4,6.2,mid,open-meteo,26.2,9.2,18.5,7.8,0.5,4.4,30.0,observed
palma-de-majorque,Août,8,23,32,13,0.7,10.3,5.9,mid,open-meteo,28.5,9.2,19.4,7.0,0.5,4.2,31.0,observed
palma-de-majorque,Septembre,9,20,28,31,2.3,7.8,8.4,rec,open-meteo,26.1,8.4,18.1,5.8,0.71,4.5,29.0,observed
palma-de-majorque,Octobre,10,17,24,29,2.1,6.7,8.0,rec,open-meteo,22.9,6.8,15.5,4.4,1.08,5.5,28.0,observed
palma-de-majorque,Novembre,11,13,19,29,2.1,5.4,7.4,rec,open-meteo,20.6,5.5,11.5,3.2,0.81,5.0,27.0,observed
palma-de-majorque,Décembre,12,10,16,24,1.1,4.9,4.5,mid,open-meteo,17.2,4.3,9.5,2.6,0.88,4.9,24.0,observed
bari,Janvier,1,6,13,33,2.4,4.3,4.2,mid,open-meteo,14.5,3.6,4.8,2.4,1.0,4.6,25.0,observed
bari,Février,2,7,15,28,1.5,5.8,4.4,mid,open-meteo,14.0,3.9,5.6,3.5,0.79,4.3,31.0,observed
bari,Mars,3,8,16,34,2.3,7.4,4.5,mid,open-meteo,14.7,3.9,6.5,5.0,0.87,4.4,33.0,observed
bari,Avril,4,11,19,31,1.5,8.8,7.6,rec,open-meteo,16.8,5.1,8.6,6.3,0.69,3.9,36.0,observed
bari,Mai,5,15,23,27,1.8,10.1,8.3,rec,open-meteo,19.4,6.5,12.5,7.3,0.62,3.8,38.0,observed
bari,Juin,6,20,29,18,1.3,11.2,9.2,rec,open-meteo,24.3,8.8,16.0,7.8,0.57,3.7,38.0,observed
bari,Juillet,7,22,31,11,0.6,11.5,6.4,mid,open-meteo,27.8,9.3,17.3,7.9,0.71,3.8,40.0,observed
bari,Août,8,22,31,20,1.1,10.3,6.0,mid,open-meteo,29.1,9.3,18.3,7.3,0.5,3.4,40.0,observed
bari,Septembre,9,19,27,21,1.6,8.4,8.7,rec,open-meteo,26.4,8.4,16.0,5.9,0.73,4.1,32.0,observed
bari,Octobre,10,15,22,25,1.5,6.5,7.9,rec,open-meteo,22.1,6.6,13.8,4.3,0.66,4.1,28.0,observed
bari,Novembre,11,12,18,36,2.8,4.6,4.5,mid,open-meteo,19.2,4.8,10.5,2.8,0.86,4.3,26.0,observed
bari,Décembre,12,8,15,28,1.9,3.9,4.3,mid,open-meteo,15.5,3.7,6.9,2.2,1.14,4.8,25.0,observed
lecce,Janvier,1,7,14,29,1.9,5.4,4.3,mid,open-meteo,14.2,3.4,5.3,2.7,1.29,5.4,25.0,calibrated
lecce,Février,2,7,15,26,2.1,6.2,4.5,mid,open-meteo,14.1,3.8,6.2,3.7,1.0,5.2,36.0,calibrated
lecce,Mars,3,8,16,30,2.2,6.7,4.5,mid,open-meteo,15.2,4.0,7.1,5.1,1.03,5.1,34.0,calibrated
lecce,Avril,4,11,20,29,1.9,7.6,7.7,rec,open-meteo,16.9,5.3,9.1,6.3,0.73,4.7,34.0,calibrated
lecce,Mai,5,14,24,31,2.1,8.1,8.1,rec,open-meteo,19.8,6.7,12.8,7.3,0.7,4.5,39.0,calibrated
lecce,Juin,6,19,30,16,0.9,9.4,6.1,mid,open-meteo,24.3,9.0,16.3,7.9,0.63,4.4,36.0,calibrated
lecce,Juillet,7,22,32,7,0.5,9.8,6.0,mid,open-meteo,28.1,9.2,18.0,8.0,0.74,4.4,40.0,calibrated
lecce,Août,8,22,32,16,0.8,8.7,5.7,mid,open-meteo,29.0,9.1,19.2,7.4,0.6,4.2,40.0,calibrated
lecce,Septembre,9,20,28,27,1.7,7.2,8.5,rec,open-meteo,26.8,8.5,16.7,5.9,0.77,4.4,30.0,calibrated
lecce,Octobre,10,15,23,26,2.3,6.5,8.0,rec,open-meteo,22.2,6.7,14.6,4.3,0.8,4.8,29.0,calibrated
lecce,Novembre,11,12,19,42,3.5,5.0,4.5,mid,open-meteo,18.6,4.8,11.3,3.1,0.88,4.9,26.0,calibrated
lecce,Décembre,12,8,15,26,1.9,5.3,4.4,mid,open-meteo,15.5,3.7,7.4,2.3,1.17,5.1,26.0,calibrated
genes,Janvier,1,5,11,35,3.9,3.8,4.1,mid,open-meteo,15.0,3.6,2.6,1.8,1.04,6.2,35.0,observed
genes,Février,2,6,12,42,4.6,4.6,4.1,mid,open-meteo,14.5,3.5,4.2,2.3,0.99,6.2,38.0,observed
genes,Mars,3,7,15,37,4.5,5.1,4.3,mid,open-meteo,14.7,3.7,5.1,3.3,1.17,6.1,32.0,observed
genes,Avril,4,10,17,38,3.6,6.4,4.5,mid,open-meteo,16.4,4.5,8.0,5.0,0.85,5.8,32.0,observed
genes,Mai,5,14,21,50,3.9,7.1,7.4,rec,open-meteo,19.0,5.7,12.8,5.9,0.69,5.4,31.0,observed
genes,Juin,6,18,25,34,2.5,8.2,8.1,rec,open-meteo,22.0,7.3,17.0,6.7,0.67,4.7,34.0,observed
genes,Juillet,7,21,28,27,1.5,9.5,8.8,rec,open-meteo,26.2,9.0,19.1,7.0,0.4,4.6,38.0,observed
genes,Août,8,21,29,29,1.9,8.6,8.5,rec,open-meteo,28.8,9.1,18.3,6.5,0.32,4.6,38.0,observed
genes,Septembre,9,18,25,35,3.6,6.7,8.0,rec,open-meteo,24.1,7.4,15.2,4.5,0.89,5.2,29.0,observed
genes,Octobre,10,14,20,41,8.2,5.6,7.3,rec,open-meteo,20.3,5.4,12.7,2.4,0.88,5.7,23.0,observed
genes,Novembre,11,9,15,44,6.1,3.7,4.2,mid,open-meteo,18.6,4.1,7.7,2.1,0.91,5.4,39.0,observed
genes,Décembre,12,6,12,35,4.8,3.6,4.1,mid,open-meteo,16.1,3.9,4.7,1.6,0.84,5.8,30.0,observed
catane,Janvier,1,8,15,22,1.8,5.9,4.5,mid,open-meteo,16.0,4.2,5.8,3.2,0.83,5.3,23.0,observed
catane,Février,2,8,16,25,2.3,6.6,7.3,rec,open-meteo,15.2,4.1,6.3,4.1,0.83,5.3,31.0,observed
catane,Mars,3,10,17,29,2.0,7.9,7.4,rec,open-meteo,15.9,4.5,7.5,5.7,0.65,5.2,35.0,observed
catane,Avril,4,12,20,19,1.0,9.2,8.0,rec,open-meteo,18.0,5.7,9.4,6.9,0.67,5.2,36.0,observed
catane,Mai,5,16,24,18,1.4,10.3,8.7,rec,open-meteo,20.4,7.0,12.5,7.4,0.54,5.0,39.0,observed
catane,Juin,6,21,29,7,0.6,12.7,9.8,rec,open-meteo,24.8,9.1,15.4,8.2,0.52,4.3,37.0,observed
catane,Juillet,7,24,33,3,0.2,12.2,6.1,mid,open-meteo,28.6,9.3,17.2,8.3,0.4,4.5,36.0,observed
catane,Août,8,24,32,7,0.3,11.9,6.3,mid,open-meteo,29.9,9.4,18.1,7.7,0.27,4.4,35.0,observed
catane,Septembre,9,21,29,24,1.3,9.6,8.8,rec,open-meteo,27.9,9.0,17.4,6.4,0.4,4.4,30.0,observed
catane,Octobre,10,17,24,26,3.3,7.5,8.2,rec,open-meteo,24.5,7.4,15.1,4.9,0.63,5.2,28.0,observed
catane,Novembre,11,14,20,31,3.0,6.1,7.5,rec,open-meteo,21.8,5.9,11.7,3.4,0.67,5.6,25.0,observed
catane,Décembre,12,10,16,21,1.5,5.9,7.3,rec,open-meteo,18.4,4.6,7.8,2.9,0.73,5.2,23.0,observed
sarajevo,Janvier,1,-4,5,44,2.9,2.7,0.7,avoid,open-meteo,,,-3.2,1.9,,,55.0,observed
sarajevo,Février,2,-1,10,38,3.1,3.6,4.1,mid,open-meteo,,,-0.6,2.7,,,57.0,observed
sarajevo,Mars,3,1,12,43,3.1,4.7,4.1,mid,open-meteo,,,0.7,4.0,,,49.0,observed
sarajevo,Avril,4,5,16,41,2.7,5.3,4.3,mid,open-meteo,,,3.9,5.7,,,35.0,observed
sarajevo,Mai,5,9,20,51,3.3,6.3,7.3,rec,open-meteo,,,9.4,6.4,,,30.0,observed
sarajevo,Juin,6,14,25,44,3.6,7.7,7.9,rec,open-meteo,,,13.9,7.3,,,32.0,observed
sarajevo,Juillet,7,16,27,37,3.0,8.2,8.2,rec,open-meteo,,,14.9,7.2,,,29.0,observed
sarajevo,Août,8,16,27,32,2.1,7.7,8.3,rec,open-meteo,,,14.8,6.6,,,30.0,observed
sarajevo,Septembre,9,12,23,31,2.1,5.9,7.8,rec,open-meteo,,,11.4,4.5,,,27.0,observed
sarajevo,Octobre,10,7,19,29,2.3,5.0,7.4,rec,open-meteo,,,7.8,3.5,,,38.0,observed
sarajevo,Novembre,11,3,13,39,4.3,3.1,4.1,mid,open-meteo,,,3.8,2.4,,,54.0,observed
sarajevo,Décembre,12,0,8,38,3.3,2.0,0.9,avoid,open-meteo,,,0.0,1.5,,,65.0,observed
belgrade,Janvier,1,-2,4,35,1.6,2.3,0.8,avoid,open-meteo,,,-1.6,1.8,,,61.0,observed
belgrade,Février,2,1,10,31,1.4,3.4,4.1,mid,open-meteo,,,0.6,2.6,,,59.0,observed
belgrade,Mars,3,4,13,34,1.9,4.7,4.2,mid,open-meteo,,,1.9,4.0,,,46.0,observed
belgrade,Avril,4,8,19,32,1.6,6.2,7.4,rec,open-meteo,,,5.4,5.6,,,35.0,observed
belgrade,Mai,5,13,22,42,2.6,7.2,7.7,rec,open-meteo,,,10.9,6.1,,,29.0,observed
belgrade,Juin,6,18,27,36,2.8,8.5,8.3,rec,open-meteo,,,15.7,6.9,,,33.0,observed
belgrade,Juillet,7,19,29,32,2.4,9.0,8.5,rec,open-meteo,,,16.1,7.0,,,34.0,observed
belgrade,Août,8,19,30,21,1.6,8.5,8.6,rec,open-meteo,,,15.9,6.4,,,34.0,observed
belgrade,Septembre,9,15,25,27,1.8,6.4,8.1,rec,open-meteo,,,12.3,4.3,,,31.0,observed
belgrade,Octobre,10,10,19,23,1.3,5.0,7.4,rec,open-meteo,,,8.5,3.3,,,36.0,observed
belgrade,Novembre,11,5,12,34,2.1,3.1,4.1,mid,open-meteo,,,4.7,2.1,,,58.0,observed
belgrade,Décembre,12,1,7,32,1.8,1.9,0.9,avoid,open-meteo,,,1.0,1.4,,,66.0,observed
skopje,Janvier,1,-2,6,28,1.9,2.8,1.0,avoid,open-meteo,,,-3.1,2.4,,,53.0,observed
skopje,Février,2,1,10,24,1.2,4.0,4.2,mid,open-meteo,,,-0.1,3.5,,,56.0,observed
skopje,Mars,3,4,14,30,1.7,5.2,4.3,mid,open-meteo,,,1.3,4.5,,,43.0,observed
skopje,Avril,4,8,20,28,1.5,6.6,7.6,rec,open-meteo,,,4.3,5.9,,,33.0,observed
skopje,Mai,5,12,23,33,1.9,7.9,8.0,rec,open-meteo,,,9.5,6.8,,,30.0,observed
skopje,Juin,6,17,30,21,1.3,9.2,8.7,rec,open-meteo,,,13.1,7.9,,,33.0,observed
skopje,Juillet,7,20,32,13,0.7,10.4,8.6,rec,open-meteo,,,13.1,7.9,,,35.0,observed
skopje,Août,8,19,32,12,0.6,9.9,8.6,rec,open-meteo,,,12.8,7.2,,,33.0,observed
skopje,Septembre,9,16,27,18,1.0,8.2,8.7,rec,open-meteo,,,10.5,5.4,,,29.0,observed
skopje,Octobre,10,10,20,21,1.5,6.1,7.7,rec,open-meteo,,,7.7,4.2,,,39.0,observed
skopje,Novembre,11,5,13,31,2.4,3.8,4.2,mid,open-meteo,,,4.2,2.7,,,53.0,observed
skopje,Décembre,12,0,7,25,1.7,2.6,1.1,avoid,open-meteo,,,-0.2,1.8,,,57.0,observed
tirana,Janvier,1,3,12,39,6.0,4.0,4.1,mid,open-meteo,,,0.8,2.3,,,27.0,observed
tirana,Février,2,5,14,34,3.6,4.4,4.2,mid,open-meteo,,,2.7,3.7,,,33.0,observed
tirana,Mars,3,6,16,39,4.8,5.3,4.4,mid,open-meteo,,,4.2,4.7,,,33.0,observed
tirana,Avril,4,9,19,37,3.9,6.4,7.4,rec,open-meteo,,,7.3,6.0,,,33.0,observed
tirana,Mai,5,13,23,45,4.1,8.5,7.8,rec,open-meteo,,,12.0,7.1,,,35.0,observed
tirana,Juin,6,18,28,22,2.1,9.9,9.0,rec,open-meteo,,,15.8,7.9,,,35.0,observed
tirana,Juillet,7,20,32,13,1.1,11.4,6.1,mid,open-meteo,,,16.7,7.8,,,38.0,observed
tirana,Août,8,20,32,15,1.0,10.5,5.9,mid,open-meteo,,,16.4,7.1,,,37.0,observed
tirana,Septembre,9,17,27,28,3.5,8.8,8.5,rec,open-meteo,,,14.1,5.4,,,29.0,observed
tirana,Octobre,10,13,22,27,4.1,7.0,7.9,rec,open-meteo,,,10.9,4.3,,,33.0,observed
tirana,Novembre,11,9,17,40,7.1,4.2,4.4,mid,open-meteo,,,7.5,2.8,,,27.0,observed
tirana,Décembre,12,5,13,35,4.5,2.8,4.1,mid,open-meteo,,,3.4,2.1,,,26.0,observed
riyad,Janvier,1,9,20,7,0.5,6.9,8.0,rec,open-meteo,,,1.4,5.4,,,135.0,observed
riyad,Février,2,11,23,10,0.5,8.0,8.5,rec,open-meteo,,,0.2,6.6,,,201.0,observed
riyad,Mars,3,16,28,9,0.3,7.1,9.0,rec,open-meteo,,,1.7,7.6,,,191.0,observed
riyad,Avril,4,20,34,9,0.4,8.1,5.3,mid,open-meteo,,,3.3,8.1,,,158.0,observed
riyad,Mai,5,26,39,3,0.1,9.3,2.9,avoid,open-meteo,,,2.3,8.9,,,181.0,observed
riyad,Juin,6,29,42,0,0.0,10.9,2.8,avoid,open-meteo,,,-0.1,8.9,,,125.0,observed
riyad,Juillet,7,30,44,0,0.0,10.7,2.7,avoid,open-meteo,,,1.9,8.8,,,124.0,observed
riyad,Août,8,30,43,0,0.0,10.0,2.6,avoid,open-meteo,,,2.8,8.7,,,157.0,observed
riyad,Septembre,9,27,40,0,0.0,9.1,2.7,avoid,open-meteo,,,2.2,8.2,,,144.0,observed
riyad,Octobre,10,21,35,1,0.0,10.0,5.4,mid,open-meteo,,,2.8,7.1,,,174.0,observed
riyad,Novembre,11,16,28,8,0.4,9.0,9.3,rec,open-meteo,,,6.4,5.9,,,343.0,observed
riyad,Décembre,12,11,22,5,0.3,6.9,8.4,rec,open-meteo,,,3.2,5.2,,,590.0,observed
djeddah,Janvier,1,20,28,9,0.7,7.6,9.0,rec,open-meteo,27.1,8.7,14.7,5.6,0.79,5.1,83.0,observed
djeddah,Février,2,20,29,5,0.3,8.2,9.1,rec,open-meteo,25.5,8.7,14.5,6.6,0.93,5.5,98.0,observed
djeddah,Mars,3,21,31,3,0.2,8.4,6.2,mid,open-meteo,26.3,9.0,16.2,7.6,0.81,5.5,180.0,observed
djeddah,Avril,4,24,34,6,0.3,9.1,5.4,mid,open-meteo,27.9,8.8,17.2,8.3,0.6,5.3,172.0,observed
djeddah,Mai,5,26,36,0,0.0,9.7,5.1,mid,open-meteo,29.5,8.6,19.2,8.4,0.78,5.5,153.0,observed
djeddah,Juin,6,27,37,0,0.0,9.9,4.9,mid,open-meteo,31.1,8.3,20.7,8.3,0.65,5.0,69.0,observed
djeddah,Juillet,7,28,38,0,0.0,9.7,3.4,avoid,open-meteo,32.1,7.9,20.7,8.3,0.65,4.9,69.0,observed
djeddah,Août,8,29,37,1,0.0,9.0,4.8,mid,open-meteo,33.3,7.5,23.9,8.3,0.88,5.2,60.0,observed
djeddah,Septembre,9,28,36,0,0.0,8.4,5.0,mid,open-meteo,31.5,8.1,24.3,7.9,0.97,5.5,46.0,observed
djeddah,Octobre,10,25,35,3,0.1,8.6,5.2,mid,open-meteo,30.9,8.4,22.2,7.0,0.75,5.3,48.0,observed
djeddah,Novembre,11,24,33,11,1.3,8.2,5.5,mid,open-meteo,30.0,8.7,19.9,5.9,0.77,5.2,69.0,observed
djeddah,Décembre,12,22,30,11,0.5,7.6,6.0,mid,open-meteo,28.0,9.1,16.4,5.3,0.75,5.2,157.0,observed
bahrein,Janvier,1,15,20,7,0.6,7.4,8.1,rec,open-meteo,19.8,6.1,11.2,4.6,0.5,3.9,75.0,calibrated
bahrein,Février,2,16,21,12,0.8,7.3,8.1,rec,open-meteo,19.8,6.2,11.5,5.7,0.55,4.2,76.0,calibrated
bahrein,Mars,3,19,24,8,0.3,8.0,8.7,rec,open-meteo,21.3,7.2,13.1,6.6,0.51,3.7,92.0,calibrated
bahrein,Avril,4,23,30,4,0.2,8.6,9.1,rec,open-meteo,25.6,9.2,15.0,7.3,0.29,2.7,99.0,calibrated
bahrein,Mai,5,27,35,0,0.1,9.2,5.3,mid,open-meteo,29.3,8.9,18.0,8.1,0.48,3.7,89.0,calibrated
bahrein,Juin,6,30,37,0,0.0,9.6,4.9,mid,open-meteo,33.6,7.8,20.9,8.2,0.3,2.9,102.0,calibrated
bahrein,Juillet,7,32,39,1,0.0,9.3,3.0,avoid,open-meteo,34.2,7.3,23.3,8.1,0.44,4.0,126.0,calibrated
bahrein,Août,8,32,39,0,0.0,9.0,3.0,avoid,open-meteo,35.1,7.1,24.8,7.9,0.31,3.2,133.0,calibrated
bahrein,Septembre,9,30,38,0,0.0,8.5,3.2,avoid,open-meteo,33.7,7.5,23.7,7.3,0.34,3.5,121.0,calibrated
bahrein,Octobre,10,26,34,1,0.0,8.3,5.5,mid,open-meteo,30.4,8.9,21.5,6.2,0.46,3.9,79.0,calibrated
bahrein,Novembre,11,22,28,6,0.4,7.5,9.1,rec,open-meteo,26.1,8.8,17.3,5.0,0.46,4.0,68.0,calibrated
bahrein,Décembre,12,17,23,7,0.4,7.0,8.5,rec,open-meteo,19.8,6.6,13.7,4.3,0.47,4.0,81.0,calibrated
koweit,Janvier,1,11,18,9,0.6,6.4,7.7,rec,open-meteo,17.2,5.2,6.6,4.1,0.4,3.3,114.0,observed
koweit,Février,2,12,20,15,0.5,7.9,8.0,rec,open-meteo,17.4,5.6,6.5,5.0,0.35,3.1,97.0,observed
koweit,Mars,3,16,25,13,0.9,7.0,8.5,rec,open-meteo,19.2,6.8,8.6,6.2,0.46,3.7,119.0,observed
koweit,Avril,4,21,31,4,0.2,7.6,8.8,rec,open-meteo,24.0,8.7,9.7,7.1,0.39,3.1,111.0,observed
koweit,Mai,5,26,38,1,0.0,8.8,3.2,avoid,open-meteo,27.6,8.3,10.7,7.8,0.5,3.4,133.0,observed
koweit,Juin,6,31,44,0,0.0,10.2,2.7,avoid,open-meteo,31.4,6.9,10.1,8.0,0.43,2.9,171.0,observed
koweit,Juillet,7,33,45,0,0.0,9.9,2.6,avoid,open-meteo,31.7,6.8,12.4,8.0,0.51,3.3,219.0,observed
koweit,Août,8,33,44,0,0.0,9.7,2.6,avoid,open-meteo,32.5,6.6,15.0,7.7,0.45,3.6,222.0,observed
koweit,Septembre,9,30,42,0,0.0,9.5,2.5,avoid,open-meteo,31.0,7.6,13.8,7.0,0.42,2.9,216.0,observed
koweit,Octobre,10,24,35,2,0.0,8.1,5.2,mid,open-meteo,27.6,8.7,13.5,5.7,0.38,2.9,138.0,observed
koweit,Novembre,11,18,26,12,1.1,7.2,8.7,rec,open-meteo,22.9,7.6,12.1,4.4,0.33,2.8,139.0,observed
koweit,Décembre,12,13,20,14,0.8,6.2,7.8,rec,open-meteo,17.6,5.5,8.5,3.8,0.28,3.2,138.0,observed
beyrouth,Janvier,1,10,17,45,5.5,4.2,4.3,mid,open-meteo,21.1,4.5,6.8,3.4,1.34,6.4,40.0,observed
beyrouth,Février,2,10,17,33,4.2,5.1,4.5,mid,open-meteo,19.0,4.7,7.5,4.5,0.93,6.0,50.0,observed
beyrouth,Mars,3,12,18,40,3.8,6.2,4.6,mid,open-meteo,19.0,4.8,9.3,6.0,1.07,5.7,47.0,observed
beyrouth,Avril,4,14,22,23,1.3,8.1,8.1,rec,open-meteo,21.1,6.5,11.6,7.1,0.74,5.7,61.0,observed
beyrouth,Mai,5,18,25,15,0.8,10.0,8.9,rec,open-meteo,22.9,7.5,13.9,8.0,0.94,5.5,50.0,observed
beyrouth,Juin,6,22,28,7,0.2,11.6,9.7,rec,open-meteo,27.4,9.2,17.3,8.5,0.59,5.1,52.0,observed
beyrouth,Juillet,7,25,31,1,0.0,11.6,6.7,mid,open-meteo,30.0,9.5,19.4,8.4,0.76,5.2,38.0,observed
beyrouth,Août,8,25,31,1,0.1,10.8,6.6,mid,open-meteo,30.9,9.3,20.2,8.0,0.66,5.2,37.0,observed
beyrouth,Septembre,9,24,30,7,0.2,9.6,6.4,mid,open-meteo,30.0,9.4,18.8,7.0,0.77,5.4,44.0,observed
beyrouth,Octobre,10,20,27,15,1.0,7.9,8.8,rec,open-meteo,27.2,8.5,15.1,5.6,0.73,5.6,49.0,observed
beyrouth,Novembre,11,16,23,27,2.3,6.7,8.0,rec,open-meteo,22.9,6.7,10.7,4.1,0.83,5.2,49.0,observed
beyrouth,Décembre,12,12,19,40,4.6,4.7,4.6,mid,open-meteo,20.9,5.2,8.5,3.4,1.0,6.3,47.0,observed
muscat,Janvier,1,17,24,8,0.4,8.7,8.8,rec,open-meteo,25.1,7.0,12.3,5.7,,,62.0,observed
muscat,Février,2,18,26,4,0.3,8.7,9.1,rec,open-meteo,24.5,7.6,13.0,6.6,,,72.0,observed
muscat,Mars,3,22,29,6,0.4,9.0,9.2,rec,open-meteo,24.9,8.4,13.3,7.6,,,69.0,observed
muscat,Avril,4,26,34,3,0.3,9.8,5.6,mid,open-meteo,27.4,8.6,13.2,8.1,,,73.0,observed
muscat,Mai,5,30,38,1,0.0,11.2,3.7,avoid,open-meteo,30.5,7.8,14.7,8.7,,,68.0,observed
muscat,Juin,6,31,39,0,0.0,10.9,3.3,avoid,open-meteo,33.2,7.1,19.1,8.6,,,73.0,observed
muscat,Juillet,7,31,38,3,0.3,9.0,3.1,avoid,open-meteo,33.3,7.2,22.5,8.5,,,95.0,observed
muscat,Août,8,29,37,0,0.0,9.0,4.8,mid,open-meteo,30.3,7.9,22.0,8.4,,,75.0,observed
muscat,Septembre,9,28,36,0,0.0,10.1,5.1,mid,open-meteo,30.7,8.2,19.9,8.2,,,60.0,observed
muscat,Octobre,10,26,34,3,0.5,10.2,5.6,mid,open-meteo,31.1,8.4,17.5,7.1,,,46.0,observed
muscat,Novembre,11,22,30,4,0.2,9.7,9.3,rec,open-meteo,29.4,9.2,15.6,6.0,,,48.0,observed
muscat,Décembre,12,19,26,5,0.4,8.6,9.1,rec,open-meteo,26.2,7.8,13.7,5.4,,,55.0,observed
casablanca,Janvier,1,9,17,20,1.3,6.5,7.4,rec,open-meteo,17.3,3.4,9.0,3.7,2.31,11.4,43.0,observed
casablanca,Février,2,10,18,25,1.6,7.1,7.5,rec,open-meteo,18.1,3.6,9.9,4.7,2.5,11.6,42.0,observed
casablanca,Mars,3,11,19,31,2.0,8.0,7.5,rec,open-meteo,17.9,3.6,10.8,6.0,2.97,10.5,35.0,observed
casablanca,Avril,4,13,21,22,1.1,9.0,8.1,rec,open-meteo,18.9,4.9,12.2,7.3,1.81,8.7,35.0,observed
casablanca,Mai,5,16,23,12,0.6,9.9,8.7,rec,open-meteo,19.4,6.0,14.2,7.8,1.47,7.3,33.0,observed
casablanca,Juin,6,18,24,7,0.3,9.9,9.0,rec,open-meteo,21.9,6.8,16.0,8.3,1.41,7.1,30.0,observed
casablanca,Juillet,7,20,26,0,0.0,9.8,9.4,rec,open-meteo,22.3,7.5,18.3,8.5,1.26,6.8,32.0,observed
casablanca,Août,8,20,27,1,0.1,9.6,9.5,rec,open-meteo,23.5,7.5,18.9,8.0,1.57,7.7,35.0,observed
casablanca,Septembre,9,19,26,6,0.2,8.8,9.1,rec,open-meteo,22.8,7.2,17.8,6.9,1.33,7.7,33.0,observed
casablanca,Octobre,10,17,25,15,1.0,7.8,8.6,rec,open-meteo,22.0,5.9,15.4,5.4,2.18,9.9,31.0,observed
casablanca,Novembre,11,13,21,23,1.5,6.9,7.8,rec,open-meteo,20.6,5.5,12.2,4.0,1.42,10.1,44.0,observed
casablanca,Décembre,12,10,18,24,1.7,6.3,7.4,rec,open-meteo,18.7,4.2,10.5,3.4,1.63,10.5,38.0,observed
nairobi,Janvier,1,15,26,30,1.7,9.1,8.4,rec,open-meteo,,,11.8,8.8,,,36.0,observed
nairobi,Février,2,15,28,28,1.6,9.4,8.7,rec,open-meteo,,,11.5,9.7,,,28.0,observed
nairobi,Mars,3,16,28,43,2.5,8.5,8.2,rec,open-meteo,,,12.2,10.0,,,26.0,observed
nairobi,Avril,4,16,25,86,5.9,6.8,4.5,mid,open-meteo,,,14.8,8.5,,,31.0,observed
nairobi,Mai,5,15,24,60,3.6,5.8,7.4,rec,open-meteo,,,14.1,7.9,,,43.0,observed
nairobi,Juin,6,13,23,30,1.2,5.3,7.8,rec,open-meteo,,,12.3,7.5,,,47.0,observed
nairobi,Juillet,7,13,23,15,0.6,4.0,7.9,rec,open-meteo,,,11.2,6.9,,,54.0,observed
nairobi,Août,8,13,24,26,1.0,4.0,7.8,rec,open-meteo,,,10.9,8.0,,,43.0,observed
nairobi,Septembre,9,14,26,25,1.1,5.6,8.1,rec,open-meteo,,,11.2,9.0,,,35.0,observed
nairobi,Octobre,10,15,26,47,3.1,6.9,7.8,rec,open-meteo,,,12.1,9.2,,,32.0,observed
nairobi,Novembre,11,15,24,76,4.7,6.8,4.6,mid,open-meteo,,,14.2,8.5,,,30.0,observed
nairobi,Décembre,12,15,25,55,2.7,8.2,7.7,rec,open-meteo,,,13.6,8.9,,,31.0,observed
mombasa,Janvier,1,25,30,29,1.3,8.7,5.7,mid,open-meteo,29.4,8.7,23.2,7.7,1.2,6.2,26.0,observed
mombasa,Février,2,25,31,27,0.8,9.0,5.7,mid,open-meteo,29.8,8.6,23.3,8.2,1.18,6.8,26.0,observed
mombasa,Mars,3,26,31,52,2.6,8.7,5.2,mid,open-meteo,30.7,8.3,23.8,8.7,0.87,7.3,19.0,observed
mombasa,Avril,4,25,29,90,9.1,7.5,4.6,mid,open-meteo,29.6,7.4,23.9,7.6,1.4,7.0,16.0,observed
mombasa,Mai,5,24,28,76,8.2,6.6,4.8,mid,open-meteo,28.5,6.7,22.7,7.5,1.93,7.5,20.0,observed
mombasa,Juin,6,24,27,68,3.7,6.9,7.5,rec,open-meteo,27.6,6.7,21.4,7.5,1.83,7.1,22.0,observed
mombasa,Juillet,7,23,26,71,2.7,6.8,7.4,rec,open-meteo,27.0,6.8,20.7,7.4,1.55,7.1,24.0,observed
mombasa,Août,8,23,26,70,2.1,7.9,7.5,rec,open-meteo,26.8,6.6,20.7,8.3,1.74,7.3,24.0,observed
mombasa,Septembre,9,23,27,70,2.4,8.2,7.6,rec,open-meteo,26.9,7.2,21.2,8.8,1.43,7.0,22.0,observed
mombasa,Octobre,10,24,28,65,3.6,8.8,5.2,mid,open-meteo,27.4,7.6,22.3,8.9,1.31,6.9,20.0,observed
mombasa,Novembre,11,24,29,76,4.1,8.8,4.9,mid,open-meteo,28.0,8.0,23.5,8.5,0.9,6.9,21.0,observed
mombasa,Décembre,12,25,30,67,3.6,8.4,5.0,mid,open-meteo,29.1,8.2,23.8,8.1,1.16,7.0,30.0,observed
johannesburg,Janvier,1,15,25,45,3.9,8.1,7.9,rec,open-meteo,,,12.2,9.7,,,55.0,observed
johannesburg,Février,2,15,25,50,4.2,8.0,7.8,rec,open-meteo,,,12.6,9.4,,,49.0,observed
johannesburg,Mars,3,13,24,32,2.0,7.7,8.0,rec,open-meteo,,,10.8,8.4,,,47.0,observed
johannesburg,Avril,4,11,21,27,2.1,7.9,7.9,rec,open-meteo,,,7.9,6.6,,,50.0,observed
johannesburg,Mai,5,7,20,7,0.5,8.9,8.2,rec,open-meteo,,,2.8,5.7,,,71.0,observed
johannesburg,Juin,6,5,18,5,0.3,8.9,8.0,rec,open-meteo,,,-0.9,5.0,,,68.0,observed
johannesburg,Juillet,7,4,17,2,0.1,9.2,7.9,rec,open-meteo,,,-3.0,5.3,,,64.0,observed
johannesburg,Août,8,7,21,3,0.2,9.2,8.6,rec,open-meteo,,,-2.2,6.4,,,53.0,observed
johannesburg,Septembre,9,10,25,10,0.4,9.4,8.9,rec,open-meteo,,,0.5,7.5,,,42.0,observed
johannesburg,Octobre,10,12,26,24,1.4,8.7,8.5,rec,open-meteo,,,4.4,9.0,,,43.0,observed
johannesburg,Novembre,11,13,26,43,2.8,8.3,8.0,rec,open-meteo,,,8.4,9.3,,,45.0,observed
johannesburg,Décembre,12,15,25,55,3.8,8.5,7.7,rec,open-meteo,,,11.7,8.9,,,46.0,observed
durban,Janvier,1,21,28,38,3.2,5.9,8.1,rec,open-meteo,24.3,7.0,19.7,7.9,1.84,8.5,25.0,observed
durban,Février,2,22,28,42,3.9,6.3,8.0,rec,open-meteo,25.2,6.9,20.0,7.5,1.98,8.0,25.0,observed
durban,Mars,3,20,28,36,3.1,6.5,8.2,rec,open-meteo,25.2,6.9,19.5,6.7,2.11,8.9,26.0,observed
durban,Avril,4,18,25,34,3.6,6.9,8.0,rec,open-meteo,23.8,6.0,17.1,5.4,2.1,9.3,30.0,observed
durban,Mai,5,15,24,16,2.2,7.2,8.4,rec,open-meteo,23.7,6.3,14.5,4.6,1.81,9.6,37.0,observed
durban,Juin,6,13,23,12,0.7,7.5,8.4,rec,open-meteo,22.1,5.6,10.9,3.9,2.12,10.0,35.0,observed
durban,Juillet,7,12,22,13,0.8,7.4,8.3,rec,open-meteo,22.2,5.4,9.6,4.3,2.18,9.7,39.0,observed
durban,Août,8,13,22,19,1.0,7.0,8.1,rec,open-meteo,21.6,5.0,11.6,5.0,2.68,11.4,38.0,observed
durban,Septembre,9,15,23,30,2.3,5.8,7.8,rec,open-meteo,20.4,5.0,14.3,5.3,2.37,9.6,34.0,observed
durban,Octobre,10,16,24,37,3.2,5.5,7.7,rec,open-meteo,21.7,5.3,15.4,7.0,2.38,9.3,32.0,observed
durban,Novembre,11,18,25,41,3.0,5.5,7.7,rec,open-meteo,23.4,5.9,17.1,7.5,2.25,9.4,28.0,observed
durban,Décembre,12,20,26,45,3.3,6.1,7.8,rec,open-meteo,25.1,6.6,19.0,7.8,1.87,8.9,27.0,observed
accra,Janvier,1,25,31,16,0.6,6.0,5.7,mid,open-meteo,28.9,8.8,22.9,8.2,0.93,8.6,63.0,observed
accra,Février,2,25,32,30,1.1,6.7,5.2,mid,open-meteo,28.5,8.4,24.1,8.8,1.0,9.1,73.0,observed
accra,Mars,3,26,32,43,1.6,6.8,5.0,mid,open-meteo,28.2,8.1,24.3,9.0,1.06,8.9,31.0,observed
accra,Avril,4,26,31,50,2.6,7.4,5.1,mid,open-meteo,30.0,8.2,24.3,8.7,1.19,8.8,24.0,observed
accra,Mai,5,25,30,68,4.2,7.1,4.8,mid,open-meteo,30.2,7.9,24.0,8.0,1.35,9.7,22.0,observed
accra,Juin,6,24,28,82,5.8,5.3,4.6,mid,open-meteo,27.9,7.1,23.1,7.2,1.47,8.4,22.0,observed
accra,Juillet,7,23,27,57,2.4,4.9,4.9,mid,open-meteo,24.6,6.9,22.3,7.0,1.49,9.6,26.0,observed
accra,Août,8,23,27,50,1.9,4.7,7.6,rec,open-meteo,24.1,6.8,21.9,7.3,1.53,9.6,22.0,observed
accra,Septembre,9,24,28,68,3.1,5.8,4.9,mid,open-meteo,24.6,7.0,22.6,8.2,1.38,8.8,20.0,observed
accra,Octobre,10,24,29,70,4.1,7.7,4.9,mid,open-meteo,27.1,7.7,23.3,7.7,1.25,8.7,20.0,observed
accra,Novembre,11,24,30,46,1.8,8.2,5.3,mid,open-meteo,29.1,8.5,23.7,8.1,1.06,8.5,37.0,observed
accra,Décembre,12,24,31,31,1.0,7.2,5.5,mid,open-meteo,28.8,8.5,23.2,7.8,1.04,9.0,74.0,observed
abidjan,Janvier,1,24,30,63,2.4,6.7,4.9,mid,open-meteo,29.4,8.2,23.4,8.3,1.06,9.4,47.0,observed
abidjan,Février,2,25,31,71,3.6,7.1,4.7,mid,open-meteo,28.5,7.8,24.3,8.7,1.1,9.6,63.0,observed
abidjan,Mars,3,25,31,81,4.5,7.1,4.6,mid,open-meteo,27.9,7.6,24.3,8.7,1.13,10.1,30.0,observed
abidjan,Avril,4,25,30,84,5.5,7.3,4.6,mid,open-meteo,29.8,7.7,24.4,8.3,1.3,9.1,25.0,observed
abidjan,Mai,5,24,30,90,8.4,6.2,4.5,mid,open-meteo,29.8,7.2,24.1,7.9,1.61,10.3,21.0,observed
abidjan,Juin,6,23,28,96,10.6,4.3,4.4,mid,open-meteo,28.0,6.5,23.0,7.1,1.65,8.1,23.0,observed
abidjan,Juillet,7,23,27,87,4.1,4.8,4.5,mid,open-meteo,24.5,6.1,22.2,7.2,1.73,10.6,28.0,observed
abidjan,Août,8,22,27,78,2.9,3.9,4.5,mid,open-meteo,23.7,6.0,21.9,6.6,1.68,10.1,26.0,observed
abidjan,Septembre,9,23,28,94,5.4,4.5,4.4,mid,open-meteo,24.4,6.4,22.6,7.7,1.5,8.8,20.0,observed
abidjan,Octobre,10,23,28,99,7.4,6.3,4.5,mid,open-meteo,27.5,6.9,23.3,7.6,1.4,8.7,17.0,observed
abidjan,Novembre,11,24,29,95,5.1,7.8,4.6,mid,open-meteo,28.9,7.4,23.7,8.1,1.18,9.2,28.0,observed
abidjan,Décembre,12,24,30,73,3.1,7.0,4.8,mid,open-meteo,29.0,8.0,23.6,7.9,1.11,8.9,56.0,observed
kigali,Janvier,1,15,26,43,2.7,8.5,8.1,rec,open-meteo,,,14.4,8.6,,,71.0,observed
kigali,Février,2,15,27,40,2.3,8.6,8.2,rec,open-meteo,,,15.0,9.2,,,57.0,observed
kigali,Mars,3,15,27,59,3.2,8.4,7.8,rec,open-meteo,,,15.5,9.1,,,50.0,observed
kigali,Avril,4,15,25,76,4.5,7.6,7.3,rec,open-meteo,,,16.0,8.2,,,41.0,observed
kigali,Mai,5,15,25,45,2.1,8.2,7.9,rec,open-meteo,,,15.0,8.3,,,43.0,observed
kigali,Juin,6,15,26,9,0.4,7.7,8.8,rec,open-meteo,,,12.1,7.8,,,46.0,observed
kigali,Juillet,7,15,27,4,0.1,7.8,9.1,rec,open-meteo,,,9.9,8.1,,,57.0,observed
kigali,Août,8,16,27,18,1.0,8.0,8.7,rec,open-meteo,,,11.0,8.5,,,52.0,observed
kigali,Septembre,9,15,27,35,1.8,8.5,8.3,rec,open-meteo,,,13.4,8.5,,,46.0,observed
kigali,Octobre,10,15,27,54,3.4,8.3,7.9,rec,open-meteo,,,14.4,9.0,,,49.0,observed
kigali,Novembre,11,15,26,69,3.9,7.9,7.5,rec,open-meteo,,,15.2,8.7,,,44.0,observed
kigali,Décembre,12,15,26,61,3.4,8.3,7.7,rec,open-meteo,,,15.2,8.9,,,59.0,observed
addis-abeba,Janvier,1,8,22,5,0.3,8.6,8.6,rec,open-meteo,,,3.6,8.1,,,34.0,observed
addis-abeba,Février,2,10,23,17,0.7,7.3,8.3,rec,open-meteo,,,4.8,8.4,,,29.0,observed
addis-abeba,Mars,3,11,23,35,1.9,7.8,7.9,rec,open-meteo,,,6.3,8.9,,,29.0,observed
addis-abeba,Avril,4,11,22,54,3.9,7.0,7.4,rec,open-meteo,,,8.6,8.5,,,35.0,observed
addis-abeba,Mai,5,10,22,45,3.5,7.7,7.6,rec,open-meteo,,,9.2,8.7,,,39.0,observed
addis-abeba,Juin,6,10,21,69,6.1,5.8,4.4,mid,open-meteo,,,10.5,8.2,,,53.0,observed
addis-abeba,Juillet,7,10,19,98,10.5,3.6,1.0,avoid,open-meteo,,,11.7,7.5,,,36.0,observed
addis-abeba,Août,8,10,19,100,9.7,4.3,1.0,avoid,open-meteo,,,11.7,7.9,,,24.0,observed
addis-abeba,Septembre,9,9,19,82,7.1,5.4,4.2,mid,open-meteo,,,10.9,8.9,,,43.0,observed
addis-abeba,Octobre,10,8,20,19,1.2,8.0,7.9,rec,open-meteo,,,7.1,8.5,,,33.0,observed
addis-abeba,Novembre,11,8,21,8,0.3,8.9,8.4,rec,open-meteo,,,5.3,7.8,,,34.0,observed
addis-abeba,Décembre,12,8,21,2,0.1,9.3,8.6,rec,open-meteo,,,4.1,7.9,,,44.0,observed
stone-town,Janvier,1,26,32,40,2.1,8.0,5.1,mid,open-meteo,29.9,8.8,23.0,7.4,0.3,5.7,25.0,calibrated
stone-town,Février,2,26,32,43,1.5,7.8,5.1,mid,open-meteo,30.4,8.6,23.0,8.4,0.3,5.7,23.0,calibrated
stone-town,Mars,3,26,32,64,3.4,6.8,4.7,mid,open-meteo,30.8,8.2,23.5,8.6,0.28,5.0,16.0,calibrated
stone-town,Avril,4,25,28,93,13.0,5.1,4.5,mid,open-meteo,29.3,7.7,23.7,6.9,0.46,5.0,15.0,calibrated
stone-town,Mai,5,25,28,70,6.8,6.4,4.9,mid,open-meteo,28.5,8.1,22.4,7.2,0.58,5.9,18.0,calibrated
stone-town,Juin,6,24,28,58,2.3,6.8,7.7,rec,open-meteo,27.8,8.2,20.9,7.0,0.55,5.8,21.0,calibrated
stone-town,Juillet,7,23,27,60,1.5,6.7,7.6,rec,open-meteo,27.0,8.0,20.3,7.3,0.48,5.1,25.0,calibrated
stone-town,Août,8,23,28,55,1.4,6.9,7.8,rec,open-meteo,26.6,8.2,20.2,8.1,0.51,5.9,25.0,calibrated
stone-town,Septembre,9,23,28,58,1.5,7.0,7.8,rec,open-meteo,26.9,8.2,20.6,8.2,0.45,5.4,22.0,calibrated
stone-town,Octobre,10,24,29,61,3.0,7.2,7.7,rec,open-meteo,27.4,8.4,21.6,8.3,0.35,5.4,18.0,calibrated
stone-town,Novembre,11,25,30,77,3.9,6.6,4.7,mid,open-meteo,29.0,8.5,23.0,8.0,0.28,5.2,16.0,calibrated
stone-town,Décembre,12,25,30,67,3.4,7.0,4.8,mid,open-meteo,30.0,8.7,23.5,8.5,0.26,5.6,23.0,calibrated
victoria-falls,Janvier,1,20,28,68,6.6,6.3,7.5,rec,open-meteo,,,18.6,8.1,,,17.0,calibrated
victoria-falls,Février,2,20,28,60,5.7,6.8,7.7,rec,open-meteo,,,18.7,9.6,,,20.0,calibrated
victoria-falls,Mars,3,20,29,32,2.3,7.8,8.3,rec,open-meteo,,,17.5,8.9,,,18.0,calibrated
victoria-falls,Avril,4,17,28,12,0.9,8.3,9.0,rec,open-meteo,,,15.1,7.3,,,18.0,calibrated
victoria-falls,Mai,5,14,27,0,0.0,8.4,9.3,rec,open-meteo,,,9.3,6.6,,,20.0,calibrated
victoria-falls,Juin,6,11,25,0,0.0,8.3,9.1,rec,open-meteo,,,6.2,6.0,,,22.0,calibrated
victoria-falls,Juillet,7,11,25,0,0.0,8.4,9.1,rec,open-meteo,,,4.0,6.3,,,30.0,calibrated
victoria-falls,Août,8,13,30,0,0.0,8.6,9.2,rec,open-meteo,,,4.1,7.3,,,31.0,calibrated
victoria-falls,Septembre,9,17,34,0,0.0,9.0,5.6,mid,open-meteo,,,4.6,8.5,,,36.0,calibrated
victoria-falls,Octobre,10,21,36,4,0.1,9.2,5.0,mid,open-meteo,,,7.7,9.1,,,36.0,calibrated
victoria-falls,Novembre,11,21,34,31,1.9,8.2,4.9,mid,open-meteo,,,13.7,9.0,,,28.0,calibrated
victoria-falls,Décembre,12,21,31,54,4.9,7.2,5.0,mid,open-meteo,,,17.3,8.9,,,29.0,calibrated
kampala,Janvier,1,18,27,43,1.9,5.0,7.8,rec,open-meteo,,,16.5,8.3,,,70.0,observed
kampala,Février,2,18,28,51,2.3,6.0,7.8,rec,open-meteo,,,17.7,8.5,,,58.0,observed
kampala,Mars,3,19,27,68,3.9,5.0,7.4,rec,open-meteo,,,18.3,9.5,,,39.0,observed
kampala,Avril,4,18,25,88,6.5,4.0,4.3,mid,open-meteo,,,18.7,8.6,,,38.0,observed
kampala,Mai,5,18,25,80,4.3,4.0,4.4,mid,open-meteo,,,18.5,8.2,,,45.0,observed
kampala,Juin,6,17,25,61,2.9,6.0,7.4,rec,open-meteo,,,17.4,8.0,,,52.0,observed
kampala,Juillet,7,17,25,40,2.1,6.0,7.8,rec,open-meteo,,,16.5,8.0,,,63.0,observed
kampala,Août,8,17,26,63,3.3,5.0,7.4,rec,open-meteo,,,17.1,8.5,,,63.0,observed
kampala,Septembre,9,17,26,74,3.7,5.0,7.3,rec,open-meteo,,,17.8,9.0,,,61.0,observed
kampala,Octobre,10,18,26,77,4.6,5.0,4.6,mid,open-meteo,,,18.2,8.9,,,59.0,observed
kampala,Novembre,11,18,26,78,5.8,5.0,4.6,mid,open-meteo,,,18.2,8.3,,,50.0,observed
kampala,Décembre,12,17,26,64,3.3,4.0,7.3,rec,open-meteo,,,17.8,8.5,,,57.0,observed
lagos,Janvier,1,25,32,18,0.6,5.3,5.3,mid,open-meteo,30.0,8.8,21.9,7.8,0.79,9.9,88.0,observed
lagos,Février,2,26,32,30,1.1,5.9,5.1,mid,open-meteo,29.3,8.5,23.6,8.2,0.82,9.8,104.0,observed
lagos,Mars,3,27,32,52,2.4,5.6,4.7,mid,open-meteo,30.2,8.1,24.7,8.4,0.91,9.5,44.0,observed
lagos,Avril,4,27,32,55,2.8,6.3,4.7,mid,open-meteo,30.9,7.9,24.6,8.1,0.98,9.7,33.0,observed
lagos,Mai,5,26,30,72,4.5,5.7,4.7,mid,open-meteo,30.9,7.8,24.4,7.4,1.14,10.1,37.0,observed
lagos,Juin,6,24,29,92,8.6,3.8,4.4,mid,open-meteo,29.8,7.4,23.6,6.8,1.17,9.3,35.0,observed
lagos,Juillet,7,24,28,81,5.8,3.2,4.5,mid,open-meteo,27.9,7.2,22.9,6.7,1.35,10.2,31.0,observed
lagos,Août,8,24,28,71,3.8,3.4,4.6,mid,open-meteo,26.8,7.3,22.5,7.3,1.35,10.3,27.0,observed
lagos,Septembre,9,24,28,89,7.5,4.0,4.5,mid,open-meteo,27.4,7.1,23.2,7.4,1.19,9.2,27.0,observed
lagos,Octobre,10,24,29,85,5.5,5.4,4.5,mid,open-meteo,28.6,7.7,23.9,7.3,1.01,9.2,37.0,observed
lagos,Novembre,11,25,30,60,2.0,6.2,4.9,mid,open-meteo,29.9,8.4,24.3,7.8,0.91,9.4,61.0,observed
lagos,Décembre,12,25,32,25,0.7,6.4,5.3,mid,open-meteo,29.4,8.7,22.4,7.4,0.84,9.8,96.0,observed
dar-es-salaam,Janvier,1,26,31,52,2.9,7.6,5.1,mid,open-meteo,30.1,8.5,23.2,7.5,0.85,6.5,29.0,observed
dar-es-salaam,Février,2,26,31,42,2.0,7.9,5.3,mid,open-meteo,30.9,8.5,23.3,9.1,0.79,6.8,27.0,observed
dar-es-salaam,Mars,3,25,31,66,4.4,6.9,4.8,mid,open-meteo,30.9,8.2,23.7,8.6,0.58,7.5,19.0,observed
dar-es-salaam,Avril,4,24,29,89,11.0,5.2,4.5,mid,open-meteo,29.1,7.8,23.4,6.8,0.81,6.5,15.0,observed
dar-es-salaam,Mai,5,23,29,52,4.5,6.9,7.8,rec,open-meteo,28.5,8.1,21.9,7.4,1.14,7.1,17.0,observed
dar-es-salaam,Juin,6,22,29,22,1.2,7.4,8.5,rec,open-meteo,27.8,8.6,20.2,6.9,1.1,7.3,19.0,observed
dar-es-salaam,Juillet,7,22,28,18,0.7,7.2,8.7,rec,open-meteo,27.1,8.5,19.5,6.9,1.05,7.2,23.0,observed
dar-es-salaam,Août,8,22,29,33,0.9,8.6,8.4,rec,open-meteo,26.8,8.2,19.8,8.0,1.2,7.1,24.0,observed
dar-es-salaam,Septembre,9,22,29,44,1.2,8.4,8.1,rec,open-meteo,27.1,8.3,20.3,8.5,1.04,6.8,22.0,observed
dar-es-salaam,Octobre,10,23,29,51,2.8,8.9,8.0,rec,open-meteo,28.0,8.4,21.5,8.8,0.92,6.8,21.0,observed
dar-es-salaam,Novembre,11,24,30,64,3.7,8.4,5.0,mid,open-meteo,29.6,8.6,22.8,9.0,0.68,6.9,20.0,observed
dar-es-salaam,Décembre,12,25,30,68,3.8,7.8,4.9,mid,open-meteo,30.3,8.4,23.5,8.9,0.79,7.3,25.0,observed
mumbai,Janvier,1,19,30,2,0.0,9.1,9.2,rec,open-meteo,25.8,9.3,15.6,6.2,0.51,8.9,82.0,observed
mumbai,Février,2,20,31,0,0.0,9.6,9.3,rec,open-meteo,25.8,9.1,15.8,6.9,0.54,6.7,80.0,observed
mumbai,Mars,3,23,32,0,0.1,9.1,6.1,mid,open-meteo,27.3,9.1,18.5,7.7,0.61,6.5,70.0,observed
mumbai,Avril,4,25,33,0,0.0,9.3,5.9,mid,open-meteo,30.3,9.1,22.6,7.9,0.7,7.9,66.0,observed
mumbai,Mai,5,27,33,17,1.7,8.8,5.4,mid,open-meteo,32.1,8.3,24.5,7.8,0.85,7.2,63.0,observed
mumbai,Juin,6,26,30,87,15.1,4.6,4.4,mid,open-meteo,31.2,7.1,24.9,7.0,1.47,8.1,51.0,observed
mumbai,Juillet,7,26,28,100,26.1,2.6,5.2,avoid,open-meteo,28.2,5.5,24.6,4.4,2.22,8.4,56.0,observed
mumbai,Août,8,25,28,98,15.6,2.5,4.3,mid,open-meteo,29.0,6.7,24.2,6.7,1.55,7.7,45.0,observed
mumbai,Septembre,9,25,28,92,15.4,4.9,4.5,mid,open-meteo,29.4,7.3,24.3,6.5,1.1,6.8,44.0,observed
mumbai,Octobre,10,25,31,40,3.7,7.7,5.3,mid,open-meteo,30.7,8.7,23.4,6.7,0.53,9.4,73.0,observed
mumbai,Novembre,11,22,32,5,0.2,8.9,6.0,mid,open-meteo,29.0,9.1,19.0,6.3,0.36,10.1,91.0,observed
mumbai,Décembre,12,20,31,3,0.5,8.9,6.3,mid,open-meteo,26.2,9.1,17.1,5.8,0.48,9.3,90.0,observed
jaipur,Janvier,1,9,21,6,0.5,7.4,8.3,rec,open-meteo,,,6.3,4.6,,,88.0,calibrated
jaipur,Février,2,13,26,3,0.1,7.8,9.0,rec,open-meteo,,,5.5,5.7,,,71.0,calibrated
jaipur,Mars,3,18,31,9,0.3,8.2,8.8,rec,open-meteo,,,7.0,6.9,,,70.0,calibrated
jaipur,Avril,4,23,37,4,0.2,8.8,4.7,mid,open-meteo,,,5.3,7.4,,,75.0,calibrated
jaipur,Mai,5,27,40,8,0.6,8.5,2.3,avoid,open-meteo,,,9.9,8.1,,,80.0,calibrated
jaipur,Juin,6,28,38,28,2.2,7.5,2.0,avoid,open-meteo,,,18.0,7.9,,,77.0,calibrated
jaipur,Juillet,7,26,33,69,7.4,5.3,4.4,mid,open-meteo,,,23.4,7.4,,,61.0,calibrated
jaipur,Août,8,24,31,64,6.1,5.2,4.7,mid,open-meteo,,,23.2,5.9,,,39.0,calibrated
jaipur,Septembre,9,24,32,41,3.0,6.9,5.0,mid,open-meteo,,,21.1,6.5,,,56.0,calibrated
jaipur,Octobre,10,20,32,7,0.7,8.0,8.5,rec,open-meteo,,,12.6,6.2,,,63.0,calibrated
jaipur,Novembre,11,15,27,4,0.2,7.5,9.1,rec,open-meteo,,,9.3,5.1,,,82.0,calibrated
jaipur,Décembre,12,11,23,4,0.2,7.4,8.6,rec,open-meteo,,,6.2,4.3,,,84.0,calibrated
varanasi,Janvier,1,10,22,8,0.5,7.5,8.4,rec,open-meteo,,,5.7,5.0,,,120.0,observed
varanasi,Février,2,14,26,6,0.4,8.5,9.0,rec,open-meteo,,,7.7,5.9,,,85.0,observed
varanasi,Mars,3,18,33,9,0.6,9.4,8.3,rec,open-meteo,,,9.7,7.2,,,76.0,observed
varanasi,Avril,4,24,39,7,0.2,9.8,2.8,avoid,open-meteo,,,12.2,8.0,,,67.0,observed
varanasi,Mai,5,27,39,16,0.9,9.7,2.5,avoid,open-meteo,,,16.4,8.6,,,76.0,observed
varanasi,Juin,6,28,38,42,4.9,7.8,1.6,avoid,open-meteo,,,20.4,8.4,,,77.0,observed
varanasi,Juillet,7,27,33,82,11.5,4.6,1.7,avoid,open-meteo,,,21.7,7.5,,,56.0,observed
varanasi,Août,8,26,32,84,10.6,6.1,4.4,mid,open-meteo,,,21.7,7.4,,,59.0,observed
varanasi,Septembre,9,26,32,77,8.2,6.5,4.5,mid,open-meteo,,,20.6,6.8,,,59.0,observed
varanasi,Octobre,10,23,31,21,2.2,8.3,5.8,mid,open-meteo,,,16.3,6.4,,,80.0,observed
varanasi,Novembre,11,16,28,1,0.1,8.7,9.5,rec,open-meteo,,,11.4,5.4,,,119.0,observed
varanasi,Décembre,12,12,24,4,0.2,6.8,8.6,rec,open-meteo,,,7.4,4.7,,,121.0,observed
udaipur,Janvier,1,10,23,3,0.3,7.7,8.7,rec,open-meteo,,,5.6,5.6,,,64.0,calibrated
udaipur,Février,2,13,27,1,0.0,8.2,9.3,rec,open-meteo,,,4.6,6.6,,,54.0,calibrated
udaipur,Mars,3,17,31,5,0.2,8.4,8.9,rec,open-meteo,,,5.3,7.9,,,43.0,calibrated
udaipur,Avril,4,22,36,2,0.1,9.1,5.0,mid,open-meteo,,,5.9,8.2,,,47.0,calibrated
udaipur,Mai,5,24,37,9,0.8,8.9,4.7,mid,open-meteo,,,11.3,8.7,,,48.0,calibrated
udaipur,Juin,6,24,34,40,3.5,7.5,4.7,mid,open-meteo,,,19.3,8.4,,,47.0,calibrated
udaipur,Juillet,7,23,30,72,8.1,4.3,4.6,mid,open-meteo,,,22.3,7.6,,,36.0,calibrated
udaipur,Août,8,22,28,69,8.6,4.3,7.4,rec,open-meteo,,,21.9,6.1,,,26.0,calibrated
udaipur,Septembre,9,22,29,47,4.1,6.7,7.9,rec,open-meteo,,,20.8,7.6,,,40.0,calibrated
udaipur,Octobre,10,19,30,13,0.8,7.8,8.7,rec,open-meteo,,,13.7,6.8,,,52.0,calibrated
udaipur,Novembre,11,15,27,3,0.4,7.7,9.1,rec,open-meteo,,,9.2,5.9,,,58.0,calibrated
udaipur,Décembre,12,12,24,2,0.1,7.6,8.8,rec,open-meteo,,,6.6,5.2,,,69.0,calibrated
colombo,Janvier,1,23,30,43,3.3,8.0,5.4,mid,open-meteo,29.2,8.7,21.5,7.2,0.87,11.2,60.0,observed
colombo,Février,2,23,31,37,1.8,8.7,5.5,mid,open-meteo,29.3,8.7,22.0,8.6,0.84,10.1,67.0,observed
colombo,Mars,3,24,31,59,3.3,8.9,5.1,mid,open-meteo,30.3,8.4,23.4,9.0,0.77,11.3,67.0,observed
colombo,Avril,4,25,31,82,5.0,7.8,4.6,mid,open-meteo,31.4,7.6,24.3,8.6,0.94,11.6,46.0,observed
colombo,Mai,5,26,30,96,13.6,6.5,4.4,mid,open-meteo,30.8,6.7,24.8,6.5,1.71,10.2,27.0,observed
colombo,Juin,6,25,29,97,10.5,6.5,4.5,mid,open-meteo,29.1,6.7,24.5,7.8,1.78,9.8,28.0,observed
colombo,Juillet,7,25,29,88,7.4,6.5,4.6,mid,open-meteo,29.2,6.9,24.2,7.7,1.79,9.3,29.0,observed
colombo,Août,8,25,28,90,7.8,6.5,4.6,mid,open-meteo,29.0,6.7,24.0,8.0,1.78,10.6,27.0,observed
colombo,Septembre,9,25,29,92,9.7,6.3,4.5,mid,open-meteo,29.4,6.9,23.9,8.7,1.66,7.9,31.0,observed
colombo,Octobre,10,24,29,91,11.3,6.5,4.5,mid,open-meteo,29.2,7.1,23.8,7.5,1.4,10.8,27.0,observed
colombo,Novembre,11,24,29,82,13.8,7.0,4.7,mid,open-meteo,29.6,7.6,23.5,6.7,0.98,10.6,46.0,observed
colombo,Décembre,12,23,30,58,4.9,7.0,5.0,mid,open-meteo,29.1,8.2,22.8,7.5,1.09,10.7,55.0,observed
kandy,Janvier,1,20,28,29,2.6,0.2,7.7,rec,open-meteo,,,18.7,7.3,,,24.0,observed
kandy,Février,2,20,29,29,1.6,0.3,7.6,rec,open-meteo,,,18.8,8.8,,,31.0,observed
kandy,Mars,3,21,31,39,2.1,0.3,4.7,mid,open-meteo,,,19.3,9.1,,,35.0,observed
kandy,Avril,4,22,31,66,4.5,0.2,4.4,mid,open-meteo,,,20.9,9.0,,,30.0,observed
kandy,Mai,5,22,28,81,7.0,0.2,4.3,mid,open-meteo,,,21.7,7.2,,,27.0,observed
kandy,Juin,6,22,28,74,3.3,0.2,4.4,mid,open-meteo,,,21.1,7.6,,,22.0,observed
kandy,Juillet,7,22,27,74,4.0,0.2,4.4,mid,open-meteo,,,20.6,7.6,,,21.0,observed
kandy,Août,8,21,27,69,4.4,0.2,4.4,mid,open-meteo,,,20.6,8.0,,,22.0,observed
kandy,Septembre,9,21,28,75,4.0,0.2,4.4,mid,open-meteo,,,20.6,8.8,,,21.0,observed
kandy,Octobre,10,21,27,83,8.8,0.2,4.3,mid,open-meteo,,,20.8,7.4,,,24.0,observed
kandy,Novembre,11,21,27,80,11.2,0.2,4.3,mid,open-meteo,,,20.8,6.2,,,26.0,observed
kandy,Décembre,12,20,27,53,4.3,0.2,7.3,rec,open-meteo,,,20.1,7.2,,,42.0,observed
yangon,Janvier,1,20,31,8,0.5,9.7,6.3,mid,open-meteo,,,17.3,6.8,,,42.0,observed
yangon,Février,2,20,34,3,0.2,9.6,5.6,mid,open-meteo,,,16.6,7.8,,,59.0,observed
yangon,Mars,3,23,36,3,0.3,9.4,5.0,mid,open-meteo,,,19.4,8.8,,,60.0,observed
yangon,Avril,4,26,38,15,1.4,9.7,6.0,avoid,open-meteo,,,22.2,9.2,,,57.0,observed
yangon,Mai,5,26,34,68,7.9,5.8,5.2,avoid,open-meteo,,,24.1,8.1,,,29.0,observed
yangon,Juin,6,25,30,98,14.4,2.7,4.2,mid,open-meteo,,,24.7,6.6,,,19.0,observed
yangon,Juillet,7,25,30,99,16.5,2.5,5.0,avoid,open-meteo,,,24.6,5.3,,,19.0,observed
yangon,Août,8,25,30,98,16.6,3.0,4.2,mid,open-meteo,,,24.6,6.1,,,19.0,observed
yangon,Septembre,9,25,30,98,15.0,3.2,4.3,mid,open-meteo,,,24.6,6.8,,,23.0,observed
yangon,Octobre,10,24,31,80,9.3,6.5,4.6,mid,open-meteo,,,24.5,7.2,,,29.0,observed
yangon,Novembre,11,24,32,30,2.7,9.3,5.4,mid,open-meteo,,,22.9,6.2,,,40.0,observed
yangon,Décembre,12,22,31,5,0.2,9.3,6.3,mid,open-meteo,,,19.7,6.4,,,54.0,observed
mandalay,Janvier,1,17,28,6,0.5,10.0,9.5,rec,open-meteo,,,14.5,5.9,,,42.0,observed
mandalay,Février,2,19,31,2,0.1,9.9,9.2,rec,open-meteo,,,12.8,7.1,,,54.0,observed
mandalay,Mars,3,22,36,4,0.4,9.7,5.0,mid,open-meteo,,,13.4,8.2,,,62.0,observed
mandalay,Avril,4,26,38,16,1.6,9.7,2.8,avoid,open-meteo,,,17.4,8.9,,,70.0,observed
mandalay,Mai,5,27,35,47,5.7,8.6,4.5,mid,open-meteo,,,22.3,8.4,,,50.0,observed
mandalay,Juin,6,26,33,71,5.6,6.9,4.4,mid,open-meteo,,,23.5,6.9,,,26.0,observed
mandalay,Juillet,7,26,33,79,6.5,5.9,4.3,mid,open-meteo,,,23.6,6.4,,,20.0,observed
mandalay,Août,8,26,32,82,7.5,5.4,4.4,mid,open-meteo,,,23.9,5.8,,,19.0,observed
mandalay,Septembre,9,25,32,82,8.6,7.2,4.4,mid,open-meteo,,,24.4,7.2,,,28.0,observed
mandalay,Octobre,10,25,31,67,7.0,7.2,4.8,mid,open-meteo,,,23.7,6.8,,,37.0,observed
mandalay,Novembre,11,22,30,19,2.0,9.0,6.0,mid,open-meteo,,,20.5,6.0,,,40.0,observed
mandalay,Décembre,12,18,28,7,0.3,9.0,9.3,rec,open-meteo,,,17.3,5.5,,,44.0,observed
manille,Janvier,1,23,29,35,2.3,5.7,8.0,rec,open-meteo,28.2,8.8,21.2,6.2,0.24,2.6,31.0,observed
manille,Février,2,23,30,27,1.4,7.0,5.6,mid,open-meteo,27.8,9.1,20.6,7.9,0.31,2.7,28.0,observed
manille,Mars,3,24,32,24,0.9,7.3,5.4,mid,open-meteo,28.9,9.0,21.1,7.9,0.28,2.6,34.0,observed
manille,Avril,4,26,34,33,1.4,8.6,4.9,mid,open-meteo,30.8,8.4,22.1,9.1,0.31,3.0,38.0,observed
manille,Mai,5,27,34,60,4.7,7.2,4.4,mid,open-meteo,32.2,7.7,23.8,8.2,0.29,3.6,39.0,observed
manille,Juin,6,26,31,87,9.3,5.4,4.4,mid,open-meteo,32.2,7.6,24.6,8.5,0.26,5.6,58.0,observed
manille,Juillet,7,25,30,92,14.0,4.3,4.4,mid,open-meteo,31.1,7.8,24.5,7.5,0.46,6.2,39.0,observed
manille,Août,8,25,30,88,11.4,4.3,4.4,mid,open-meteo,31.1,7.9,24.6,8.4,0.3,5.3,42.0,observed
manille,Septembre,9,25,30,92,11.9,4.4,4.4,mid,open-meteo,30.2,8.0,24.5,6.9,0.58,6.4,38.0,observed
manille,Octobre,10,25,30,83,7.9,5.1,4.5,mid,open-meteo,30.5,8.2,24.2,6.9,0.41,5.1,39.0,observed
manille,Novembre,11,25,31,58,4.5,5.1,4.8,mid,open-meteo,29.9,8.6,23.4,6.4,0.29,3.6,38.0,observed
manille,Décembre,12,24,30,53,5.1,4.9,4.9,mid,open-meteo,28.8,8.7,22.6,4.7,0.28,3.3,32.0,observed
xian,Janvier,1,-4,6,11,0.4,3.9,4.2,mid,open-meteo,,,-7.1,3.3,,,96.0,observed
xian,Février,2,-2,10,13,0.6,4.3,4.3,mid,open-meteo,,,-4.3,4.2,,,86.0,observed
xian,Mars,3,5,17,16,0.9,5.2,7.4,rec,open-meteo,,,1.1,5.5,,,79.0,observed
xian,Avril,4,11,24,22,1.7,6.2,8.1,rec,open-meteo,,,6.4,6.4,,,72.0,observed
xian,Mai,5,15,28,23,1.7,6.5,8.5,rec,open-meteo,,,10.0,7.2,,,70.0,observed
xian,Juin,6,20,33,26,2.7,6.7,7.7,rec,open-meteo,,,15.1,7.3,,,71.0,observed
xian,Juillet,7,23,33,33,3.9,6.8,5.0,mid,open-meteo,,,19.3,6.2,,,85.0,observed
xian,Août,8,23,33,35,3.0,5.7,4.8,mid,open-meteo,,,19.1,7.6,,,76.0,observed
xian,Septembre,9,17,26,36,4.1,4.5,7.8,rec,open-meteo,,,15.3,6.4,,,66.0,observed
xian,Octobre,10,10,19,34,2.6,3.9,7.2,rec,open-meteo,,,9.0,4.7,,,74.0,observed
xian,Novembre,11,4,14,19,0.8,4.0,4.3,mid,open-meteo,,,2.6,3.5,,,96.0,observed
xian,Décembre,12,-3,8,6,0.3,3.9,4.3,mid,open-meteo,,,-6.0,3.2,,,115.0,observed
chengdu,Janvier,1,4,11,17,0.5,1.2,4.2,mid,open-meteo,,,2.4,3.5,,,95.0,observed
chengdu,Février,2,5,12,26,0.8,1.9,4.1,mid,open-meteo,,,3.7,4.5,,,79.0,observed
chengdu,Mars,3,10,18,36,1.3,2.7,4.4,mid,open-meteo,,,8.4,5.5,,,83.0,observed
chengdu,Avril,4,14,24,43,2.8,3.9,7.5,rec,open-meteo,,,12.1,6.3,,,81.0,observed
chengdu,Mai,5,18,27,41,3.1,3.9,7.7,rec,open-meteo,,,14.9,6.0,,,81.0,observed
chengdu,Juin,6,21,30,44,3.9,3.7,5.0,mid,open-meteo,,,18.9,6.3,,,79.0,observed
chengdu,Juillet,7,23,31,66,9.6,3.9,4.6,mid,open-meteo,,,22.2,6.0,,,77.0,observed
chengdu,Août,8,23,31,63,8.7,4.3,4.7,mid,open-meteo,,,22.2,7.8,,,91.0,observed
chengdu,Septembre,9,20,26,52,3.9,2.4,7.4,rec,open-meteo,,,18.8,7.1,,,86.0,observed
chengdu,Octobre,10,15,21,44,1.8,1.8,4.5,mid,open-meteo,,,13.7,3.4,,,77.0,observed
chengdu,Novembre,11,10,16,17,0.6,1.6,4.4,mid,open-meteo,,,8.9,3.1,,,91.0,observed
chengdu,Décembre,12,5,12,16,0.5,1.2,4.2,mid,open-meteo,,,3.3,3.2,,,113.0,observed
guilin,Janvier,1,6,13,47,4.1,1.9,1.1,avoid,open-meteo,,,4.5,2.6,,,52.0,observed
guilin,Février,2,7,14,55,5.2,1.8,1.0,avoid,open-meteo,,,6.3,2.4,,,33.0,observed
guilin,Mars,3,12,20,73,9.6,1.8,4.2,mid,open-meteo,,,12.1,4.4,,,45.0,observed
guilin,Avril,4,16,24,72,13.2,2.6,4.4,mid,open-meteo,,,16.0,6.4,,,48.0,observed
guilin,Mai,5,20,28,75,13.7,3.6,4.6,mid,open-meteo,,,20.1,6.1,,,44.0,observed
guilin,Juin,6,24,30,84,18.5,3.8,4.4,mid,open-meteo,,,23.3,6.4,,,32.0,observed
guilin,Juillet,7,25,32,68,8.9,5.8,4.5,mid,open-meteo,,,24.0,7.7,,,34.0,observed
guilin,Août,8,25,32,62,6.7,6.4,4.7,mid,open-meteo,,,23.8,7.8,,,40.0,observed
guilin,Septembre,9,24,31,39,3.1,6.0,5.2,mid,open-meteo,,,20.5,7.3,,,42.0,observed
guilin,Octobre,10,18,26,25,2.4,5.1,8.1,rec,open-meteo,,,14.2,6.3,,,42.0,observed
guilin,Novembre,11,13,21,36,4.4,4.1,7.4,rec,open-meteo,,,10.8,5.4,,,50.0,observed
guilin,Décembre,12,7,16,28,2.2,3.3,4.4,mid,open-meteo,,,4.0,4.0,,,68.0,observed
sapporo,Janvier,1,-10,-2,47,2.1,2.9,0.7,avoid,open-meteo,5.3,2.0,-9.1,2.2,,,26.0,observed
sapporo,Février,2,-9,-2,52,2.3,3.7,0.7,avoid,open-meteo,4.1,2.1,-8.5,3.3,,,31.0,observed
sapporo,Mars,3,-4,4,40,2.4,4.7,0.9,avoid,open-meteo,4.0,2.5,-3.6,4.4,,,34.0,observed
sapporo,Avril,4,2,12,41,2.9,5.9,4.2,mid,open-meteo,7.7,2.6,1.1,5.5,,,36.0,observed
sapporo,Mai,5,8,18,41,3.1,6.5,4.6,mid,open-meteo,12.1,2.7,7.5,5.7,,,34.0,observed
sapporo,Juin,6,12,21,43,4.2,6.0,7.4,rec,open-meteo,17.2,3.6,12.6,6.3,,,32.0,observed
sapporo,Juillet,7,18,25,40,4.2,5.4,7.7,rec,open-meteo,21.1,5.7,17.7,5.9,,,35.0,observed
sapporo,Août,8,18,26,51,5.9,5.4,7.6,rec,open-meteo,24.1,6.5,18.6,5.6,,,23.0,observed
sapporo,Septembre,9,14,22,40,4.3,5.3,7.5,rec,open-meteo,23.2,5.4,14.1,5.3,,,27.0,observed
sapporo,Octobre,10,6,16,43,3.7,4.7,4.3,mid,open-meteo,18.9,3.0,6.6,3.3,,,27.0,observed
sapporo,Novembre,11,0,8,51,3.6,3.3,0.8,avoid,open-meteo,12.9,1.9,-0.1,2.2,,,29.0,observed
sapporo,Décembre,12,-7,0,50,2.3,2.7,0.6,avoid,open-meteo,6.6,1.8,-6.9,1.9,,,29.0,observed
samarcande,Janvier,1,-1,8,27,1.7,3.8,4.1,mid,open-meteo,,,-3.6,2.4,,,24.0,observed
samarcande,Février,2,-1,11,31,2.1,4.6,4.2,mid,open-meteo,,,-1.5,3.1,,,26.0,observed
samarcande,Mars,3,5,16,39,3.1,5.6,4.4,mid,open-meteo,,,3.6,4.3,,,35.0,observed
samarcande,Avril,4,9,21,32,2.5,7.6,7.7,rec,open-meteo,,,7.2,5.9,,,35.0,observed
samarcande,Mai,5,14,28,25,2.2,9.6,8.8,rec,open-meteo,,,8.8,6.8,,,37.0,observed
samarcande,Juin,6,19,34,5,0.2,11.5,5.7,mid,open-meteo,,,6.6,7.5,,,39.0,observed
samarcande,Juillet,7,22,36,1,0.0,12.0,5.3,mid,open-meteo,,,7.0,7.7,,,39.0,observed
samarcande,Août,8,19,34,2,0.1,11.6,5.8,mid,open-meteo,,,5.8,7.3,,,37.0,observed
samarcande,Septembre,9,15,30,3,0.1,10.2,9.4,rec,open-meteo,,,3.6,6.2,,,32.0,observed
samarcande,Octobre,10,8,22,17,1.1,7.8,8.2,rec,open-meteo,,,2.6,4.2,,,31.0,observed
samarcande,Novembre,11,2,15,20,1.3,5.0,4.5,mid,open-meteo,,,0.1,2.9,,,28.0,observed
samarcande,Décembre,12,-1,9,26,1.4,3.9,4.1,mid,open-meteo,,,-3.0,2.5,,,37.0,observed
almaty,Janvier,1,-8,-1,18,0.8,3.6,4.1,mid,open-meteo,,,-11.0,2.2,,,57.0,observed
almaty,Février,2,-6,1,23,1.3,4.2,4.1,mid,open-meteo,,,-9.2,3.3,,,54.0,observed
almaty,Mars,3,0,10,40,2.6,5.3,4.1,mid,open-meteo,,,-2.2,4.5,,,50.0,observed
almaty,Avril,4,7,17,38,3.4,6.3,4.5,mid,open-meteo,,,3.2,5.7,,,45.0,observed
almaty,Mai,5,11,21,36,3.1,7.6,7.7,rec,open-meteo,,,7.2,6.3,,,39.0,observed
almaty,Juin,6,16,27,24,1.3,8.7,8.6,rec,open-meteo,,,8.9,7.3,,,41.0,observed
almaty,Juillet,7,19,30,15,0.9,9.0,8.8,rec,open-meteo,,,9.8,7.3,,,42.0,observed
almaty,Août,8,17,28,14,0.7,9.0,9.1,rec,open-meteo,,,8.1,6.7,,,40.0,observed
almaty,Septembre,9,12,23,17,1.2,8.1,8.3,rec,open-meteo,,,3.9,5.4,,,35.0,observed
almaty,Octobre,10,5,14,23,1.7,6.1,4.4,mid,open-meteo,,,0.2,3.5,,,35.0,observed
almaty,Novembre,11,-2,7,25,1.8,3.9,4.1,mid,open-meteo,,,-5.5,2.4,,,53.0,observed
almaty,Décembre,12,-6,0,24,1.1,3.0,1.0,avoid,open-meteo,,,-9.4,2.1,,,66.0,observed
sao-paulo,Janvier,1,19,27,78,7.9,4.5,4.6,mid,open-meteo,,,19.1,8.2,,,37.0,observed
sao-paulo,Février,2,18,27,67,5.7,5.4,7.4,rec,open-meteo,,,18.8,8.4,,,47.0,observed
sao-paulo,Mars,3,18,27,59,4.4,5.2,7.5,rec,open-meteo,,,18.6,7.5,,,42.0,observed
sao-paulo,Avril,4,16,25,35,2.2,5.6,7.9,rec,open-meteo,,,16.4,6.7,,,54.0,observed
sao-paulo,Mai,5,14,23,23,1.4,5.4,7.9,rec,open-meteo,,,13.9,5.3,,,38.0,observed
sao-paulo,Juin,6,13,22,23,1.5,5.3,7.8,rec,open-meteo,,,12.8,4.7,,,45.0,observed
sao-paulo,Juillet,7,12,23,8,0.8,5.5,8.3,rec,open-meteo,,,11.4,5.0,,,55.0,observed
sao-paulo,Août,8,13,23,19,1.5,5.6,8.0,rec,open-meteo,,,12.0,6.4,,,57.0,observed
sao-paulo,Septembre,9,15,26,23,1.5,4.8,8.1,rec,open-meteo,,,14.1,7.3,,,68.0,observed
sao-paulo,Octobre,10,16,25,52,4.0,5.1,7.5,rec,open-meteo,,,16.4,7.6,,,47.0,observed
sao-paulo,Novembre,11,16,25,54,4.5,5.1,7.5,rec,open-meteo,,,16.5,8.0,,,43.0,observed
sao-paulo,Décembre,12,18,27,66,5.0,4.7,7.4,rec,open-meteo,,,18.1,7.9,,,42.0,observed
salvador-de-bahia,Janvier,1,25,29,63,2.7,7.6,5.0,mid,open-meteo,28.1,8.3,22.2,8.8,0.89,7.1,22.0,observed
salvador-de-bahia,Février,2,25,29,58,2.1,7.4,5.1,mid,open-meteo,29.2,8.4,22.6,8.8,0.93,6.7,21.0,observed
salvador-de-bahia,Mars,3,25,29,63,3.5,7.3,5.0,mid,open-meteo,30.1,8.3,22.8,9.1,0.93,8.1,21.0,observed
salvador-de-bahia,Avril,4,25,28,76,5.5,6.2,4.8,mid,open-meteo,29.5,7.5,22.9,8.1,1.24,8.0,18.0,observed
salvador-de-bahia,Mai,5,24,27,75,6.2,5.1,4.7,mid,open-meteo,28.6,7.2,22.0,7.0,1.37,8.1,21.0,observed
salvador-de-bahia,Juin,6,23,26,80,4.3,4.8,4.5,mid,open-meteo,27.2,6.8,21.0,6.5,1.44,6.8,23.0,observed
salvador-de-bahia,Juillet,7,22,26,77,3.3,5.5,7.3,rec,open-meteo,26.6,6.9,19.9,6.7,1.38,7.7,23.0,observed
salvador-de-bahia,Août,8,22,26,71,2.8,6.1,7.4,rec,open-meteo,26.3,6.9,19.8,7.6,1.45,7.3,24.0,observed
salvador-de-bahia,Septembre,9,23,26,65,2.1,6.8,7.5,rec,open-meteo,26.3,7.1,20.3,8.6,1.27,7.6,25.0,observed
salvador-de-bahia,Octobre,10,24,28,54,2.0,7.3,7.9,rec,open-meteo,27.0,7.9,21.2,8.9,1.18,7.7,22.0,observed
salvador-de-bahia,Novembre,11,24,28,61,4.3,6.8,7.7,rec,open-meteo,27.0,7.8,21.8,8.6,1.18,7.2,22.0,observed
salvador-de-bahia,Décembre,12,25,29,50,2.2,7.2,5.2,mid,open-meteo,27.3,8.3,22.1,9.0,1.04,6.8,21.0,observed
cusco,Janvier,1,8,16,91,7.0,4.6,0.9,avoid,open-meteo,,,7.5,9.3,,,17.0,observed
cusco,Février,2,8,16,95,7.3,4.3,0.8,avoid,open-meteo,,,7.9,9.1,,,16.0,observed
cusco,Mars,3,8,16,85,5.3,5.5,1.0,avoid,open-meteo,,,7.5,8.6,,,16.0,observed
cusco,Avril,4,7,16,60,2.5,7.0,4.2,mid,open-meteo,,,6.6,8.7,,,18.0,observed
cusco,Mai,5,6,17,30,1.0,7.7,7.3,rec,open-meteo,,,4.7,7.9,,,18.0,observed
cusco,Juin,6,5,17,7,0.2,7.6,7.7,rec,open-meteo,,,2.4,7.0,,,20.0,observed
cusco,Juillet,7,4,18,10,0.3,8.3,7.8,rec,open-meteo,,,1.3,7.8,,,23.0,observed
cusco,Août,8,5,18,25,0.7,7.6,7.5,rec,open-meteo,,,2.2,8.8,,,26.0,observed
cusco,Septembre,9,6,18,38,1.2,6.5,7.3,rec,open-meteo,,,3.9,9.3,,,35.0,observed
cusco,Octobre,10,7,18,66,3.0,6.4,4.3,mid,open-meteo,,,5.3,10.1,,,27.0,observed
cusco,Novembre,11,8,18,77,4.7,6.5,4.2,mid,open-meteo,,,6.5,9.2,,,23.0,observed
cusco,Décembre,12,8,17,88,6.0,5.1,1.1,avoid,open-meteo,,,7.3,9.3,,,23.0,observed
lima,Janvier,1,20,24,11,0.4,6.0,8.3,rec,open-meteo,20.6,6.0,18.6,9.5,1.7,10.8,19.0,observed
lima,Février,2,21,26,14,0.5,5.9,8.4,rec,open-meteo,22.9,6.9,19.5,9.6,1.61,11.1,21.0,observed
lima,Mars,3,21,25,18,0.6,6.1,8.3,rec,open-meteo,22.0,6.3,19.3,9.4,1.69,11.5,21.0,observed
lima,Avril,4,19,23,4,0.1,6.1,8.4,rec,open-meteo,20.5,5.7,17.8,8.5,1.87,11.4,20.0,observed
lima,Mai,5,17,21,0,0.0,3.6,8.0,rec,open-meteo,19.2,5.1,15.9,7.6,1.89,10.7,20.0,observed
lima,Juin,6,15,19,0,0.0,1.5,7.5,rec,open-meteo,17.3,4.4,14.2,7.1,1.83,10.7,21.0,observed
lima,Juillet,7,14,19,0,0.0,1.2,7.5,rec,open-meteo,17.1,4.2,13.4,7.3,2.04,10.3,24.0,observed
lima,Août,8,14,18,0,0.0,0.9,7.4,rec,open-meteo,16.6,4.0,13.0,8.1,1.92,9.3,24.0,observed
lima,Septembre,9,14,19,0,0.1,1.2,7.5,rec,open-meteo,16.7,4.2,13.3,9.0,1.99,9.8,25.0,observed
lima,Octobre,10,15,20,2,0.1,1.9,7.7,rec,open-meteo,17.5,4.8,14.0,9.6,1.69,10.7,22.0,observed
lima,Novembre,11,16,21,1,0.0,3.4,8.0,rec,open-meteo,17.9,5.0,14.9,9.6,1.79,10.9,32.0,observed
lima,Décembre,12,18,22,6,0.3,4.2,8.1,rec,open-meteo,18.6,5.5,16.9,9.6,1.57,11.0,37.0,observed
montevideo,Janvier,1,20,26,27,2.1,9.5,8.6,rec,open-meteo,24.7,8.1,17.0,8.8,0.68,6.4,19.0,observed
montevideo,Février,2,20,26,32,3.0,8.3,8.3,rec,open-meteo,25.3,8.0,17.1,7.9,0.82,6.0,21.0,observed
montevideo,Mars,3,18,24,36,2.9,7.1,7.9,rec,open-meteo,23.3,7.2,15.8,6.5,0.63,6.3,20.0,observed
montevideo,Avril,4,16,21,33,3.7,5.4,7.5,rec,open-meteo,19.9,5.8,13.7,4.2,0.81,6.2,17.0,observed
montevideo,Mai,5,12,17,24,2.6,5.2,7.3,rec,open-meteo,14.3,4.1,10.6,3.0,0.78,7.4,18.0,observed
montevideo,Juin,6,9,14,27,2.3,4.2,4.3,mid,open-meteo,13.2,3.8,8.4,2.7,0.68,6.4,21.0,observed
montevideo,Juillet,7,9,13,29,3.2,4.6,4.2,mid,open-meteo,10.1,3.9,7.6,3.4,0.56,7.6,23.0,observed
montevideo,Août,8,9,15,25,2.6,5.3,4.4,mid,open-meteo,11.5,3.8,8.4,3.4,0.94,7.8,22.0,observed
montevideo,Septembre,9,11,16,26,2.2,6.0,4.5,mid,open-meteo,14.8,4.2,9.5,5.8,0.61,6.5,24.0,observed
montevideo,Octobre,10,13,18,32,2.8,7.3,7.4,rec,open-meteo,19.4,5.4,11.1,6.9,0.67,5.6,24.0,observed
montevideo,Novembre,11,16,22,26,2.5,8.3,8.1,rec,open-meteo,22.5,6.8,13.3,8.0,0.82,5.5,24.0,observed
montevideo,Décembre,12,18,25,26,2.2,9.1,8.4,rec,open-meteo,22.9,7.5,15.0,8.6,0.81,6.5,22.0,observed
quito,Janvier,1,8,17,79,11.7,6.4,4.1,mid,open-meteo,,,8.9,9.0,,,24.0,observed
quito,Février,2,9,17,90,15.3,5.0,1.0,avoid,open-meteo,,,9.5,9.2,,,24.0,observed
quito,Mars,3,9,17,93,17.7,3.9,0.9,avoid,open-meteo,,,9.4,9.3,,,27.0,observed
quito,Avril,4,8,17,91,15.2,4.5,1.0,avoid,open-meteo,,,9.2,9.2,,,26.0,observed
quito,Mai,5,8,17,79,9.2,5.3,4.1,mid,open-meteo,,,8.9,8.4,,,20.0,observed
quito,Juin,6,8,17,59,4.9,6.3,4.3,mid,open-meteo,,,7.7,7.6,,,20.0,observed
quito,Juillet,7,7,18,32,2.1,8.0,7.4,rec,open-meteo,,,6.5,8.7,,,18.0,observed
quito,Août,8,7,19,36,2.3,8.3,7.5,rec,open-meteo,,,5.9,9.4,,,22.0,observed
quito,Septembre,9,7,19,46,3.1,6.5,7.3,rec,open-meteo,,,6.5,9.7,,,27.0,observed
quito,Octobre,10,8,18,79,9.0,5.7,4.2,mid,open-meteo,,,8.5,9.6,,,25.0,observed
quito,Novembre,11,9,17,90,13.1,6.6,1.2,avoid,open-meteo,,,9.2,9.2,,,28.0,observed
quito,Décembre,12,9,17,83,12.0,6.9,4.1,mid,open-meteo,,,9.2,8.6,,,26.0,observed
la-paz,Janvier,1,5,15,67,4.2,4.7,1.2,avoid,open-meteo,,,4.2,9.8,,,18.0,observed
la-paz,Février,2,5,15,69,4.7,5.6,4.1,mid,open-meteo,,,4.8,8.1,,,16.0,observed
la-paz,Mars,3,5,14,66,4.1,5.4,1.1,avoid,open-meteo,,,4.4,8.2,,,16.0,observed
la-paz,Avril,4,4,15,38,1.8,6.3,4.3,mid,open-meteo,,,1.6,8.5,,,16.0,observed
la-paz,Mai,5,2,15,18,0.9,7.9,7.3,rec,open-meteo,,,-2.8,7.8,,,17.0,observed
la-paz,Juin,6,0,15,9,0.3,7.9,7.4,rec,open-meteo,,,-6.0,7.3,,,18.0,observed
la-paz,Juillet,7,0,15,7,0.3,7.8,7.5,rec,open-meteo,,,-6.4,7.6,,,18.0,observed
la-paz,Août,8,1,16,11,0.5,8.1,7.5,rec,open-meteo,,,-5.0,8.7,,,19.0,observed
la-paz,Septembre,9,3,17,27,1.3,7.7,7.4,rec,open-meteo,,,-0.8,9.6,,,36.0,observed
la-paz,Octobre,10,4,17,42,1.9,7.0,4.5,mid,open-meteo,,,0.1,10.1,,,26.0,observed
la-paz,Novembre,11,5,18,42,2.1,6.0,4.5,mid,open-meteo,,,1.7,9.5,,,23.0,observed
la-paz,Décembre,12,6,16,60,3.4,5.5,4.2,mid,open-meteo,,,3.8,9.9,,,22.0,observed
asuncion,Janvier,1,24,33,40,4.5,8.9,5.0,mid,open-meteo,,,21.7,9.2,,,24.0,observed
asuncion,Février,2,24,32,36,3.5,8.7,5.3,mid,open-meteo,,,21.0,8.6,,,23.0,observed
asuncion,Mars,3,22,31,37,4.3,8.2,5.4,mid,open-meteo,,,20.2,7.8,,,25.0,observed
asuncion,Avril,4,20,28,32,5.1,7.6,8.4,rec,open-meteo,,,18.7,5.9,,,18.0,observed
asuncion,Mai,5,17,24,34,4.2,6.6,7.9,rec,open-meteo,,,15.6,4.2,,,16.0,observed
asuncion,Juin,6,14,22,24,2.8,5.5,7.8,rec,open-meteo,,,13.9,4.0,,,21.0,observed
asuncion,Juillet,7,15,24,18,1.8,6.3,8.2,rec,open-meteo,,,12.8,4.3,,,24.0,observed
asuncion,Août,8,15,25,19,2.2,7.2,8.4,rec,open-meteo,,,13.1,5.6,,,38.0,observed
asuncion,Septembre,9,17,28,25,2.5,6.8,8.5,rec,open-meteo,,,15.0,7.2,,,57.0,observed
asuncion,Octobre,10,20,29,38,6.7,7.8,8.2,rec,open-meteo,,,17.9,7.9,,,39.0,observed
asuncion,Novembre,11,21,31,36,6.2,9.0,5.5,mid,open-meteo,,,18.8,8.5,,,29.0,observed
asuncion,Décembre,12,23,32,36,5.2,9.5,5.3,mid,open-meteo,,,20.5,8.2,,,27.0,observed
bariloche,Janvier,1,10,24,11,0.9,10.8,9.0,rec,open-meteo,,,6.7,8.9,,,14.0,observed
bariloche,Février,2,11,23,16,1.0,10.0,8.6,rec,open-meteo,,,7.1,7.8,,,15.0,observed
bariloche,Mars,3,9,19,23,1.7,7.8,7.7,rec,open-meteo,,,6.1,6.2,,,15.0,observed
bariloche,Avril,4,6,14,33,3.1,6.1,4.3,mid,open-meteo,,,5.0,3.6,,,17.0,observed
bariloche,Mai,5,4,9,43,3.9,4.2,1.1,avoid,open-meteo,,,3.3,3.0,,,20.0,observed
bariloche,Juin,6,2,6,53,6.2,3.2,0.7,avoid,open-meteo,,,1.3,1.9,,,21.0,observed
bariloche,Juillet,7,1,5,48,5.5,4.0,0.7,avoid,open-meteo,,,0.1,2.9,,,25.0,observed
bariloche,Août,8,1,6,49,4.5,4.7,0.8,avoid,open-meteo,,,0.3,3.8,,,26.0,observed
bariloche,Septembre,9,2,9,35,3.1,6.3,4.1,mid,open-meteo,,,0.7,5.3,,,28.0,observed
bariloche,Octobre,10,4,12,29,2.5,7.7,4.3,mid,open-meteo,,,1.8,7.3,,,26.0,observed
bariloche,Novembre,11,6,17,26,1.9,9.7,7.5,rec,open-meteo,,,4.1,7.7,,,20.0,observed
bariloche,Décembre,12,8,20,16,1.2,9.6,8.1,rec,open-meteo,,,5.4,8.8,,,19.0,observed
san-jose,Janvier,1,16,25,24,1.3,9.2,8.5,rec,open-meteo,,,14.4,8.3,,,19.0,observed
san-jose,Février,2,16,26,18,1.0,9.4,8.8,rec,open-meteo,,,13.7,8.5,,,22.0,observed
san-jose,Mars,3,16,27,25,1.1,9.1,8.7,rec,open-meteo,,,14.1,9.5,,,27.0,observed
san-jose,Avril,4,17,27,54,3.8,8.0,7.9,rec,open-meteo,,,15.7,8.6,,,23.0,observed
san-jose,Mai,5,17,26,86,12.1,5.9,4.5,mid,open-meteo,,,17.7,8.6,,,25.0,observed
san-jose,Juin,6,17,24,94,13.0,4.8,4.3,mid,open-meteo,,,18.0,7.4,,,21.0,observed
san-jose,Juillet,7,17,25,76,9.7,4.9,4.5,mid,open-meteo,,,17.4,8.1,,,17.0,observed
san-jose,Août,8,17,25,85,12.6,5.1,4.4,mid,open-meteo,,,17.5,8.3,,,19.0,observed
san-jose,Septembre,9,16,25,96,14.6,4.9,4.3,mid,open-meteo,,,17.8,7.8,,,19.0,observed
san-jose,Octobre,10,16,24,94,17.7,5.2,4.3,mid,open-meteo,,,17.7,7.9,,,17.0,observed
san-jose,Novembre,11,17,24,81,11.3,5.9,4.5,mid,open-meteo,,,17.2,5.9,,,16.0,observed
san-jose,Décembre,12,16,24,37,2.8,7.9,8.0,rec,open-meteo,,,15.6,7.2,,,19.0,observed
antigua-guatemala,Janvier,1,13,24,8,0.2,8.3,8.7,rec,open-meteo,,,11.7,7.7,,,46.0,calibrated
antigua-guatemala,Février,2,13,26,12,0.4,8.3,8.8,rec,open-meteo,,,11.5,8.7,,,46.0,calibrated
antigua-guatemala,Mars,3,14,27,19,0.7,8.4,8.7,rec,open-meteo,,,12.8,9.5,,,58.0,calibrated
antigua-guatemala,Avril,4,15,27,49,2.1,7.4,7.9,rec,open-meteo,,,14.3,9.4,,,59.0,calibrated
antigua-guatemala,Mai,5,16,25,81,4.9,5.7,4.5,mid,open-meteo,,,16.1,9.3,,,63.0,calibrated
antigua-guatemala,Juin,6,16,24,88,10.1,4.7,4.3,mid,open-meteo,,,16.7,7.1,,,37.0,calibrated
antigua-guatemala,Juillet,7,15,24,68,4.2,6.4,7.3,rec,open-meteo,,,15.4,8.8,,,47.0,calibrated
antigua-guatemala,Août,8,15,24,83,6.4,5.6,4.4,mid,open-meteo,,,15.9,9.2,,,48.0,calibrated
antigua-guatemala,Septembre,9,15,24,92,8.2,4.7,4.3,mid,open-meteo,,,16.5,8.5,,,52.0,calibrated
antigua-guatemala,Octobre,10,15,23,78,6.5,5.4,4.4,mid,open-meteo,,,16.1,8.0,,,42.0,calibrated
antigua-guatemala,Novembre,11,14,23,39,2.1,7.2,7.8,rec,open-meteo,,,14.7,7.0,,,58.0,calibrated
antigua-guatemala,Décembre,12,13,24,13,0.5,8.1,8.6,rec,open-meteo,,,12.8,6.7,,,53.0,calibrated
san-juan,Janvier,1,22,28,47,1.8,7.7,8.0,rec,open-meteo,27.4,7.6,20.1,6.4,1.49,9.3,25.0,observed
san-juan,Février,2,22,28,55,2.2,8.2,7.9,rec,open-meteo,27.2,7.3,19.7,7.2,1.6,9.5,26.0,observed
san-juan,Mars,3,22,28,53,2.0,9.1,8.1,rec,open-meteo,27.2,7.4,19.6,8.5,1.55,9.0,24.0,observed
san-juan,Avril,4,23,29,59,2.9,8.9,7.8,rec,open-meteo,27.5,7.8,20.4,8.6,1.42,9.0,28.0,observed
san-juan,Mai,5,24,30,59,2.6,8.2,5.1,mid,open-meteo,28.8,8.6,21.7,8.6,0.89,8.3,22.0,observed
san-juan,Juin,6,25,31,56,2.0,8.6,5.1,mid,open-meteo,29.7,8.6,22.5,8.7,0.82,6.9,25.0,observed
san-juan,Juillet,7,25,31,67,2.7,9.1,4.9,mid,open-meteo,29.5,8.2,23.0,8.6,1.11,6.3,29.0,observed
san-juan,Août,8,25,31,65,3.2,8.6,4.9,mid,open-meteo,29.8,8.2,23.4,8.7,1.11,6.5,21.0,observed
san-juan,Septembre,9,25,31,74,5.3,7.8,4.7,mid,open-meteo,30.3,8.0,23.7,8.5,1.02,7.8,16.0,observed
san-juan,Octobre,10,24,30,71,4.1,7.3,4.8,mid,open-meteo,30.7,7.7,23.4,7.5,1.35,9.8,22.0,observed
san-juan,Novembre,11,24,29,67,4.4,6.7,4.9,mid,open-meteo,29.6,7.2,22.4,6.3,1.77,9.9,22.0,observed
san-juan,Décembre,12,23,28,57,2.1,7.0,7.8,rec,open-meteo,28.6,7.4,21.1,6.0,1.57,8.8,27.0,observed
nassau,Janvier,1,21,25,34,1.5,7.3,8.0,rec,open-meteo,24.4,7.3,17.0,5.4,0.83,6.1,33.0,observed
nassau,Février,2,22,26,33,1.1,7.9,8.2,rec,open-meteo,23.3,7.4,17.3,6.4,0.85,8.0,38.0,observed
nassau,Mars,3,22,26,27,1.1,8.1,8.4,rec,open-meteo,25.0,7.9,17.2,7.6,0.72,6.8,36.0,observed
nassau,Avril,4,23,27,40,1.7,9.4,8.3,rec,open-meteo,25.3,8.0,18.9,8.4,0.77,6.3,41.0,observed
nassau,Mai,5,24,28,54,3.4,9.1,8.0,rec,open-meteo,28.5,8.5,20.8,8.9,0.53,5.4,31.0,observed
nassau,Juin,6,26,30,66,2.8,8.0,4.9,mid,open-meteo,29.6,8.7,23.1,7.8,0.6,4.9,27.0,observed
nassau,Juillet,7,27,31,58,2.2,8.6,5.1,mid,open-meteo,30.8,8.5,23.3,8.6,0.6,4.7,33.0,observed
nassau,Août,8,27,31,62,2.9,8.4,5.0,mid,open-meteo,30.7,8.4,23.5,8.2,0.68,5.3,22.0,observed
nassau,Septembre,9,27,30,63,3.9,7.4,4.9,mid,open-meteo,30.5,8.6,23.3,7.7,0.54,6.6,20.0,observed
nassau,Octobre,10,25,29,61,4.1,7.6,5.1,mid,open-meteo,28.7,8.2,22.0,6.4,0.93,8.0,32.0,observed
nassau,Novembre,11,24,27,36,1.8,7.3,8.2,rec,open-meteo,26.4,8.0,19.9,5.5,0.87,6.3,35.0,observed
nassau,Décembre,12,23,26,31,1.5,6.8,8.1,rec,open-meteo,24.8,7.6,18.7,4.7,0.85,6.2,37.0,observed
turks-et-caicos,Janvier,1,24,26,26,1.5,6.9,8.3,rec,open-meteo,26.5,7.5,20.3,6.1,1.4,8.0,29.0,calibrated
turks-et-caicos,Février,2,24,26,24,1.0,7.5,8.4,rec,open-meteo,26.0,7.3,20.0,7.1,1.67,8.9,35.0,calibrated
turks-et-caicos,Mars,3,24,26,21,1.0,8.2,8.6,rec,open-meteo,26.7,7.7,20.0,8.1,1.47,8.6,30.0,calibrated
turks-et-caicos,Avril,4,25,26,28,1.3,8.1,8.4,rec,open-meteo,26.8,7.7,21.1,8.7,1.35,8.6,32.0,calibrated
turks-et-caicos,Mai,5,26,27,43,2.6,7.8,5.4,mid,open-meteo,28.0,8.2,22.8,8.4,0.91,7.1,23.0,calibrated
turks-et-caicos,Juin,6,27,28,30,1.8,8.4,5.9,mid,open-meteo,29.4,8.7,24.0,8.1,0.91,5.5,26.0,calibrated
turks-et-caicos,Juillet,7,28,29,31,1.6,8.2,5.7,mid,open-meteo,29.7,8.6,24.1,8.6,1.12,5.3,30.0,calibrated
turks-et-caicos,Août,8,28,29,39,1.8,7.7,5.5,mid,open-meteo,29.9,8.5,24.4,8.8,1.15,5.7,23.0,calibrated
turks-et-caicos,Septembre,9,28,29,48,3.3,7.1,5.3,mid,open-meteo,30.4,8.4,24.3,8.3,1.01,7.8,16.0,calibrated
turks-et-caicos,Octobre,10,27,29,54,3.2,6.5,5.1,mid,open-meteo,30.2,7.8,23.6,7.1,1.43,8.8,24.0,calibrated
turks-et-caicos,Novembre,11,26,28,44,3.2,6.7,5.4,mid,open-meteo,28.2,7.6,22.2,5.5,1.53,8.7,31.0,calibrated
turks-et-caicos,Décembre,12,25,26,30,1.3,6.9,8.2,rec,open-meteo,26.9,7.3,21.4,5.3,1.61,8.2,32.0,calibrated
denver,Janvier,1,-8,5,16,0.7,6.9,4.2,mid,open-meteo,,,-9.9,3.0,,,28.0,observed
denver,Février,2,-9,6,19,0.9,7.5,4.2,mid,open-meteo,,,-9.8,4.2,,,31.0,observed
denver,Mars,3,-4,12,27,1.7,8.2,4.4,mid,open-meteo,,,-6.0,5.7,,,33.0,observed
denver,Avril,4,1,17,27,1.5,9.2,7.5,rec,open-meteo,,,-3.1,6.9,,,36.0,observed
denver,Mai,5,6,21,40,2.8,9.4,7.7,rec,open-meteo,,,3.6,7.8,,,37.0,observed
denver,Juin,6,13,29,22,1.4,10.5,8.9,rec,open-meteo,,,7.1,8.4,,,35.0,observed
denver,Juillet,7,16,32,23,1.0,10.5,8.4,rec,open-meteo,,,9.2,8.4,,,43.0,observed
denver,Août,8,15,31,25,1.2,9.9,8.6,rec,open-meteo,,,8.4,7.7,,,34.0,observed
denver,Septembre,9,11,28,14,0.8,9.1,9.1,rec,open-meteo,,,3.7,6.6,,,30.0,observed
denver,Octobre,10,4,21,15,0.8,8.0,8.1,rec,open-meteo,,,-1.7,5.0,,,23.0,observed
denver,Novembre,11,-2,12,14,0.6,6.5,4.4,mid,open-meteo,,,-6.4,3.4,,,28.0,observed
denver,Décembre,12,-5,8,12,0.5,6.3,4.3,mid,open-meteo,,,-9.9,2.8,,,27.0,observed
nashville,Janvier,1,-1,9,36,4.0,4.5,4.1,mid,open-meteo,,,-1.1,2.6,,,24.0,observed
nashville,Février,2,2,13,46,5.8,5.1,4.1,mid,open-meteo,,,1.4,3.8,,,27.0,observed
nashville,Mars,3,5,17,41,4.5,6.2,4.5,mid,open-meteo,,,5.1,4.9,,,30.0,observed
nashville,Avril,4,10,21,39,4.6,7.7,7.6,rec,open-meteo,,,8.9,6.1,,,33.0,observed
nashville,Mai,5,16,26,45,4.7,8.4,8.0,rec,open-meteo,,,14.9,7.1,,,32.0,observed
nashville,Juin,6,20,30,47,5.4,9.3,5.4,mid,open-meteo,,,18.6,7.4,,,39.0,observed
nashville,Juillet,7,22,32,55,5.8,9.0,5.0,mid,open-meteo,,,21.5,7.3,,,40.0,observed
nashville,Août,8,22,31,47,6.1,8.5,5.3,mid,open-meteo,,,20.4,7.2,,,40.0,observed
nashville,Septembre,9,19,29,32,5.2,7.5,8.3,rec,open-meteo,,,17.0,5.4,,,30.0,observed
nashville,Octobre,10,12,23,26,3.4,7.0,8.0,rec,open-meteo,,,11.0,5.0,,,30.0,observed
nashville,Novembre,11,5,16,31,3.5,4.9,4.4,mid,open-meteo,,,4.9,3.2,,,24.0,observed
nashville,Décembre,12,2,11,35,4.2,4.2,4.1,mid,open-meteo,,,2.6,2.6,,,23.0,observed
savannah,Janvier,1,5,15,28,2.4,6.0,4.4,mid,open-meteo,12.0,4.0,5.8,3.8,0.55,7.6,25.0,calibrated
savannah,Février,2,9,20,31,2.6,6.4,7.5,rec,open-meteo,13.0,4.7,8.6,4.6,0.56,7.4,29.0,calibrated
savannah,Mars,3,11,22,28,2.7,7.2,7.9,rec,open-meteo,16.7,5.7,10.4,6.0,0.57,7.6,33.0,calibrated
savannah,Avril,4,15,25,25,2.9,8.1,8.3,rec,open-meteo,20.8,7.2,13.1,7.3,0.49,7.4,37.0,calibrated
savannah,Mai,5,20,28,41,3.4,7.8,8.2,rec,open-meteo,25.8,8.5,17.2,7.5,0.44,6.0,34.0,calibrated
savannah,Juin,6,22,30,56,5.1,6.9,5.0,mid,open-meteo,28.3,8.8,21.4,8.2,0.55,5.6,38.0,calibrated
savannah,Juillet,7,24,32,60,5.0,6.9,4.7,mid,open-meteo,30.6,8.4,23.2,8.1,0.44,6.6,38.0,calibrated
savannah,Août,8,24,31,72,6.5,6.0,4.6,mid,open-meteo,29.1,8.3,23.4,7.2,0.62,7.0,35.0,calibrated
savannah,Septembre,9,22,29,44,5.0,6.8,7.9,rec,open-meteo,27.0,8.5,20.9,6.2,0.74,6.9,32.0,calibrated
savannah,Octobre,10,17,26,25,3.2,7.0,8.3,rec,open-meteo,23.4,7.6,16.1,5.6,0.6,6.9,35.0,calibrated
savannah,Novembre,11,10,21,26,2.5,6.4,7.7,rec,open-meteo,21.3,6.2,11.0,4.1,0.54,7.4,28.0,calibrated
savannah,Décembre,12,8,17,27,3.4,5.9,7.3,rec,open-meteo,14.5,4.2,8.8,3.4,0.58,7.0,28.0,calibrated
auckland,Janvier,1,18,23,39,3.0,7.8,7.8,rec,open-meteo,24.0,7.3,15.4,8.3,0.39,5.9,15.0,observed
auckland,Février,2,18,23,40,3.8,7.2,7.8,rec,open-meteo,23.1,7.1,15.8,7.7,0.35,5.5,16.0,observed
auckland,Mars,3,17,22,35,2.8,6.5,7.7,rec,open-meteo,20.6,6.3,14.7,6.2,0.36,6.0,16.0,observed
auckland,Avril,4,15,20,41,3.7,5.6,7.3,rec,open-meteo,18.7,5.4,13.3,4.7,0.42,7.0,16.0,observed
auckland,Mai,5,13,18,42,3.0,4.8,4.4,mid,open-meteo,15.8,4.4,11.4,3.5,0.4,6.3,18.0,observed
auckland,Juin,6,11,16,42,3.6,4.2,4.3,mid,open-meteo,14.7,3.8,10.0,2.6,0.49,5.3,19.0,observed
auckland,Juillet,7,10,15,45,4.4,4.3,4.2,mid,open-meteo,13.1,3.7,8.9,2.7,0.41,6.4,20.0,observed
auckland,Août,8,10,14,48,3.7,5.0,4.1,mid,open-meteo,13.3,3.8,8.8,3.9,0.45,5.7,22.0,observed
auckland,Septembre,9,11,16,51,3.6,5.3,4.2,mid,open-meteo,15.1,4.0,9.5,5.5,0.43,5.8,25.0,observed
auckland,Octobre,10,12,17,46,3.5,5.8,4.4,mid,open-meteo,16.6,4.5,10.8,6.9,0.5,6.1,23.0,observed
auckland,Novembre,11,14,19,49,3.8,6.8,4.6,mid,open-meteo,19.0,5.4,12.4,7.4,0.37,6.1,19.0,observed
auckland,Décembre,12,16,22,45,3.1,6.5,7.5,rec,open-meteo,21.8,6.6,14.2,8.3,0.37,5.9,19.0,observed
queenstown,Janvier,1,12,21,38,3.5,7.6,7.6,rec,open-meteo,,,10.4,7.2,,,12.0,observed
queenstown,Février,2,12,21,36,4.0,7.4,7.7,rec,open-meteo,,,10.4,6.8,,,12.0,observed
queenstown,Mars,3,11,19,34,3.2,5.8,7.4,rec,open-meteo,,,9.6,5.5,,,14.0,observed
queenstown,Avril,4,8,15,41,3.6,4.5,4.2,mid,open-meteo,,,7.4,3.2,,,16.0,observed
queenstown,Mai,5,5,12,43,4.1,2.7,1.2,avoid,open-meteo,,,5.6,2.4,,,19.0,observed
queenstown,Juin,6,3,7,37,3.2,2.3,0.9,avoid,open-meteo,,,3.3,1.6,,,20.0,observed
queenstown,Juillet,7,2,7,43,4.0,2.7,0.8,avoid,open-meteo,,,2.3,2.1,,,22.0,observed
queenstown,Août,8,2,8,41,3.0,3.9,1.0,avoid,open-meteo,,,2.7,2.7,,,24.0,observed
queenstown,Septembre,9,3,11,48,6.7,5.0,1.2,avoid,open-meteo,,,3.6,3.9,,,26.0,observed
queenstown,Octobre,10,5,14,51,5.1,6.4,4.2,mid,open-meteo,,,5.0,5.6,,,21.0,observed
queenstown,Novembre,11,8,17,47,4.0,7.3,4.4,mid,open-meteo,,,7.1,6.8,,,18.0,observed
queenstown,Décembre,12,11,19,49,4.5,6.9,4.6,mid,open-meteo,,,9.0,7.0,,,17.0,observed
rotorua,Janvier,1,14,23,39,3.5,7.8,7.8,rec,open-meteo,,,13.9,7.9,,,13.0,observed
rotorua,Février,2,15,23,41,4.2,7.3,7.7,rec,open-meteo,,,14.1,7.7,,,13.0,observed
rotorua,Mars,3,13,21,33,3.3,6.4,7.6,rec,open-meteo,,,12.6,6.1,,,13.0,observed
rotorua,Avril,4,10,18,36,3.8,5.7,4.6,mid,open-meteo,,,11.0,4.2,,,14.0,observed
rotorua,Mai,5,8,15,31,4.0,4.7,4.3,mid,open-meteo,,,9.0,3.1,,,16.0,observed
rotorua,Juin,6,7,13,39,4.5,4.0,4.1,mid,open-meteo,,,7.6,2.3,,,18.0,observed
rotorua,Juillet,7,5,12,43,5.1,4.2,4.1,mid,open-meteo,,,6.3,2.6,,,18.0,observed
rotorua,Août,8,5,12,40,3.3,4.9,4.1,mid,open-meteo,,,6.3,3.5,,,20.0,observed
rotorua,Septembre,9,7,14,46,4.4,5.2,4.2,mid,open-meteo,,,7.3,5.4,,,22.0,observed
rotorua,Octobre,10,9,16,46,3.8,6.2,4.3,mid,open-meteo,,,8.8,6.6,,,21.0,observed
rotorua,Novembre,11,11,19,48,4.3,6.7,4.6,mid,open-meteo,,,10.7,7.3,,,18.0,observed
rotorua,Décembre,12,13,21,45,4.1,7.0,7.5,rec,open-meteo,,,12.6,7.8,,,16.0,observed
darwin,Janvier,1,26,30,86,14.8,5.7,4.5,mid,open-meteo,30.5,8.0,24.5,7.4,0.36,4.7,20.0,observed
darwin,Février,2,26,30,78,12.7,5.7,4.6,mid,open-meteo,30.6,8.2,24.6,9.1,0.27,3.9,18.0,observed
darwin,Mars,3,26,30,79,8.1,6.9,4.7,mid,open-meteo,31.0,8.1,24.6,7.8,0.19,4.4,15.0,observed
darwin,Avril,4,26,31,43,3.3,8.8,5.4,mid,open-meteo,30.5,8.7,22.4,8.2,0.16,3.0,15.0,observed
darwin,Mai,5,24,31,11,0.6,9.7,6.2,mid,open-meteo,29.0,9.2,18.2,7.3,0.2,3.0,17.0,observed
darwin,Juin,6,22,30,5,0.2,10.1,6.5,mid,open-meteo,26.7,9.3,16.2,6.7,0.16,3.7,25.0,observed
darwin,Juillet,7,21,30,3,0.2,10.3,9.4,rec,open-meteo,26.2,9.3,15.2,7.0,0.19,2.7,22.0,observed
darwin,Août,8,22,30,3,0.1,10.5,6.6,mid,open-meteo,27.8,9.4,16.9,7.9,0.19,3.8,23.0,observed
darwin,Septembre,9,24,31,25,1.1,9.9,5.9,mid,open-meteo,29.6,9.1,20.3,8.8,0.22,3.3,21.0,observed
darwin,Octobre,10,26,32,43,2.3,9.5,5.2,mid,open-meteo,31.5,8.4,22.6,9.2,0.16,4.0,22.0,observed
darwin,Novembre,11,26,32,59,5.9,8.5,4.8,mid,open-meteo,32.0,8.0,23.8,9.3,0.12,5.8,19.0,observed
darwin,Décembre,12,26,32,71,9.7,6.4,4.5,mid,open-meteo,32.1,7.7,24.6,8.6,0.14,4.6,17.0,observed
hobart,Janvier,1,13,22,26,1.7,8.3,8.1,rec,open-meteo,19.9,6.5,10.9,7.6,0.43,7.6,12.0,observed
hobart,Février,2,12,21,28,1.4,8.0,7.9,rec,open-meteo,19.4,6.1,10.2,7.2,0.43,8.6,14.0,observed
hobart,Mars,3,11,20,25,1.6,6.8,7.7,rec,open-meteo,18.5,5.6,9.9,5.8,0.45,8.2,14.0,observed
hobart,Avril,4,9,17,26,1.4,5.9,7.3,rec,open-meteo,16.4,4.6,8.3,3.5,0.46,9.2,15.0,observed
hobart,Mai,5,7,15,26,1.7,4.8,4.4,mid,open-meteo,13.6,3.9,6.5,2.4,0.42,8.9,16.0,observed
hobart,Juin,6,5,12,27,2.0,4.4,4.2,mid,open-meteo,11.4,3.8,5.5,1.7,0.43,8.1,17.0,observed
hobart,Juillet,7,4,12,30,1.4,4.9,4.2,mid,open-meteo,9.8,3.8,4.5,2.0,0.45,8.1,19.0,observed
hobart,Août,8,5,13,33,1.8,5.8,4.3,mid,open-meteo,10.3,3.9,4.7,3.0,0.37,8.6,22.0,observed
hobart,Septembre,9,6,14,33,1.7,6.5,4.3,mid,open-meteo,10.9,4.0,5.4,4.2,0.48,8.6,25.0,observed
hobart,Octobre,10,8,16,37,2.7,7.5,4.5,mid,open-meteo,13.2,4.0,6.7,6.2,0.41,7.5,21.0,observed
hobart,Novembre,11,9,18,41,2.5,7.8,7.3,rec,open-meteo,16.2,4.8,8.2,6.8,0.38,8.0,18.0,observed
hobart,Décembre,12,11,20,35,2.3,8.0,7.6,rec,open-meteo,18.6,5.7,9.4,8.0,0.37,7.3,17.0,observed
adelaide,Janvier,1,16,28,14,1.0,10.5,9.3,rec,open-meteo,22.9,8.4,11.6,8.6,0.58,10.1,18.0,observed
adelaide,Février,2,16,26,10,0.9,10.1,9.1,rec,open-meteo,23.2,8.0,11.2,8.5,0.65,9.9,16.0,observed
adelaide,Mars,3,15,25,13,0.6,8.6,8.7,rec,open-meteo,23.3,7.8,11.1,7.0,0.55,11.3,16.0,observed
adelaide,Avril,4,13,21,22,1.4,7.3,7.9,rec,open-meteo,19.0,5.9,9.3,5.2,0.62,9.7,14.0,observed
adelaide,Mai,5,11,17,34,2.2,5.4,4.5,mid,open-meteo,16.3,4.5,8.4,3.7,0.47,11.4,15.0,observed
adelaide,Juin,6,9,14,43,3.2,4.5,4.2,mid,open-meteo,14.0,3.6,7.3,2.6,0.65,10.6,15.0,observed
adelaide,Juillet,7,8,14,44,3.0,4.7,4.2,mid,open-meteo,12.5,3.5,6.9,3.1,0.93,10.6,18.0,observed
adelaide,Août,8,9,14,44,3.0,6.1,4.2,mid,open-meteo,13.5,3.5,7.0,4.4,0.98,11.1,19.0,observed
adelaide,Septembre,9,10,16,39,2.1,6.8,4.4,mid,open-meteo,15.1,3.9,7.3,5.6,0.96,10.2,21.0,observed
adelaide,Octobre,10,11,19,30,1.8,8.3,7.6,rec,open-meteo,18.0,5.3,8.2,7.3,0.7,10.7,20.0,observed
adelaide,Novembre,11,13,21,27,1.7,9.1,8.0,rec,open-meteo,20.5,6.3,9.1,7.7,0.73,9.8,22.0,observed
adelaide,Décembre,12,14,25,15,0.9,9.5,8.8,rec,open-meteo,22.9,7.7,9.9,9.0,0.77,10.1,21.0,observed
samoa,Janvier,1,25,29,94,13.6,5.7,4.4,mid,open-meteo,30.3,7.0,25.0,9.2,1.71,11.1,10.0,calibrated
samoa,Février,2,25,29,95,17.1,4.9,4.4,mid,open-meteo,30.3,6.7,25.0,7.7,1.78,11.0,10.0,calibrated
samoa,Mars,3,25,30,93,7.2,5.4,4.4,mid,open-meteo,30.8,7.2,24.9,9.2,1.49,10.1,10.0,calibrated
samoa,Avril,4,25,29,92,8.8,5.3,4.4,mid,open-meteo,30.6,7.2,24.9,7.7,1.41,8.4,12.0,calibrated
samoa,Mai,5,25,29,86,7.4,5.5,4.5,mid,open-meteo,30.3,7.2,24.7,6.7,1.53,7.1,14.0,calibrated
samoa,Juin,6,25,28,76,5.2,5.9,4.7,mid,open-meteo,29.5,7.2,23.9,6.1,1.61,6.6,20.0,calibrated
samoa,Juillet,7,24,28,75,5.3,5.9,4.8,mid,open-meteo,28.6,6.9,23.4,6.2,1.76,7.2,22.0,calibrated
samoa,Août,8,24,28,73,4.3,6.0,4.8,mid,open-meteo,27.9,6.9,23.1,6.9,1.74,6.9,23.0,calibrated
samoa,Septembre,9,24,28,82,4.4,5.8,4.7,mid,open-meteo,28.3,7.2,23.5,8.4,1.41,6.8,15.0,calibrated
samoa,Octobre,10,24,29,88,7.5,5.8,4.5,mid,open-meteo,28.5,7.2,23.9,8.3,1.59,7.2,18.0,calibrated
samoa,Novembre,11,25,29,91,9.2,5.8,4.5,mid,open-meteo,28.8,7.3,24.4,8.8,1.5,7.7,14.0,calibrated
samoa,Décembre,12,25,29,94,11.1,5.6,4.4,mid,open-meteo,29.5,7.2,24.6,8.7,1.55,8.4,14.0,calibrated
vanuatu,Janvier,1,24,29,74,7.9,6.4,7.4,rec,open-meteo,29.6,7.9,21.6,8.7,1.23,7.9,12.0,calibrated
vanuatu,Février,2,24,29,85,9.6,5.9,4.6,mid,open-meteo,29.6,7.0,22.9,9.0,1.83,8.1,16.0,calibrated
vanuatu,Mars,3,24,29,81,10.5,5.9,4.6,mid,open-meteo,29.3,7.2,22.1,7.7,1.69,8.3,13.0,calibrated
vanuatu,Avril,4,24,28,70,8.6,6.0,7.5,rec,open-meteo,28.8,7.1,20.8,7.2,1.72,8.9,17.0,calibrated
vanuatu,Mai,5,23,26,45,4.4,6.8,7.8,rec,open-meteo,27.8,6.7,18.6,5.5,2.03,8.5,22.0,calibrated
vanuatu,Juin,6,22,26,39,2.3,6.7,8.0,rec,open-meteo,27.2,7.2,16.9,5.4,1.54,8.8,24.0,calibrated
vanuatu,Juillet,7,22,25,37,1.9,6.8,7.9,rec,open-meteo,26.9,6.6,15.9,5.4,1.97,8.4,25.0,calibrated
vanuatu,Août,8,21,25,39,2.4,7.0,7.9,rec,open-meteo,26.1,6.6,15.2,6.6,1.88,8.4,27.0,calibrated
vanuatu,Septembre,9,22,26,42,2.7,7.2,7.9,rec,open-meteo,26.3,6.9,15.8,7.9,1.81,8.0,25.0,calibrated
vanuatu,Octobre,10,22,27,55,5.5,7.0,7.7,rec,open-meteo,26.6,7.2,17.5,7.9,1.59,7.5,22.0,calibrated
vanuatu,Novembre,11,23,28,62,4.9,7.2,7.7,rec,open-meteo,27.6,7.4,18.7,8.8,1.61,7.0,17.0,calibrated
vanuatu,Décembre,12,24,28,66,6.0,7.1,7.6,rec,open-meteo,29.3,7.9,20.7,8.4,1.2,7.4,15.0,calibrated
tonga,Janvier,1,25,28,75,8.1,6.3,4.8,mid,open-meteo,27.7,7.0,22.7,8.4,1.73,8.7,15.0,calibrated
tonga,Février,2,25,28,86,11.1,5.8,4.6,mid,open-meteo,28.4,6.5,23.0,9.2,2.24,9.8,17.0,calibrated
tonga,Mars,3,25,28,72,9.7,5.9,4.8,mid,open-meteo,28.2,6.7,22.4,6.5,2.03,11.1,13.0,calibrated
tonga,Avril,4,24,27,53,5.6,6.5,7.7,rec,open-meteo,27.5,6.7,20.9,7.0,2.14,11.2,16.0,calibrated
tonga,Mai,5,23,25,46,5.1,6.6,7.7,rec,open-meteo,26.8,6.3,19.5,5.3,2.42,11.1,19.0,calibrated
tonga,Juin,6,22,25,36,3.1,6.7,7.9,rec,open-meteo,25.7,6.3,18.3,5.1,2.27,10.3,23.0,calibrated
tonga,Juillet,7,21,24,34,2.9,6.8,7.9,rec,open-meteo,24.4,5.8,17.1,5.4,2.49,10.2,24.0,calibrated
tonga,Août,8,21,23,39,3.6,6.8,7.7,rec,open-meteo,24.0,5.6,16.7,6.1,2.3,9.7,27.0,calibrated
tonga,Septembre,9,21,24,42,2.7,7.0,7.8,rec,open-meteo,24.2,5.8,17.4,7.3,2.15,10.5,25.0,calibrated
tonga,Octobre,10,22,25,51,4.7,7.0,7.7,rec,open-meteo,24.8,6.1,18.4,7.7,2.14,9.4,25.0,calibrated
tonga,Novembre,11,23,26,59,4.6,7.3,7.6,rec,open-meteo,25.9,6.6,20.0,8.7,1.91,9.3,19.0,calibrated
tonga,Décembre,12,24,27,65,6.4,7.2,7.6,rec,open-meteo,27.3,6.8,21.2,9.0,1.91,8.5,14.0,calibrated
teheran,Janvier,1,0,9,21,1.3,5.1,4.2,mid,open-meteo,,,-7.4,3.3,,,81.0,observed
teheran,Février,2,2,11,26,1.5,6.1,4.3,mid,open-meteo,,,-6.7,4.3,,,77.0,observed
teheran,Mars,3,6,17,27,1.7,6.4,7.3,rec,open-meteo,,,-4.5,5.8,,,74.0,observed
teheran,Avril,4,12,24,22,1.3,7.1,8.2,rec,open-meteo,,,-1.8,7.3,,,65.0,observed
teheran,Mai,5,17,30,13,0.5,9.0,8.9,rec,open-meteo,,,-0.8,7.9,,,64.0,observed
teheran,Juin,6,23,36,2,0.0,11.4,5.2,mid,open-meteo,,,-2.9,8.4,,,61.0,observed
teheran,Juillet,7,26,38,2,0.0,11.1,3.6,avoid,open-meteo,,,0.1,8.5,,,62.0,observed
teheran,Août,8,25,36,0,0.0,11.2,5.2,mid,open-meteo,,,-0.9,8.1,,,65.0,observed
teheran,Septembre,9,21,32,1,0.1,10.3,9.0,rec,open-meteo,,,-2.4,6.8,,,63.0,observed
teheran,Octobre,10,14,25,9,0.5,8.3,8.8,rec,open-meteo,,,-2.1,5.4,,,74.0,observed
teheran,Novembre,11,7,17,19,1.1,6.0,7.4,rec,open-meteo,,,-1.6,3.8,,,84.0,observed
teheran,Décembre,12,2,11,18,1.2,4.7,4.3,mid,open-meteo,,,-4.5,3.3,,,93.0,observed
ispahan,Janvier,1,-3,10,11,0.5,6.8,4.4,mid,open-meteo,,,-7.4,3.8,,,54.0,observed
ispahan,Février,2,-1,14,15,0.7,8.1,7.3,rec,open-meteo,,,-6.7,4.6,,,43.0,observed
ispahan,Mars,3,4,19,16,0.7,8.2,7.8,rec,open-meteo,,,-4.5,6.0,,,55.0,observed
ispahan,Avril,4,10,24,18,0.5,8.7,8.5,rec,open-meteo,,,-1.8,7.0,,,50.0,observed
ispahan,Mai,5,15,30,7,0.3,10.2,9.2,rec,open-meteo,,,-0.8,7.7,,,58.0,observed
ispahan,Juin,6,20,36,1,0.0,11.9,5.3,mid,open-meteo,,,-2.9,8.1,,,59.0,observed
ispahan,Juillet,7,23,38,0,0.0,11.5,3.8,avoid,open-meteo,,,0.1,8.1,,,71.0,observed
ispahan,Août,8,21,36,0,0.0,11.5,5.3,mid,open-meteo,,,-0.9,7.8,,,68.0,observed
ispahan,Septembre,9,17,33,0,0.0,10.7,8.7,rec,open-meteo,,,-2.4,6.9,,,59.0,observed
ispahan,Octobre,10,10,26,3,0.1,9.2,9.2,rec,open-meteo,,,-2.1,5.5,,,56.0,observed
ispahan,Novembre,11,4,16,12,0.7,7.2,7.5,rec,open-meteo,,,-1.6,4.2,,,63.0,observed
ispahan,Décembre,12,-1,11,11,0.6,6.4,4.4,mid,open-meteo,,,-4.5,3.6,,,72.0,observed
hue,Janvier,1,18,24,53,5.1,3.4,7.3,rec,open-meteo,23.8,5.7,18.7,5.3,,,33.0,observed
hue,Février,2,19,25,45,3.8,3.9,7.5,rec,open-meteo,23.7,6.2,19.3,6.7,,,41.0,observed
hue,Mars,3,22,28,32,2.2,4.5,8.0,rec,open-meteo,24.7,7.6,21.9,7.1,,,52.0,observed
hue,Avril,4,24,31,26,3.2,5.9,5.4,mid,open-meteo,26.5,8.5,23.5,9.0,,,63.0,observed
hue,Mai,5,25,33,56,5.0,7.4,4.6,mid,open-meteo,28.6,7.8,24.7,8.1,,,47.0,observed
hue,Juin,6,26,35,52,5.1,7.8,4.4,mid,open-meteo,31.4,7.3,24.2,8.0,,,50.0,observed
hue,Juillet,7,26,33,57,5.6,7.6,4.6,mid,open-meteo,30.2,7.7,24.1,7.5,,,39.0,observed
hue,Août,8,26,34,59,5.6,6.8,4.4,mid,open-meteo,31.7,7.3,24.0,8.5,,,47.0,observed
hue,Septembre,9,25,31,79,10.8,5.6,4.5,mid,open-meteo,30.8,7.5,24.4,7.0,,,37.0,observed
hue,Octobre,10,23,28,82,20.2,4.2,4.6,mid,open-meteo,29.0,7.0,23.0,6.0,,,37.0,observed
hue,Novembre,11,22,27,78,15.3,3.4,4.5,mid,open-meteo,26.9,6.6,21.9,5.3,,,42.0,observed
hue,Décembre,12,20,24,75,12.3,2.5,4.4,mid,open-meteo,25.0,4.8,19.4,2.9,,,48.0,observed
ronda,Janvier,1,6,14,28,2.2,5.8,4.3,mid,open-meteo,14.9,2.6,5.3,3.1,,,28.0,calibrated
ronda,Février,2,7,15,22,1.9,6.6,4.5,mid,open-meteo,15.2,2.9,5.9,4.0,,,29.0,calibrated
ronda,Mars,3,8,15,40,4.7,6.4,4.3,mid,open-meteo,15.8,2.6,6.8,4.6,,,35.0,calibrated
ronda,Avril,4,10,18,31,2.1,7.6,7.4,rec,open-meteo,17.8,3.4,8.3,7.1,,,34.0,calibrated
ronda,Mai,5,13,23,20,1.4,8.7,8.3,rec,open-meteo,18.6,5.2,9.7,7.7,,,31.0,calibrated
ronda,Juin,6,17,28,7,0.4,9.8,9.4,rec,open-meteo,20.8,7.4,11.1,7.8,,,30.0,calibrated
ronda,Juillet,7,21,33,1,0.0,9.8,8.6,rec,open-meteo,22.4,7.8,12.0,8.3,,,33.0,calibrated
ronda,Août,8,21,33,4,0.2,9.3,8.4,rec,open-meteo,26.4,8.7,13.1,7.8,,,33.0,calibrated
ronda,Septembre,9,17,27,13,0.7,8.1,8.9,rec,open-meteo,24.7,7.8,13.0,6.5,,,29.0,calibrated
ronda,Octobre,10,15,23,25,2.2,6.6,8.0,rec,open-meteo,19.8,5.0,11.5,4.5,,,24.0,calibrated
ronda,Novembre,11,10,17,29,2.7,6.1,7.3,rec,open-meteo,19.4,3.5,9.0,3.5,,,28.0,calibrated
ronda,Décembre,12,8,14,25,2.5,5.8,4.4,mid,open-meteo,16.9,2.9,7.2,3.0,,,29.0,calibrated
maputo,Janvier,1,23,30,48,3.8,7.2,5.2,mid,open-meteo,27.9,8.8,20.8,9.0,0.71,5.6,18.0,observed
maputo,Février,2,23,30,54,4.8,7.4,5.1,mid,open-meteo,29.0,8.6,21.4,8.5,0.79,5.6,18.0,observed
maputo,Mars,3,22,29,40,2.7,7.3,8.1,rec,open-meteo,28.0,8.6,20.7,7.3,0.79,5.6,18.0,observed
maputo,Avril,4,20,28,30,2.1,7.6,8.4,rec,open-meteo,26.0,8.5,18.8,5.9,0.62,5.4,20.0,observed
maputo,Mai,5,18,26,14,1.0,8.2,8.7,rec,open-meteo,24.7,8.1,16.6,5.2,0.52,5.2,21.0,observed
maputo,Juin,6,15,25,8,0.6,8.2,8.8,rec,open-meteo,21.7,7.3,13.8,4.6,0.58,5.3,22.0,observed
maputo,Juillet,7,15,25,7,0.3,8.3,8.8,rec,open-meteo,20.4,7.1,12.8,4.8,0.53,4.8,32.0,observed
maputo,Août,8,16,26,9,0.5,8.1,8.9,rec,open-meteo,21.6,7.4,14.0,5.4,0.73,5.0,26.0,observed
maputo,Septembre,9,18,27,19,1.1,7.6,8.6,rec,open-meteo,22.2,7.5,15.7,6.6,0.86,5.5,26.0,observed
maputo,Octobre,10,19,27,24,1.9,6.8,8.4,rec,open-meteo,23.8,7.9,17.1,7.8,0.77,5.5,25.0,observed
maputo,Novembre,11,21,28,32,2.4,6.6,8.3,rec,open-meteo,26.6,8.5,18.6,8.0,0.76,5.3,23.0,observed
maputo,Décembre,12,22,30,43,3.8,7.1,5.3,mid,open-meteo,28.9,8.9,20.6,8.9,0.72,5.1,22.0,observed
windhoek,Janvier,1,18,31,28,2.8,9.3,8.4,rec,open-meteo,,,8.3,9.5,,,27.0,observed
windhoek,Février,2,18,30,33,2.3,9.0,8.3,rec,open-meteo,,,9.1,9.2,,,23.0,observed
windhoek,Mars,3,16,28,25,1.6,9.1,8.8,rec,open-meteo,,,8.7,8.7,,,22.0,observed
windhoek,Avril,4,14,26,10,0.5,9.1,9.0,rec,open-meteo,,,5.7,7.6,,,22.0,observed
windhoek,Mai,5,11,24,1,0.0,10.0,9.2,rec,open-meteo,,,-0.1,6.4,,,25.0,observed
windhoek,Juin,6,8,22,0,0.0,10.3,9.0,rec,open-meteo,,,-4.0,5.7,,,23.0,observed
windhoek,Juillet,7,8,22,0,0.0,10.5,9.0,rec,open-meteo,,,-6.2,6.0,,,31.0,observed
windhoek,Août,8,10,25,0,0.0,11.0,9.5,rec,open-meteo,,,-7.4,7.1,,,31.0,observed
windhoek,Septembre,9,13,29,2,0.0,10.7,9.6,rec,open-meteo,,,-6.4,8.5,,,34.0,observed
windhoek,Octobre,10,16,31,6,0.3,10.3,9.2,rec,open-meteo,,,-3.6,9.6,,,34.0,observed
windhoek,Novembre,11,17,32,10,0.5,9.9,8.7,rec,open-meteo,,,0.1,10.0,,,30.0,observed
windhoek,Décembre,12,18,32,25,1.5,9.2,8.2,rec,open-meteo,,,4.8,10.1,,,29.0,observed
charleston,Janvier,1,6,14,32,2.6,5.9,4.3,mid,open-meteo,11.3,3.8,5.6,3.6,0.8,7.6,24.0,calibrated
charleston,Février,2,9,18,29,2.7,6.5,7.4,rec,open-meteo,12.6,4.3,8.2,4.5,0.81,7.6,29.0,calibrated
charleston,Mars,3,12,20,28,2.4,7.1,7.6,rec,open-meteo,16.3,5.1,10.1,6.1,0.88,7.7,36.0,calibrated
charleston,Avril,4,16,24,24,3.3,8.2,8.3,rec,open-meteo,20.3,6.8,12.9,7.2,0.72,7.5,37.0,calibrated
charleston,Mai,5,20,27,38,3.2,8.0,8.2,rec,open-meteo,25.4,8.3,17.4,7.8,0.6,5.8,34.0,calibrated
charleston,Juin,6,23,29,54,4.2,7.3,7.8,rec,open-meteo,28.2,8.6,21.5,8.4,0.72,5.8,39.0,calibrated
charleston,Juillet,7,25,31,57,4.1,7.1,5.0,mid,open-meteo,30.4,8.6,23.5,8.0,0.69,6.6,40.0,calibrated
charleston,Août,8,24,30,64,5.9,6.4,4.9,mid,open-meteo,28.9,8.5,23.4,7.0,0.83,6.9,35.0,calibrated
charleston,Septembre,9,22,28,45,4.8,6.9,8.0,rec,open-meteo,26.7,8.2,20.8,6.1,0.93,7.0,31.0,calibrated
charleston,Octobre,10,17,25,24,2.8,6.9,8.2,rec,open-meteo,23.1,7.3,15.9,5.5,0.8,8.1,32.0,calibrated
charleston,Novembre,11,11,20,25,2.5,6.5,7.6,rec,open-meteo,20.7,5.8,10.8,4.1,0.78,7.3,28.0,calibrated
charleston,Décembre,12,8,17,30,3.7,5.8,4.6,mid,open-meteo,13.6,3.9,8.4,3.2,0.87,7.2,28.0,calibrated
bichkek,Janvier,1,-5,2,23,1.0,4.4,4.1,mid,open-meteo,,,-9.8,2.5,,,33.0,observed
bichkek,Février,2,-4,5,28,1.5,4.5,1.1,avoid,open-meteo,,,-7.8,3.5,,,40.0,observed
bichkek,Mars,3,2,12,40,2.9,4.9,4.1,mid,open-meteo,,,-0.9,4.9,,,44.0,observed
bichkek,Avril,4,8,18,41,3.6,6.5,4.6,mid,open-meteo,,,4.5,5.7,,,34.0,observed
bichkek,Mai,5,12,23,35,2.9,8.4,8.0,rec,open-meteo,,,8.0,6.7,,,32.0,observed
bichkek,Juin,6,16,28,23,1.2,10.2,9.0,rec,open-meteo,,,8.8,7.7,,,36.0,observed
bichkek,Juillet,7,20,32,15,0.6,10.7,8.6,rec,open-meteo,,,9.4,7.7,,,35.0,observed
bichkek,Août,8,18,29,15,0.8,10.2,9.1,rec,open-meteo,,,8.1,7.2,,,35.0,observed
bichkek,Septembre,9,13,24,15,1.1,8.8,8.6,rec,open-meteo,,,4.6,5.7,,,29.0,observed
bichkek,Octobre,10,6,16,26,1.9,6.3,4.6,mid,open-meteo,,,1.0,3.7,,,28.0,observed
bichkek,Novembre,11,0,9,28,2.0,4.8,4.1,mid,open-meteo,,,-4.5,2.7,,,34.0,observed
bichkek,Décembre,12,-4,3,25,1.3,3.7,1.1,avoid,open-meteo,,,-8.9,2.4,,,47.0,observed
agra,Janvier,1,8,20,12,0.9,7.2,8.0,rec,open-meteo,,,9.4,4.1,,,133.0,calibrated
agra,Février,2,12,25,6,0.4,7.6,8.8,rec,open-meteo,,,10.8,5.2,,,92.0,calibrated
agra,Mars,3,17,31,9,0.4,8.3,8.8,rec,open-meteo,,,11.9,6.5,,,103.0,calibrated
agra,Avril,4,23,38,5,0.2,8.7,3.0,avoid,open-meteo,,,9.7,7.3,,,123.0,calibrated
agra,Mai,5,26,39,13,0.7,8.3,2.3,avoid,open-meteo,,,14.4,7.9,,,149.0,calibrated
agra,Juin,6,28,39,27,2.4,7.7,1.8,avoid,open-meteo,,,20.2,7.8,,,144.0,calibrated
agra,Juillet,7,27,34,70,7.2,5.0,1.8,avoid,open-meteo,,,25.0,7.1,,,69.0,calibrated
agra,Août,8,26,32,73,7.0,4.7,4.4,mid,open-meteo,,,24.9,6.6,,,55.0,calibrated
agra,Septembre,9,25,32,46,4.9,6.7,4.9,mid,open-meteo,,,23.5,5.8,,,66.0,calibrated
agra,Octobre,10,21,32,7,0.9,8.0,5.8,mid,open-meteo,,,17.2,5.8,,,83.0,calibrated
agra,Novembre,11,15,27,3,0.1,7.5,9.1,rec,open-meteo,,,13.0,4.6,,,127.0,calibrated
agra,Décembre,12,10,22,4,0.2,7.2,8.5,rec,open-meteo,,,9.8,3.9,,,122.0,calibrated
pondicherry,Janvier,1,22,28,23,1.5,7.8,8.7,rec,open-meteo,27.6,8.5,20.4,7.0,0.95,5.5,53.0,calibrated
pondicherry,Février,2,23,29,10,0.4,8.7,9.0,rec,open-meteo,28.7,9.0,20.7,8.3,0.85,5.9,45.0,calibrated
pondicherry,Mars,3,24,31,13,0.7,8.8,6.0,mid,open-meteo,29.9,9.2,22.7,9.1,0.66,8.6,45.0,calibrated
pondicherry,Avril,4,27,33,18,0.6,8.7,5.4,mid,open-meteo,31.3,8.5,24.7,9.1,0.69,9.2,32.0,calibrated
pondicherry,Mai,5,28,34,25,2.4,8.4,5.0,mid,open-meteo,31.5,8.1,24.9,7.7,0.84,8.4,36.0,calibrated
pondicherry,Juin,6,27,34,33,2.0,7.8,4.8,mid,open-meteo,31.0,7.9,23.5,7.9,1.07,9.4,41.0,calibrated
pondicherry,Juillet,7,26,34,45,2.6,7.0,4.6,mid,open-meteo,29.7,8.0,23.2,6.4,0.93,9.7,31.0,calibrated
pondicherry,Août,8,26,33,49,3.7,6.9,4.7,mid,open-meteo,30.0,8.2,23.5,8.3,0.85,9.1,38.0,calibrated
pondicherry,Septembre,9,26,32,56,3.9,6.6,4.8,mid,open-meteo,30.2,8.2,23.9,8.2,0.9,9.3,38.0,calibrated
pondicherry,Octobre,10,25,30,66,7.3,6.3,4.8,mid,open-meteo,30.5,8.4,23.9,7.6,0.69,10.3,39.0,calibrated
pondicherry,Novembre,11,24,28,70,11.7,5.9,4.8,mid,open-meteo,29.2,7.5,22.9,6.1,1.29,6.9,48.0,calibrated
pondicherry,Décembre,12,23,28,46,5.0,7.0,8.0,rec,open-meteo,27.7,7.9,21.7,6.1,1.26,7.2,45.0,calibrated
honolulu,Janvier,1,20,25,24,1.4,6.9,8.2,rec,open-meteo,25.0,6.9,17.4,6.0,1.61,9.9,27.0,observed
honolulu,Février,2,20,25,31,1.8,7.5,8.1,rec,open-meteo,24.6,7.0,16.8,6.8,1.43,9.6,34.0,observed
honolulu,Mars,3,20,25,35,1.8,8.4,8.1,rec,open-meteo,24.2,6.9,17.2,7.8,1.38,10.9,33.0,observed
honolulu,Avril,4,21,26,39,1.7,8.4,8.1,rec,open-meteo,24.5,7.1,18.1,8.2,1.49,9.8,29.0,observed
honolulu,Mai,5,22,27,34,1.4,9.1,8.4,rec,open-meteo,25.4,7.7,18.5,7.8,1.39,11.3,26.0,observed
honolulu,Juin,6,23,28,24,0.9,9.5,8.9,rec,open-meteo,25.9,8.1,19.3,8.9,1.4,11.9,21.0,observed
honolulu,Juillet,7,23,29,23,0.7,9.9,8.8,rec,open-meteo,26.2,8.5,20.1,9.0,1.24,10.5,21.0,observed
honolulu,Août,8,24,29,25,0.9,9.8,8.8,rec,open-meteo,26.5,8.4,20.3,8.7,1.33,11.0,17.0,observed
honolulu,Septembre,9,24,29,23,0.8,9.3,8.7,rec,open-meteo,27.3,8.5,20.4,8.4,1.15,9.9,21.0,observed
honolulu,Octobre,10,23,28,31,1.3,7.9,8.5,rec,open-meteo,27.0,8.1,20.2,7.3,1.16,10.7,21.0,observed
honolulu,Novembre,11,22,27,22,0.8,6.7,8.4,rec,open-meteo,25.9,7.9,19.2,6.2,1.25,9.9,30.0,observed
honolulu,Décembre,12,21,26,26,2.0,6.4,8.2,rec,open-meteo,25.9,7.6,18.3,5.7,1.3,10.9,27.0,observed
austin,Janvier,1,6,16,26,2.4,5.3,4.5,mid,open-meteo,,,3.9,3.8,,,22.0,observed
austin,Février,2,8,20,33,2.9,6.0,7.5,rec,open-meteo,,,6.2,5.0,,,27.0,observed
austin,Mars,3,13,24,33,2.6,6.6,7.9,rec,open-meteo,,,10.6,5.9,,,29.0,observed
austin,Avril,4,16,27,39,4.4,6.9,8.1,rec,open-meteo,,,13.6,6.6,,,31.0,observed
austin,Mai,5,20,30,46,6.0,7.3,5.2,mid,open-meteo,,,18.9,7.3,,,36.0,observed
austin,Juin,6,24,33,37,3.5,9.5,5.1,mid,open-meteo,,,21.3,8.0,,,34.0,observed
austin,Juillet,7,25,35,30,2.9,10.2,4.9,mid,open-meteo,,,21.1,8.2,,,35.0,observed
austin,Août,8,25,36,29,3.9,9.6,4.6,mid,open-meteo,,,20.8,7.9,,,39.0,observed
austin,Septembre,9,23,32,31,3.5,7.8,5.3,mid,open-meteo,,,19.2,7.0,,,33.0,observed
austin,Octobre,10,18,29,27,3.1,7.0,8.3,rec,open-meteo,,,13.8,6.0,,,33.0,observed
austin,Novembre,11,12,23,29,2.6,5.6,7.8,rec,open-meteo,,,10.3,4.5,,,27.0,observed
austin,Décembre,12,8,18,27,2.6,5.0,7.3,rec,open-meteo,,,7.1,3.5,,,24.0,observed
san-diego,Janvier,1,8,17,20,2.4,7.7,7.5,rec,open-meteo,15.6,4.0,7.7,3.9,1.29,9.7,31.0,observed
san-diego,Février,2,9,17,18,2.0,8.0,7.5,rec,open-meteo,15.8,4.1,7.2,4.5,1.33,10.3,33.0,observed
san-diego,Mars,3,10,17,28,2.1,8.4,7.4,rec,open-meteo,16.6,4.3,9.5,6.2,1.19,10.5,33.0,observed
san-diego,Avril,4,13,19,12,0.7,9.2,8.0,rec,open-meteo,17.2,5.3,10.7,7.4,1.0,9.3,34.0,observed
san-diego,Mai,5,14,20,10,0.4,8.1,8.1,rec,open-meteo,18.6,5.8,11.9,8.1,0.87,9.4,34.0,observed
san-diego,Juin,6,16,22,2,0.1,8.1,8.6,rec,open-meteo,20.2,6.6,14.3,8.3,0.89,9.6,27.0,observed
san-diego,Juillet,7,18,24,0,0.1,9.8,9.2,rec,open-meteo,22.4,7.5,16.7,8.1,0.83,10.5,29.0,observed
san-diego,Août,8,19,25,2,0.2,9.5,9.2,rec,open-meteo,22.2,7.6,17.6,7.8,0.78,9.4,28.0,observed
san-diego,Septembre,9,18,24,4,0.5,8.4,8.8,rec,open-meteo,22.3,7.3,16.8,7.0,0.76,8.4,32.0,observed
san-diego,Octobre,10,15,23,7,0.4,7.9,8.6,rec,open-meteo,18.9,6.3,13.4,5.7,0.86,11.2,45.0,observed
san-diego,Novembre,11,12,21,11,1.2,7.7,8.2,rec,open-meteo,17.0,5.4,8.2,4.5,0.97,9.2,35.0,observed
san-diego,Décembre,12,9,18,16,1.8,7.5,7.6,rec,open-meteo,14.7,4.2,6.8,3.7,1.15,11.8,54.0,observed
portland,Janvier,1,2,8,61,6.2,2.0,0.6,avoid,open-meteo,,,2.2,1.3,,,21.0,calibrated
portland,Février,2,2,9,60,5.4,2.8,0.7,avoid,open-meteo,,,2.3,2.3,,,23.0,calibrated
portland,Mars,3,3,11,60,4.7,4.2,0.9,avoid,open-meteo,,,3.7,4.1,,,26.0,calibrated
portland,Avril,4,5,15,51,3.7,5.6,4.2,mid,open-meteo,,,5.4,5.1,,,25.0,calibrated
portland,Mai,5,9,19,36,2.4,7.2,7.4,rec,open-meteo,,,8.6,6.0,,,24.0,calibrated
portland,Juin,6,12,23,26,2.0,8.5,8.2,rec,open-meteo,,,10.2,6.5,,,23.0,calibrated
portland,Juillet,7,14,28,7,0.3,9.9,9.4,rec,open-meteo,,,11.4,7.2,,,24.0,calibrated
portland,Août,8,15,29,9,0.4,8.9,9.1,rec,open-meteo,,,11.8,6.5,,,24.0,calibrated
portland,Septembre,9,13,24,25,2.1,7.1,8.1,rec,open-meteo,,,10.6,5.0,,,24.0,calibrated
portland,Octobre,10,8,16,42,4.7,4.8,4.3,mid,open-meteo,,,8.2,3.4,,,21.0,calibrated
portland,Novembre,11,5,11,58,6.5,2.8,0.8,avoid,open-meteo,,,4.7,2.0,,,25.0,calibrated
portland,Décembre,12,2,8,61,6.9,2.0,0.6,avoid,open-meteo,,,2.3,1.4,,,22.0,calibrated
florianopolis,Janvier,1,23,28,68,5.2,6.2,7.5,rec,open-meteo,27.0,8.0,21.5,8.2,0.77,5.7,28.0,observed
florianopolis,Février,2,22,28,63,5.6,6.2,7.6,rec,open-meteo,28.6,8.3,21.2,7.7,0.62,5.5,24.0,observed
florianopolis,Mars,3,22,28,60,4.3,6.0,7.6,rec,open-meteo,27.5,8.1,20.6,6.9,0.67,5.9,28.0,observed
florianopolis,Avril,4,20,25,42,3.4,6.0,7.8,rec,open-meteo,24.6,7.4,18.7,5.2,0.7,5.8,29.0,observed
florianopolis,Mai,5,17,23,37,3.8,5.6,7.7,rec,open-meteo,22.0,6.4,16.0,3.7,0.74,6.3,28.0,observed
florianopolis,Juin,6,15,21,32,3.4,5.1,7.5,rec,open-meteo,19.9,5.8,14.3,3.8,0.57,5.9,29.0,observed
florianopolis,Juillet,7,14,21,21,2.1,5.2,7.7,rec,open-meteo,16.7,5.4,13.6,3.5,0.66,6.2,30.0,observed
florianopolis,Août,8,14,21,28,2.8,5.4,7.6,rec,open-meteo,18.7,5.7,14.1,5.3,0.65,6.0,36.0,observed
florianopolis,Septembre,9,17,22,41,3.4,4.7,7.5,rec,open-meteo,21.0,6.0,15.8,6.3,0.77,6.3,39.0,observed
florianopolis,Octobre,10,18,23,56,5.3,4.6,7.3,rec,open-meteo,22.8,6.2,17.0,6.9,0.76,5.8,31.0,observed
florianopolis,Novembre,11,19,25,50,4.5,6.0,7.6,rec,open-meteo,24.6,7.2,17.8,6.8,0.85,5.9,28.0,observed
florianopolis,Décembre,12,21,27,52,5.1,6.2,7.7,rec,open-meteo,25.4,7.9,19.8,7.2,0.69,5.6,27.0,observed
rarotonga,Janvier,1,23,25,58,6.5,7.1,7.6,rec,open-meteo,27.4,6.4,20.3,8.9,2.22,10.8,18.0,calibrated
rarotonga,Février,2,23,25,65,8.3,6.6,7.4,rec,open-meteo,28.0,6.1,20.6,8.5,2.73,10.7,16.0,calibrated
rarotonga,Mars,3,23,25,66,6.9,6.3,7.4,rec,open-meteo,28.7,6.4,20.8,7.9,1.96,11.5,14.0,calibrated
rarotonga,Avril,4,23,24,51,4.8,6.6,7.6,rec,open-meteo,28.4,6.1,19.4,7.0,2.63,10.1,20.0,calibrated
rarotonga,Mai,5,22,24,56,5.8,6.0,7.5,rec,open-meteo,27.1,5.8,18.5,5.4,2.82,11.8,21.0,calibrated
rarotonga,Juin,6,21,22,37,2.7,6.7,7.7,rec,open-meteo,25.7,5.6,16.7,4.9,2.89,10.9,25.0,calibrated
rarotonga,Juillet,7,20,22,43,3.8,6.4,7.6,rec,open-meteo,24.8,5.3,16.3,5.3,2.83,10.4,26.0,calibrated
rarotonga,Août,8,20,22,36,3.0,7.0,7.7,rec,open-meteo,24.3,5.4,15.8,6.0,2.74,10.0,28.0,calibrated
rarotonga,Septembre,9,20,22,39,3.0,7.1,7.7,rec,open-meteo,24.7,5.6,16.5,7.5,2.19,10.8,23.0,calibrated
rarotonga,Octobre,10,21,22,37,3.0,7.6,7.8,rec,open-meteo,24.2,5.5,16.5,8.5,2.62,9.8,28.0,calibrated
rarotonga,Novembre,11,21,22,38,3.2,8.2,7.8,rec,open-meteo,24.6,5.8,17.9,8.7,2.17,10.6,21.0,calibrated
rarotonga,Décembre,12,22,24,61,6.5,7.0,7.5,rec,open-meteo,26.0,6.0,19.5,8.4,2.37,10.2,14.0,calibrated
phoenix,Janvier,1,6,18,12,1.0,8.3,7.8,rec,open-meteo,,,1.4,3.9,,,30.0,observed
phoenix,Février,2,8,22,11,1.0,9.1,8.5,rec,open-meteo,,,0.2,5.0,,,32.0,observed
phoenix,Mars,3,10,24,11,1.0,10.3,8.9,rec,open-meteo,,,0.1,6.4,,,39.0,observed
phoenix,Avril,4,15,31,3,0.1,11.8,9.5,rec,open-meteo,,,-2.9,7.8,,,44.0,observed
phoenix,Mai,5,20,35,2,0.1,12.9,5.6,mid,open-meteo,,,-0.5,8.4,,,47.0,observed
phoenix,Juin,6,26,41,3,0.2,13.6,3.2,avoid,open-meteo,,,2.9,8.6,,,46.0,observed
phoenix,Juillet,7,30,42,16,1.6,12.2,2.4,avoid,open-meteo,,,12.9,8.7,,,55.0,observed
phoenix,Août,8,28,40,15,1.2,11.6,2.6,avoid,open-meteo,,,14.5,8.1,,,44.0,observed
phoenix,Septembre,9,24,38,11,1.0,11.0,3.2,avoid,open-meteo,,,10.3,7.4,,,38.0,observed
phoenix,Octobre,10,18,32,6,1.1,10.0,8.8,rec,open-meteo,,,4.3,5.9,,,34.0,observed
phoenix,Novembre,11,11,25,7,0.7,8.5,8.9,rec,open-meteo,,,0.4,4.5,,,36.0,observed
phoenix,Décembre,12,6,20,13,1.1,7.9,8.0,rec,open-meteo,,,0.1,3.8,,,35.0,observed
iguazu,Janvier,1,23,32,54,6.7,7.2,4.8,mid,open-meteo,,,22.6,9.0,,,19.0,calibrated
iguazu,Février,2,23,32,47,5.1,7.3,4.9,mid,open-meteo,,,21.7,8.8,,,20.0,calibrated
iguazu,Mars,3,22,31,42,5.1,7.1,5.2,mid,open-meteo,,,21.0,7.9,,,18.0,calibrated
iguazu,Avril,4,20,28,30,4.4,7.2,8.4,rec,open-meteo,,,18.8,5.9,,,18.0,calibrated
iguazu,Mai,5,17,25,35,5.7,6.3,7.9,rec,open-meteo,,,16.3,4.5,,,15.0,calibrated
iguazu,Juin,6,15,23,31,4.3,6.5,7.9,rec,open-meteo,,,14.7,4.1,,,18.0,calibrated
iguazu,Juillet,7,15,24,19,2.1,7.1,8.3,rec,open-meteo,,,13.5,4.2,,,21.0,calibrated
iguazu,Août,8,15,26,23,3.0,7.3,8.4,rec,open-meteo,,,13.8,5.8,,,25.0,calibrated
iguazu,Septembre,9,18,28,28,3.4,7.4,8.5,rec,open-meteo,,,16.1,7.3,,,54.0,calibrated
iguazu,Octobre,10,19,28,46,7.7,6.9,8.0,rec,open-meteo,,,18.8,7.8,,,30.0,calibrated
iguazu,Novembre,11,21,31,36,5.1,8.2,5.4,mid,open-meteo,,,19.2,8.3,,,27.0,calibrated
iguazu,Décembre,12,22,32,48,6.0,7.8,5.0,mid,open-meteo,,,21.1,8.2,,,26.0,calibrated
noumea,Janvier,1,23,29,55,7.1,7.7,7.8,rec,open-meteo,28.5,8.3,21.6,9.2,1.07,9.5,13.0,observed
noumea,Février,2,24,29,70,12.7,7.3,4.9,mid,open-meteo,27.8,7.7,22.9,8.7,1.32,11.0,19.0,observed
noumea,Mars,3,23,28,65,7.4,6.3,5.0,mid,open-meteo,27.2,7.3,22.1,7.2,1.54,10.7,18.0,observed
noumea,Avril,4,22,26,63,9.3,6.4,7.5,rec,open-meteo,26.2,7.0,20.8,6.1,1.46,11.4,18.0,observed
noumea,Mai,5,20,25,47,3.3,5.6,7.6,rec,open-meteo,24.4,6.5,18.6,5.7,1.55,10.9,21.0,observed
noumea,Juin,6,19,24,41,2.6,5.2,7.6,rec,open-meteo,23.4,6.5,16.9,5.1,1.2,10.1,22.0,observed
noumea,Juillet,7,18,23,34,3.0,5.9,7.8,rec,open-meteo,22.5,5.9,15.9,4.9,1.53,9.8,24.0,observed
noumea,Août,8,17,22,36,3.2,6.6,7.7,rec,open-meteo,21.8,5.9,15.2,6.2,1.23,9.8,25.0,observed
noumea,Septembre,9,18,24,33,2.3,7.7,8.0,rec,open-meteo,23.1,6.6,15.8,7.6,1.38,11.2,26.0,observed
noumea,Octobre,10,19,26,44,3.7,8.3,8.0,rec,open-meteo,23.9,7.1,17.5,8.5,1.28,10.2,24.0,observed
noumea,Novembre,11,21,27,43,3.2,8.4,8.1,rec,open-meteo,25.1,7.7,18.7,8.2,1.16,10.6,21.0,observed
noumea,Décembre,12,22,28,50,6.3,8.4,8.1,rec,open-meteo,27.1,8.1,20.7,9.3,1.11,10.1,16.0,observed
tahiti,Janvier,1,24,28,91,15.8,5.3,4.5,mid,open-meteo,29.0,7.2,24.2,8.5,1.33,10.4,11.0,calibrated
tahiti,Février,2,25,29,93,15.7,5.4,4.4,mid,open-meteo,29.2,6.8,24.4,7.6,1.88,11.2,10.0,calibrated
tahiti,Mars,3,25,29,91,8.5,5.6,4.5,mid,open-meteo,30.0,7.5,24.5,8.6,1.32,11.9,10.0,calibrated
tahiti,Avril,4,25,29,88,9.0,5.2,4.5,mid,open-meteo,29.4,6.9,24.4,7.7,1.77,11.9,13.0,calibrated
tahiti,Mai,5,24,28,70,4.6,5.7,4.8,mid,open-meteo,28.6,6.8,23.6,6.6,1.93,12.3,16.0,calibrated
tahiti,Juin,6,24,27,75,6.0,5.4,4.7,mid,open-meteo,27.7,6.3,22.6,5.8,2.19,11.2,18.0,calibrated
tahiti,Juillet,7,23,27,66,5.1,5.8,4.8,mid,open-meteo,27.3,6.6,22.0,6.0,1.91,10.7,21.0,calibrated
tahiti,Août,8,23,27,65,4.7,6.2,7.5,rec,open-meteo,27.0,6.6,21.5,7.2,1.95,10.6,21.0,calibrated
tahiti,Septembre,9,23,27,78,5.9,6.1,7.3,rec,open-meteo,27.1,7.0,21.9,8.4,1.46,10.9,17.0,calibrated
tahiti,Octobre,10,23,27,78,7.8,6.2,4.7,mid,open-meteo,27.5,6.5,22.4,8.7,1.97,11.0,18.0,calibrated
tahiti,Novembre,11,24,28,88,11.5,5.8,4.6,mid,open-meteo,27.8,7.1,23.3,9.3,1.54,10.9,15.0,calibrated
tahiti,Décembre,12,24,28,94,14.8,5.2,4.5,mid,open-meteo,28.5,7.1,24.0,8.6,1.36,10.7,17.0,calibrated
petra,Janvier,1,6,13,24,1.4,6.5,4.4,mid,open-meteo,,,2.4,4.2,,,35.0,calibrated
petra,Février,2,6,14,25,1.5,6.8,4.4,mid,open-meteo,,,2.7,5.2,,,41.0,calibrated
petra,Mars,3,9,18,19,1.1,7.7,7.6,rec,open-meteo,,,3.1,6.5,,,46.0,calibrated
petra,Avril,4,14,24,10,0.4,8.7,8.7,rec,open-meteo,,,3.1,7.7,,,53.0,calibrated
petra,Mai,5,17,28,4,0.2,9.5,9.5,rec,open-meteo,,,4.6,8.3,,,53.0,calibrated
petra,Juin,6,21,31,0,0.0,9.9,9.3,rec,open-meteo,,,8.5,8.4,,,46.0,calibrated
petra,Juillet,7,22,32,0,0.0,9.9,8.9,rec,open-meteo,,,10.6,8.4,,,40.0,calibrated
petra,Août,8,22,32,0,0.0,9.5,8.9,rec,open-meteo,,,12.1,8.2,,,39.0,calibrated
petra,Septembre,9,20,30,0,0.0,8.6,9.2,rec,open-meteo,,,11.7,7.4,,,37.0,calibrated
petra,Octobre,10,17,26,5,0.2,8.0,9.0,rec,open-meteo,,,9.7,6.2,,,43.0,calibrated
petra,Novembre,11,12,20,15,0.6,7.0,7.9,rec,open-meteo,,,6.8,4.7,,,42.0,calibrated
petra,Décembre,12,8,15,19,1.0,6.5,7.2,rec,open-meteo,,,4.0,4.0,,,38.0,calibrated
monteverde,Janvier,1,15,20,60,3.9,6.4,4.5,mid,open-meteo,31.4,6.6,15.3,7.4,0.11,6.0,17.0,calibrated
monteverde,Février,2,15,21,49,2.2,7.1,7.4,rec,open-meteo,31.6,6.9,14.8,7.7,0.13,7.7,18.0,calibrated
monteverde,Mars,3,15,22,45,1.7,7.5,7.6,rec,open-meteo,32.5,7.0,15.0,9.1,0.12,6.9,18.0,calibrated
monteverde,Avril,4,16,23,57,2.4,6.9,7.5,rec,open-meteo,32.7,6.9,15.8,8.7,0.14,7.0,17.0,calibrated
monteverde,Mai,5,17,23,79,9.0,4.8,4.4,mid,open-meteo,32.9,6.3,17.3,8.2,0.14,5.5,18.0,calibrated
monteverde,Juin,6,17,22,93,10.5,3.9,4.2,mid,open-meteo,31.0,6.3,17.7,7.4,0.15,4.9,12.0,calibrated
monteverde,Juillet,7,17,22,88,7.8,4.1,4.2,mid,open-meteo,30.7,6.4,17.4,7.2,0.16,4.8,13.0,calibrated
monteverde,Août,8,17,22,85,8.3,4.5,4.3,mid,open-meteo,31.2,6.4,17.4,8.1,0.16,4.5,14.0,calibrated
monteverde,Septembre,9,17,22,90,9.9,4.3,4.2,mid,open-meteo,31.3,6.3,17.5,7.3,0.15,4.7,14.0,calibrated
monteverde,Octobre,10,17,22,94,16.3,3.8,4.2,mid,open-meteo,30.9,6.3,17.4,7.1,0.13,4.5,13.0,calibrated
monteverde,Novembre,11,16,21,85,10.7,4.1,4.2,mid,open-meteo,29.6,6.4,17.0,5.3,0.15,6.0,14.0,calibrated
monteverde,Décembre,12,16,20,69,4.9,5.8,4.4,mid,open-meteo,30.8,6.5,16.1,5.4,0.13,4.7,18.0,calibrated
trieste,Janvier,1,2,9,34,3.4,3.3,1.2,avoid,open-meteo,9.4,3.7,0.5,1.6,0.27,3.0,36.0,observed
trieste,Février,2,4,11,36,3.9,4.4,4.1,mid,open-meteo,10.3,3.8,1.9,2.2,0.2,3.0,42.0,observed
trieste,Mars,3,6,14,32,3.4,5.0,4.3,mid,open-meteo,12.7,4.1,3.1,3.4,0.22,3.1,36.0,observed
trieste,Avril,4,9,17,32,3.2,5.9,4.5,mid,open-meteo,15.5,4.6,6.3,5.1,0.3,3.0,34.0,observed
trieste,Mai,5,13,21,50,5.2,7.5,7.4,rec,open-meteo,19.0,5.8,11.7,5.7,0.2,2.8,30.0,observed
trieste,Juin,6,18,27,30,3.0,8.3,8.4,rec,open-meteo,24.0,8.2,15.9,6.7,0.24,2.8,35.0,observed
trieste,Juillet,7,20,29,29,3.4,9.6,8.6,rec,open-meteo,27.0,9.1,17.0,7.0,0.18,2.4,37.0,observed
trieste,Août,8,21,29,25,3.0,8.8,8.6,rec,open-meteo,27.1,9.1,16.8,6.3,0.15,2.1,38.0,observed
trieste,Septembre,9,17,24,37,6.3,6.7,7.8,rec,open-meteo,23.1,7.2,13.6,4.5,0.39,3.3,30.0,observed
trieste,Octobre,10,13,19,37,5.7,4.8,4.6,mid,open-meteo,18.4,5.2,10.9,2.6,0.35,3.3,25.0,observed
trieste,Novembre,11,8,14,45,6.3,3.3,4.1,mid,open-meteo,14.2,3.6,6.1,2.0,0.31,3.0,31.0,observed
trieste,Décembre,12,4,10,37,4.0,2.9,1.1,avoid,open-meteo,9.8,3.6,2.6,1.5,0.34,3.1,28.0,observed
la-rochelle,Janvier,1,5,10,45,3.3,2.9,1.0,avoid,open-meteo,8.5,3.1,4.6,1.8,0.98,11.0,26.0,observed
la-rochelle,Février,2,6,11,40,2.6,4.6,4.1,mid,open-meteo,10.1,3.2,5.0,2.5,1.17,10.8,28.0,observed
la-rochelle,Mars,3,8,12,42,2.7,5.8,4.2,mid,open-meteo,11.6,3.5,6.1,4.0,1.07,9.7,29.0,observed
la-rochelle,Avril,4,10,15,34,2.0,7.7,4.5,mid,open-meteo,14.0,4.0,7.5,5.6,0.89,8.1,31.0,observed
la-rochelle,Mai,5,12,18,40,2.2,8.3,7.3,rec,open-meteo,17.2,4.9,10.9,6.1,0.78,7.4,31.0,observed
la-rochelle,Juin,6,16,21,36,2.4,8.4,7.7,rec,open-meteo,20.2,6.2,14.3,6.7,0.61,6.7,27.0,observed
la-rochelle,Juillet,7,17,23,24,1.1,9.6,8.4,rec,open-meteo,21.9,7.1,15.0,7.0,0.63,6.5,26.0,observed
la-rochelle,Août,8,17,23,25,1.4,9.0,8.3,rec,open-meteo,22.7,7.2,15.3,6.4,0.63,8.0,26.0,observed
la-rochelle,Septembre,9,15,21,34,2.1,7.8,7.7,rec,open-meteo,19.8,5.9,13.2,4.7,0.73,7.9,28.0,observed
la-rochelle,Octobre,10,12,18,39,3.6,5.0,4.5,mid,open-meteo,17.3,4.6,11.4,3.0,0.79,10.2,23.0,observed
la-rochelle,Novembre,11,8,13,45,3.6,3.6,4.1,mid,open-meteo,14.0,3.4,8.0,2.2,0.78,9.8,26.0,observed
la-rochelle,Décembre,12,6,11,45,3.7,2.9,1.1,avoid,open-meteo,10.0,3.2,6.3,1.5,0.85,10.1,26.0,observed
val-d-isere,Janvier,1,-10,-1,46,6.1,4.4,0.8,avoid,open-meteo,,,-11.4,2.4,,,25.0,calibrated
val-d-isere,Février,2,-8,2,42,4.0,5.2,0.9,avoid,open-meteo,,,-9.7,3.6,,,26.0,calibrated
val-d-isere,Mars,3,-6,2,48,5.0,5.6,0.8,avoid,open-meteo,,,-7.0,4.7,,,29.0,calibrated
val-d-isere,Avril,4,-3,6,45,3.8,6.5,1.0,avoid,open-meteo,,,-3.7,6.4,,,30.0,calibrated
val-d-isere,Mai,5,0,10,58,4.9,6.3,1.0,avoid,open-meteo,,,1.4,6.4,,,29.0,calibrated
val-d-isere,Juin,6,6,16,60,4.3,7.0,4.2,mid,open-meteo,,,6.5,7.1,,,28.0,calibrated
val-d-isere,Juillet,7,8,18,47,3.3,7.8,4.6,mid,open-meteo,,,7.9,7.7,,,27.0,calibrated
val-d-isere,Août,8,8,19,42,3.0,7.4,7.3,rec,open-meteo,,,7.7,6.9,,,28.0,calibrated
val-d-isere,Septembre,9,5,14,44,3.7,6.2,4.2,mid,open-meteo,,,4.7,4.5,,,26.0,calibrated
val-d-isere,Octobre,10,1,10,41,3.9,5.5,4.1,mid,open-meteo,,,1.0,2.9,,,22.0,calibrated
val-d-isere,Novembre,11,-6,3,46,5.5,4.4,0.8,avoid,open-meteo,,,-5.6,2.7,,,26.0,calibrated
val-d-isere,Décembre,12,-8,0,46,6.6,4.1,0.8,avoid,open-meteo,,,-9.8,2.2,,,28.0,calibrated
nantes,Janvier,1,4,10,44,3.2,2.3,1.0,avoid,open-meteo,,,4.2,1.7,,,28.0,observed
nantes,Février,2,5,11,41,2.4,3.6,4.1,mid,open-meteo,,,4.3,2.1,,,28.0,observed
nantes,Mars,3,6,13,42,2.4,4.8,4.2,mid,open-meteo,,,5.3,3.7,,,26.0,observed
nantes,Avril,4,8,15,31,1.9,6.1,4.4,mid,open-meteo,,,6.4,5.0,,,29.0,observed
nantes,Mai,5,11,19,39,2.0,6.6,7.3,rec,open-meteo,,,9.7,5.6,,,28.0,observed
nantes,Juin,6,14,22,37,2.3,7.1,7.7,rec,open-meteo,,,12.7,6.4,,,26.0,observed
nantes,Juillet,7,16,24,25,1.4,7.4,8.2,rec,open-meteo,,,13.5,6.2,,,24.0,observed
nantes,Août,8,16,24,25,1.3,7.5,8.2,rec,open-meteo,,,13.9,5.8,,,25.0,observed
nantes,Septembre,9,13,22,34,1.9,6.6,7.7,rec,open-meteo,,,12.2,4.3,,,25.0,observed
nantes,Octobre,10,11,18,40,3.4,4.0,4.4,mid,open-meteo,,,10.6,3.1,,,22.0,observed
nantes,Novembre,11,7,13,41,3.2,3.0,4.1,mid,open-meteo,,,7.4,1.8,,,32.0,observed
nantes,Décembre,12,5,11,42,3.2,2.5,1.1,avoid,open-meteo,,,5.9,1.4,,,30.0,observed
marbella,Janvier,1,10,16,20,2.1,6.0,7.3,rec,open-meteo,15.9,4.3,8.0,2.9,0.69,5.2,27.0,calibrated
marbella,Février,2,11,17,18,1.4,6.8,7.4,rec,open-meteo,15.4,4.5,8.5,4.1,0.75,5.4,29.0,calibrated
marbella,Mars,3,12,18,35,4.2,6.8,7.3,rec,open-meteo,15.7,4.4,9.3,4.9,1.05,5.3,33.0,calibrated
marbella,Avril,4,13,20,21,2.0,8.0,7.8,rec,open-meteo,17.5,5.6,11.0,6.8,0.72,4.7,36.0,calibrated
marbella,Mai,5,16,23,13,0.8,9.1,8.6,rec,open-meteo,18.0,6.4,12.7,7.5,0.72,4.5,32.0,calibrated
marbella,Juin,6,20,27,3,0.2,9.9,9.5,rec,open-meteo,20.2,7.7,14.7,7.7,0.74,5.0,32.0,calibrated
marbella,Juillet,7,23,30,1,0.0,9.7,6.6,mid,open-meteo,22.0,8.6,17.3,8.0,0.63,4.7,34.0,calibrated
marbella,Août,8,23,30,3,0.2,9.3,6.4,mid,open-meteo,25.8,9.4,18.4,7.4,0.6,4.5,36.0,calibrated
marbella,Septembre,9,21,27,12,0.8,8.1,8.9,rec,open-meteo,24.3,8.2,17.0,6.3,0.78,4.7,31.0,calibrated
marbella,Octobre,10,18,24,19,2.4,6.8,8.2,rec,open-meteo,19.8,6.5,14.9,4.5,0.74,4.8,24.0,calibrated
marbella,Novembre,11,13,19,19,2.6,6.5,7.6,rec,open-meteo,19.7,5.6,11.5,3.4,0.68,5.1,30.0,calibrated
marbella,Décembre,12,11,17,24,2.3,5.9,7.3,rec,open-meteo,17.6,4.6,9.7,2.8,0.82,5.7,28.0,calibrated
sorrente,Janvier,1,7,13,46,4.7,4.8,4.1,mid,open-meteo,16.4,3.6,6.1,2.3,1.16,5.6,29.0,calibrated
sorrente,Février,2,8,14,38,4.1,5.7,4.2,mid,open-meteo,15.4,3.7,6.8,3.6,1.1,6.0,35.0,calibrated
sorrente,Mars,3,9,15,43,3.9,6.3,4.3,mid,open-meteo,15.7,3.7,7.7,4.8,1.25,5.8,37.0,calibrated
sorrente,Avril,4,11,18,38,2.3,7.2,7.3,rec,open-meteo,17.5,4.8,10.1,6.5,0.89,5.2,39.0,calibrated
sorrente,Mai,5,15,21,38,2.9,7.8,7.6,rec,open-meteo,20.2,6.1,14.1,7.0,0.65,5.0,39.0,calibrated
sorrente,Juin,6,20,27,17,0.9,9.3,8.9,rec,open-meteo,24.1,8.4,17.7,7.7,0.59,4.7,39.0,calibrated
sorrente,Juillet,7,23,30,12,0.6,9.5,6.2,mid,open-meteo,27.9,9.6,20.0,7.9,0.52,4.4,39.0,calibrated
sorrente,Août,8,23,30,22,1.1,8.4,5.9,mid,open-meteo,29.7,9.4,20.3,7.4,0.42,4.2,39.0,calibrated
sorrente,Septembre,9,20,26,30,4.0,7.3,8.2,rec,open-meteo,26.0,8.0,17.2,5.7,0.94,5.0,35.0,calibrated
sorrente,Octobre,10,16,22,34,3.6,6.1,7.7,rec,open-meteo,23.0,6.6,15.1,4.4,0.76,5.3,31.0,calibrated
sorrente,Novembre,11,13,18,55,8.4,4.6,4.3,mid,open-meteo,20.5,4.7,11.7,3.0,0.94,5.0,30.0,calibrated
sorrente,Décembre,12,9,15,40,5.3,4.8,4.3,mid,open-meteo,18.1,3.9,8.1,2.4,1.19,5.7,27.0,calibrated
lac-bled,Janvier,1,-2,5,31,3.2,4.4,1.0,avoid,open-meteo,,,-2.6,1.7,,,25.0,calibrated
lac-bled,Février,2,0,7,31,4.0,5.0,4.1,mid,open-meteo,,,-0.8,2.1,,,28.0,calibrated
lac-bled,Mars,3,1,10,38,3.4,5.8,4.1,mid,open-meteo,,,0.7,3.0,,,29.0,calibrated
lac-bled,Avril,4,5,15,39,3.6,6.9,4.4,mid,open-meteo,,,4.3,4.9,,,30.0,calibrated
lac-bled,Mai,5,9,18,62,5.5,5.9,4.3,mid,open-meteo,,,9.5,5.5,,,28.0,calibrated
lac-bled,Juin,6,14,24,45,3.9,7.8,7.8,rec,open-meteo,,,14.1,6.2,,,30.0,calibrated
lac-bled,Juillet,7,16,25,49,3.6,7.5,7.8,rec,open-meteo,,,15.6,6.6,,,30.0,calibrated
lac-bled,Août,8,16,25,40,4.0,7.4,7.9,rec,open-meteo,,,15.7,6.2,,,31.0,calibrated
lac-bled,Septembre,9,12,20,44,5.4,6.3,7.3,rec,open-meteo,,,12.0,4.2,,,27.0,calibrated
lac-bled,Octobre,10,8,15,36,4.6,5.3,4.3,mid,open-meteo,,,8.8,2.0,,,23.0,calibrated
lac-bled,Novembre,11,3,9,41,5.6,3.8,1.1,avoid,open-meteo,,,3.7,2.0,,,34.0,calibrated
lac-bled,Décembre,12,0,6,27,3.8,4.2,1.2,avoid,open-meteo,,,-0.5,1.5,,,29.0,calibrated
cannes,Janvier,1,6,13,21,2.0,4.8,4.3,mid,open-meteo,14.7,3.8,2.8,2.1,1.05,5.6,24.0,observed
cannes,Février,2,7,14,23,2.4,5.8,4.4,mid,open-meteo,14.5,3.9,4.1,2.9,0.94,5.8,30.0,observed
cannes,Mars,3,8,16,22,2.8,7.0,7.3,rec,open-meteo,14.6,3.7,4.9,4.2,1.32,5.7,31.0,observed
cannes,Avril,4,10,18,24,2.4,7.6,7.5,rec,open-meteo,15.8,4.7,7.7,5.7,1.02,5.3,32.0,observed
cannes,Mai,5,14,21,31,1.9,8.9,7.9,rec,open-meteo,18.6,5.9,12.0,6.6,0.73,4.9,32.0,observed
cannes,Juin,6,19,26,18,1.3,10.4,8.9,rec,open-meteo,22.1,7.7,16.2,7.1,0.79,4.7,34.0,observed
cannes,Juillet,7,21,29,8,0.5,11.2,9.5,rec,open-meteo,25.8,9.4,18.2,7.4,0.47,4.6,37.0,observed
cannes,Août,8,22,29,10,0.7,10.3,9.3,rec,open-meteo,28.4,9.4,17.3,6.6,0.42,4.2,39.0,observed
cannes,Septembre,9,18,26,18,1.7,8.5,8.7,rec,open-meteo,24.2,7.8,14.1,4.8,0.92,5.3,30.0,observed
cannes,Octobre,10,15,22,25,4.1,6.2,7.9,rec,open-meteo,20.7,6.1,12.1,3.5,1.01,5.3,25.0,observed
cannes,Novembre,11,10,17,33,4.6,5.0,4.5,mid,open-meteo,18.5,4.5,7.1,2.4,1.04,5.4,29.0,observed
cannes,Décembre,12,6,14,22,2.9,4.4,4.3,mid,open-meteo,16.1,4.1,4.6,2.0,0.97,5.3,25.0,observed
larnaca,Janvier,1,9,16,23,1.5,5.9,7.2,rec,open-meteo,18.7,4.7,6.8,3.3,0.81,5.5,28.0,observed
larnaca,Février,2,9,17,19,1.2,6.7,7.4,rec,open-meteo,18.5,5.1,7.0,4.6,0.56,4.7,31.0,observed
larnaca,Mars,3,11,19,15,0.7,7.8,7.8,rec,open-meteo,18.5,5.5,7.5,6.1,0.76,4.9,36.0,observed
larnaca,Avril,4,14,23,15,0.7,9.1,8.5,rec,open-meteo,20.5,6.9,9.1,7.3,0.42,4.6,42.0,observed
larnaca,Mai,5,18,27,10,0.5,10.9,9.4,rec,open-meteo,22.4,8.0,12.2,8.1,0.63,4.6,42.0,observed
larnaca,Juin,6,22,30,6,0.2,12.6,6.8,mid,open-meteo,27.0,9.6,16.0,8.6,0.37,4.3,38.0,observed
larnaca,Juillet,7,24,34,1,0.0,12.7,5.9,mid,open-meteo,29.0,9.2,17.7,8.6,0.54,4.6,37.0,observed
larnaca,Août,8,24,33,1,0.0,11.9,6.1,mid,open-meteo,29.8,9.3,19.1,8.1,0.5,4.7,36.0,observed
larnaca,Septembre,9,22,31,4,0.1,10.5,6.5,mid,open-meteo,28.4,9.4,17.1,7.1,0.52,4.8,34.0,observed
larnaca,Octobre,10,20,28,9,0.5,8.8,9.2,rec,open-meteo,26.1,8.9,14.1,5.7,0.44,4.5,31.0,observed
larnaca,Novembre,11,15,23,17,0.7,7.2,8.2,rec,open-meteo,22.7,7.0,11.3,4.2,0.56,4.5,31.0,observed
larnaca,Décembre,12,12,18,30,1.8,5.7,7.3,rec,open-meteo,20.1,5.2,9.0,3.3,0.73,5.3,30.0,observed
piran,Janvier,1,3,9,30,2.3,4.8,4.1,mid,open-meteo,12.8,3.8,2.2,1.6,0.38,3.5,34.0,calibrated
piran,Février,2,4,11,31,3.1,5.5,4.2,mid,open-meteo,11.8,3.9,3.3,2.3,0.3,3.6,42.0,calibrated
piran,Mars,3,6,13,30,2.4,6.6,4.3,mid,open-meteo,12.9,4.1,4.6,3.5,0.37,4.0,35.0,calibrated
piran,Avril,4,9,16,31,2.6,7.4,4.6,mid,open-meteo,15.5,4.5,7.7,5.2,0.4,3.3,36.0,calibrated
piran,Mai,5,14,20,46,4.0,7.3,7.4,rec,open-meteo,19.0,5.7,12.9,5.8,0.31,3.5,33.0,calibrated
piran,Juin,6,19,26,25,2.3,8.8,8.5,rec,open-meteo,24.0,8.2,17.1,6.7,0.32,3.1,38.0,calibrated
piran,Juillet,7,21,28,27,2.4,8.7,8.7,rec,open-meteo,27.0,9.0,18.6,7.0,0.23,2.6,41.0,calibrated
piran,Août,8,22,28,22,2.7,8.3,8.7,rec,open-meteo,27.8,9.0,18.5,6.2,0.19,2.3,42.0,calibrated
piran,Septembre,9,18,24,35,5.4,6.9,7.9,rec,open-meteo,24.2,7.4,15.0,4.6,0.57,3.7,32.0,calibrated
piran,Octobre,10,13,19,31,4.1,6.0,7.4,rec,open-meteo,20.2,5.6,12.2,2.6,0.45,3.8,26.0,calibrated
piran,Novembre,11,9,15,44,4.9,4.5,4.2,mid,open-meteo,17.6,4.2,7.6,2.0,0.42,3.4,31.0,calibrated
piran,Décembre,12,5,11,34,3.5,4.3,4.1,mid,open-meteo,13.9,3.7,4.4,1.5,0.48,4.0,29.0,calibrated
ravello,Janvier,1,4,12,45,4.1,4.8,4.1,mid,open-meteo,16.5,3.8,4.2,2.3,0.93,5.7,33.0,calibrated
ravello,Février,2,6,13,39,3.7,5.7,4.2,mid,open-meteo,15.4,3.8,5.0,3.5,0.91,5.9,40.0,calibrated
ravello,Mars,3,7,14,42,3.7,6.3,4.2,mid,open-meteo,15.6,3.9,6.0,4.8,1.05,5.7,39.0,calibrated
ravello,Avril,4,9,17,38,2.3,7.2,4.5,mid,open-meteo,17.7,4.8,8.5,6.4,0.69,5.2,39.0,calibrated
ravello,Mai,5,13,20,41,3.0,7.7,7.5,rec,open-meteo,20.3,6.0,12.5,7.1,0.5,4.9,37.0,calibrated
ravello,Juin,6,18,26,18,1.1,9.3,8.8,rec,open-meteo,24.3,8.3,16.3,7.7,0.42,4.6,37.0,calibrated
ravello,Juillet,7,20,29,15,0.7,9.4,9.0,rec,open-meteo,27.8,9.4,18.5,7.8,0.38,4.4,37.0,calibrated
ravello,Août,8,20,29,22,1.1,8.4,8.7,rec,open-meteo,29.5,9.3,18.6,7.4,0.29,4.2,37.0,calibrated
ravello,Septembre,9,18,25,32,4.4,7.2,8.1,rec,open-meteo,26.1,8.0,15.6,5.7,0.68,4.8,31.0,calibrated
ravello,Octobre,10,13,21,34,3.6,6.1,7.6,rec,open-meteo,23.0,6.5,13.3,4.4,0.61,5.1,30.0,calibrated
ravello,Novembre,11,10,17,53,7.8,4.7,4.3,mid,open-meteo,20.6,4.8,9.9,3.0,0.69,4.8,29.0,calibrated
ravello,Décembre,12,7,14,37,4.6,4.9,4.2,mid,open-meteo,18.1,4.2,6.3,2.4,0.91,5.5,29.0,calibrated
peloponnese,Janvier,1,2,10,35,2.7,5.4,4.1,mid,open-meteo,,,1.9,3.0,,,25.0,calibrated
peloponnese,Février,2,3,11,31,2.0,6.2,4.2,mid,open-meteo,,,3.0,3.9,,,27.0,calibrated
peloponnese,Mars,3,4,14,36,1.9,6.6,4.3,mid,open-meteo,,,3.8,5.7,,,33.0,calibrated
peloponnese,Avril,4,7,18,25,1.4,7.9,7.5,rec,open-meteo,,,5.7,7.2,,,37.0,calibrated
peloponnese,Mai,5,11,22,29,1.6,8.3,8.0,rec,open-meteo,,,8.7,7.6,,,39.0,calibrated
peloponnese,Juin,6,16,28,24,1.7,9.0,8.8,rec,open-meteo,,,12.0,8.5,,,39.0,calibrated
peloponnese,Juillet,7,19,31,12,0.6,9.4,8.9,rec,open-meteo,,,12.6,8.3,,,34.0,calibrated
peloponnese,Août,8,19,30,14,0.5,8.8,8.8,rec,open-meteo,,,12.4,7.7,,,33.0,calibrated
peloponnese,Septembre,9,15,27,16,1.6,7.8,8.7,rec,open-meteo,,,11.5,6.7,,,28.0,calibrated
peloponnese,Octobre,10,11,21,20,1.4,6.9,7.9,rec,open-meteo,,,9.6,5.3,,,27.0,calibrated
peloponnese,Novembre,11,8,15,32,2.4,5.7,4.4,mid,open-meteo,,,7.5,3.4,,,24.0,calibrated
peloponnese,Décembre,12,5,11,34,2.5,5.3,4.2,mid,open-meteo,,,4.2,2.5,,,24.0,calibrated
ohrid,Janvier,1,1,7,37,3.1,4.8,1.1,avoid,open-meteo,,,-0.3,2.4,,,24.0,calibrated
ohrid,Février,2,3,9,25,1.9,6.1,4.2,mid,open-meteo,,,1.1,3.5,,,26.0,calibrated
ohrid,Mars,3,4,11,37,2.6,6.3,4.2,mid,open-meteo,,,2.2,4.8,,,30.0,calibrated
ohrid,Avril,4,7,16,37,2.4,7.3,4.5,mid,open-meteo,,,5.5,6.3,,,32.0,calibrated
ohrid,Mai,5,11,19,42,2.7,7.5,7.4,rec,open-meteo,,,10.0,7.3,,,32.0,calibrated
ohrid,Juin,6,16,25,30,1.8,8.8,8.3,rec,open-meteo,,,13.6,8.0,,,30.0,calibrated
ohrid,Juillet,7,19,28,16,0.9,9.4,9.1,rec,open-meteo,,,14.6,7.9,,,32.0,calibrated
ohrid,Août,8,18,28,23,1.3,8.4,8.7,rec,open-meteo,,,14.7,7.2,,,32.0,calibrated
ohrid,Septembre,9,15,24,27,1.9,7.1,8.1,rec,open-meteo,,,12.4,5.8,,,27.0,calibrated
ohrid,Octobre,10,11,18,23,1.8,6.6,7.5,rec,open-meteo,,,9.8,4.5,,,25.0,calibrated
ohrid,Novembre,11,7,13,39,4.2,4.8,4.2,mid,open-meteo,,,6.4,2.8,,,24.0,calibrated
ohrid,Décembre,12,3,9,31,2.6,5.1,4.1,mid,open-meteo,,,2.4,2.0,,,24.0,calibrated
alacati,Janvier,1,7,13,41,4.5,5.3,4.2,mid,open-meteo,18.6,4.0,5.3,2.7,1.21,5.2,28.0,calibrated
alacati,Février,2,8,15,29,2.5,6.2,4.4,mid,open-meteo,17.1,4.2,6.3,3.9,0.99,4.8,31.0,calibrated
alacati,Mars,3,10,16,26,2.1,7.1,7.3,rec,open-meteo,17.4,4.6,7.0,5.2,0.81,4.8,37.0,calibrated
alacati,Avril,4,13,20,16,1.4,8.3,8.0,rec,open-meteo,18.4,5.7,9.4,6.7,0.88,4.5,42.0,calibrated
alacati,Mai,5,16,24,14,0.7,9.1,8.7,rec,open-meteo,20.0,7.1,12.6,7.1,0.47,3.9,38.0,calibrated
alacati,Juin,6,21,29,7,0.4,9.8,9.3,rec,open-meteo,23.4,8.8,15.8,7.8,0.57,4.1,42.0,calibrated
alacati,Juillet,7,23,32,1,0.0,10.0,6.2,mid,open-meteo,23.7,8.7,16.4,7.8,0.67,4.3,41.0,calibrated
alacati,Août,8,23,31,2,0.1,9.3,6.4,mid,open-meteo,24.8,9.1,17.4,7.3,0.56,3.9,40.0,calibrated
alacati,Septembre,9,20,28,5,0.5,8.5,9.3,rec,open-meteo,24.8,8.8,15.7,6.2,0.52,4.0,36.0,calibrated
alacati,Octobre,10,16,23,12,1.2,7.0,8.3,rec,open-meteo,22.2,7.0,13.2,4.7,0.62,4.3,32.0,calibrated
alacati,Novembre,11,13,19,32,3.4,5.9,7.4,rec,open-meteo,19.1,5.3,10.6,3.3,0.7,4.5,29.0,calibrated
alacati,Décembre,12,10,15,34,3.7,5.4,4.3,mid,open-meteo,17.7,4.2,7.6,2.2,0.97,4.8,29.0,calibrated
funchal,Janvier,1,14,19,31,2.5,5.2,7.4,rec,open-meteo,20.9,4.3,12.4,4.0,2.04,10.7,35.0,observed
funchal,Février,2,13,19,31,2.6,5.9,7.4,rec,open-meteo,20.3,4.4,11.8,5.1,1.91,9.9,42.0,observed
funchal,Mars,3,14,19,40,2.7,6.4,7.3,rec,open-meteo,19.6,4.2,12.2,6.1,1.92,9.8,31.0,observed
funchal,Avril,4,14,20,39,2.7,6.5,7.4,rec,open-meteo,20.1,5.2,13.0,7.5,1.4,8.2,35.0,observed
funchal,Mai,5,16,21,28,1.5,6.7,7.7,rec,open-meteo,21.2,6.3,14.2,7.7,0.93,9.0,26.0,observed
funchal,Juin,6,18,23,28,2.5,6.5,7.9,rec,open-meteo,22.1,6.9,16.1,7.9,0.84,6.8,24.0,observed
funchal,Juillet,7,20,26,12,0.5,7.5,8.7,rec,open-meteo,23.9,8.1,17.5,8.3,0.79,9.1,20.0,observed
funchal,Août,8,21,27,10,0.4,7.6,8.9,rec,open-meteo,24.8,8.2,18.0,8.1,1.03,8.3,22.0,observed
funchal,Septembre,9,20,25,31,1.3,7.0,8.1,rec,open-meteo,24.1,7.4,18.1,6.5,0.92,8.0,26.0,observed
funchal,Octobre,10,19,24,40,2.6,6.3,7.7,rec,open-meteo,23.8,6.4,16.7,5.4,1.42,9.0,28.0,observed
funchal,Novembre,11,16,21,40,3.0,5.5,7.4,rec,open-meteo,22.4,5.4,15.0,4.2,1.53,9.6,32.0,observed
funchal,Décembre,12,15,19,35,2.9,4.9,7.3,rec,open-meteo,21.0,4.9,13.9,3.1,1.48,8.3,40.0,observed
budva,Janvier,1,5,12,44,7.9,3.5,1.2,avoid,open-meteo,15.3,3.6,2.5,2.1,0.84,5.0,25.0,observed
budva,Février,2,7,13,41,7.7,4.9,4.2,mid,open-meteo,14.7,3.7,4.5,3.1,0.9,5.0,29.0,observed
budva,Mars,3,9,15,46,8.4,6.6,4.3,mid,open-meteo,14.7,3.7,5.6,4.4,0.98,5.1,34.0,observed
budva,Avril,4,12,18,43,4.8,8.4,7.3,rec,open-meteo,17.7,4.9,8.6,6.1,0.64,4.9,35.0,observed
budva,Mai,5,15,22,51,6.1,9.6,7.7,rec,open-meteo,20.9,6.3,13.7,6.8,0.63,4.3,37.0,observed
budva,Juin,6,21,27,29,2.6,10.7,8.8,rec,open-meteo,25.6,8.6,18.0,7.7,0.51,3.9,35.0,observed
budva,Juillet,7,23,30,18,1.7,11.3,6.3,mid,open-meteo,27.6,9.5,18.5,7.7,0.48,3.6,35.0,observed
budva,Août,8,24,30,25,2.9,10.3,6.0,mid,open-meteo,27.6,9.3,18.6,6.9,0.35,3.3,34.0,observed
budva,Septembre,9,20,26,37,6.0,8.0,8.1,rec,open-meteo,25.6,7.9,15.9,5.4,0.68,4.2,30.0,observed
budva,Octobre,10,15,21,34,7.1,6.0,7.6,rec,open-meteo,22.1,6.2,12.9,4.1,0.66,4.9,29.0,observed
budva,Novembre,11,12,17,49,13.5,3.8,4.3,mid,open-meteo,18.8,4.5,9.3,2.6,0.57,4.9,26.0,observed
budva,Décembre,12,8,13,42,9.2,3.1,4.1,mid,open-meteo,17.2,4.1,5.5,1.8,0.7,5.2,25.0,observed
trogir,Janvier,1,4,11,37,3.9,4.8,4.1,mid,open-meteo,14.0,3.7,2.1,2.1,0.63,4.0,24.0,calibrated
trogir,Février,2,6,13,33,3.1,5.7,4.3,mid,open-meteo,13.4,3.8,3.8,2.9,0.68,4.0,29.0,calibrated
trogir,Mars,3,8,15,34,3.6,6.5,4.4,mid,open-meteo,14.2,3.9,4.5,4.2,0.88,4.3,31.0,calibrated
trogir,Avril,4,10,18,34,3.2,7.3,7.4,rec,open-meteo,16.9,5.0,7.3,6.0,0.56,3.9,33.0,calibrated
trogir,Mai,5,15,22,38,3.5,7.8,7.8,rec,open-meteo,19.9,6.3,12.2,6.7,0.6,4.0,34.0,calibrated
trogir,Juin,6,20,29,20,1.6,9.1,8.8,rec,open-meteo,24.5,8.8,15.7,7.4,0.49,3.6,35.0,calibrated
trogir,Juillet,7,22,32,13,0.9,9.4,8.5,rec,open-meteo,27.6,9.3,15.8,7.4,0.48,3.3,35.0,calibrated
trogir,Août,8,22,31,16,1.9,8.7,5.9,mid,open-meteo,27.6,9.3,16.4,6.6,0.41,3.2,35.0,calibrated
trogir,Septembre,9,18,26,28,3.9,7.1,8.2,rec,open-meteo,24.8,8.0,14.3,5.2,0.6,3.9,29.0,calibrated
trogir,Octobre,10,14,21,29,3.4,6.2,7.7,rec,open-meteo,21.7,6.2,11.9,3.8,0.64,4.1,27.0,calibrated
trogir,Novembre,11,10,16,49,7.7,4.5,4.2,mid,open-meteo,18.7,4.3,8.4,2.4,0.55,4.0,24.0,calibrated
trogir,Décembre,12,6,13,40,5.1,4.4,4.2,mid,open-meteo,15.2,3.7,4.9,1.6,0.7,4.3,24.0,calibrated
taormina,Janvier,1,8,13,32,3.1,5.7,4.3,mid,open-meteo,16.2,4.2,5.7,3.0,0.64,5.3,24.0,calibrated
taormina,Février,2,8,14,31,3.7,6.2,4.3,mid,open-meteo,15.3,4.0,6.2,3.9,0.84,5.5,30.0,calibrated
taormina,Mars,3,9,15,39,3.0,6.5,4.3,mid,open-meteo,15.8,4.1,7.1,5.4,0.73,5.4,33.0,calibrated
taormina,Avril,4,11,17,25,1.7,7.8,7.4,rec,open-meteo,17.5,5.0,8.9,6.8,0.62,5.3,36.0,calibrated
taormina,Mai,5,15,21,28,2.2,8.4,7.9,rec,open-meteo,19.8,6.3,11.7,7.2,0.53,5.0,39.0,calibrated
taormina,Juin,6,20,27,15,0.8,9.5,9.0,rec,open-meteo,23.9,8.4,14.3,8.2,0.45,4.2,35.0,calibrated
taormina,Juillet,7,23,31,8,0.4,9.8,6.3,mid,open-meteo,28.0,9.5,16.1,8.2,0.3,3.8,36.0,calibrated
taormina,Août,8,23,30,17,0.9,8.6,6.0,mid,open-meteo,29.6,9.5,17.4,7.5,0.2,4.0,35.0,calibrated
taormina,Septembre,9,20,27,25,1.7,7.5,8.5,rec,open-meteo,27.9,8.6,16.8,6.2,0.4,4.3,31.0,calibrated
taormina,Octobre,10,17,22,36,4.6,6.3,7.7,rec,open-meteo,24.3,6.9,14.5,4.6,0.72,5.2,29.0,calibrated
taormina,Novembre,11,13,18,40,5.6,5.4,4.5,mid,open-meteo,22.0,5.5,11.3,2.9,0.54,5.5,27.0,calibrated
taormina,Décembre,12,9,15,27,3.4,5.6,4.4,mid,open-meteo,18.6,4.7,7.7,2.7,0.57,4.9,26.0,calibrated
siena,Janvier,1,2,10,29,1.7,4.7,4.2,mid,open-meteo,,,2.1,2.1,,,29.0,calibrated
siena,Février,2,3,13,33,2.7,5.4,4.2,mid,open-meteo,,,3.1,2.7,,,40.0,calibrated
siena,Mars,3,4,15,30,2.4,6.7,4.4,mid,open-meteo,,,3.7,4.0,,,30.0,calibrated
siena,Avril,4,7,19,32,2.4,7.4,7.5,rec,open-meteo,,,6.0,6.0,,,31.0,calibrated
siena,Mai,5,11,22,42,3.0,7.5,7.7,rec,open-meteo,,,10.3,6.7,,,29.0,calibrated
siena,Juin,6,16,29,22,1.5,9.1,8.7,rec,open-meteo,,,13.5,7.3,,,32.0,calibrated
siena,Juillet,7,19,32,17,0.8,9.4,8.4,rec,open-meteo,,,14.7,7.5,,,34.0,calibrated
siena,Août,8,19,32,19,1.2,8.5,8.3,rec,open-meteo,,,14.8,6.7,,,33.0,calibrated
siena,Septembre,9,15,26,28,2.8,7.3,8.3,rec,open-meteo,,,12.9,5.2,,,27.0,calibrated
siena,Octobre,10,11,21,27,3.4,6.2,7.7,rec,open-meteo,,,10.9,3.2,,,24.0,calibrated
siena,Novembre,11,6,15,39,3.8,4.8,4.3,mid,open-meteo,,,7.2,2.4,,,28.0,calibrated
siena,Décembre,12,3,11,34,2.9,4.3,4.1,mid,open-meteo,,,4.0,1.9,,,27.0,calibrated
goteborg,Janvier,1,-1,3,46,2.8,1.4,0.6,avoid,open-meteo,1.6,2.9,-1.1,0.6,0.73,5.2,24.0,observed
goteborg,Février,2,-1,4,43,2.8,2.4,0.7,avoid,open-meteo,2.5,3.2,-1.0,1.1,0.71,4.8,22.0,observed
goteborg,Mars,3,0,6,38,2.2,5.4,1.1,avoid,open-meteo,4.4,3.8,-0.3,2.3,0.47,4.0,26.0,observed
goteborg,Avril,4,3,10,33,1.7,7.0,4.2,mid,open-meteo,7.6,4.2,1.3,3.8,0.46,4.2,29.0,observed
goteborg,Mai,5,8,15,37,2.1,7.7,4.4,mid,open-meteo,15.2,4.6,6.4,5.2,0.29,3.1,30.0,observed
goteborg,Juin,6,12,19,43,2.9,8.5,7.4,rec,open-meteo,17.7,5.4,10.9,5.4,0.58,4.3,28.0,observed
goteborg,Juillet,7,13,20,53,3.5,7.5,7.3,rec,open-meteo,19.2,5.7,12.6,5.3,0.57,4.0,26.0,observed
goteborg,Août,8,13,19,55,3.7,6.3,4.5,mid,open-meteo,19.4,5.3,12.9,4.5,0.61,4.4,27.0,observed
goteborg,Septembre,9,11,17,45,3.5,5.6,4.4,mid,open-meteo,17.3,4.5,10.6,3.4,0.38,4.0,24.0,observed
goteborg,Octobre,10,7,12,57,3.6,3.2,0.9,avoid,open-meteo,11.9,3.2,6.7,1.7,0.66,4.7,23.0,observed
goteborg,Novembre,11,3,7,46,2.7,1.6,0.7,avoid,open-meteo,8.2,2.9,3.2,0.8,0.66,4.8,22.0,observed
goteborg,Décembre,12,1,5,51,2.7,1.0,0.6,avoid,open-meteo,5.0,2.7,0.8,0.4,0.68,5.0,22.0,observed
innsbruck,Janvier,1,-3,6,43,2.9,3.2,0.8,avoid,open-meteo,,,-3.9,1.7,,,22.0,observed
innsbruck,Février,2,-1,8,41,2.4,4.4,1.1,avoid,open-meteo,,,-2.2,2.5,,,24.0,observed
innsbruck,Mars,3,2,11,49,2.8,5.3,4.1,mid,open-meteo,,,0.4,3.9,,,26.0,observed
innsbruck,Avril,4,5,16,50,3.1,6.1,4.3,mid,open-meteo,,,3.6,5.2,,,28.0,observed
innsbruck,Mai,5,9,19,66,5.4,6.6,4.4,mid,open-meteo,,,8.9,5.2,,,25.0,observed
innsbruck,Juin,6,14,25,58,5.4,6.6,7.5,rec,open-meteo,,,13.5,5.7,,,26.0,observed
innsbruck,Juillet,7,15,25,63,5.0,7.5,7.5,rec,open-meteo,,,15.2,6.1,,,25.0,observed
innsbruck,Août,8,15,26,49,5.2,6.8,7.8,rec,open-meteo,,,15.3,5.7,,,26.0,observed
innsbruck,Septembre,9,12,22,46,4.6,6.1,7.5,rec,open-meteo,,,11.6,4.0,,,23.0,observed
innsbruck,Octobre,10,8,17,41,3.3,5.3,4.4,mid,open-meteo,,,7.9,2.8,,,19.0,observed
innsbruck,Novembre,11,2,11,37,3.1,3.4,4.1,mid,open-meteo,,,2.0,2.1,,,25.0,observed
innsbruck,Décembre,12,-1,7,42,2.7,2.7,0.8,avoid,open-meteo,,,-1.7,1.5,,,24.0,observed
ghent,Janvier,1,2,7,45,2.6,2.1,0.8,avoid,open-meteo,,,2.1,1.1,,,28.0,observed
ghent,Février,2,3,9,42,2.2,2.9,1.0,avoid,open-meteo,,,2.4,1.4,,,25.0,observed
ghent,Mars,3,4,11,41,2.1,4.5,4.1,mid,open-meteo,,,3.3,3.0,,,31.0,observed
ghent,Avril,4,6,14,38,1.6,6.4,4.3,mid,open-meteo,,,4.6,4.5,,,28.0,observed
ghent,Mai,5,9,18,36,2.0,7.1,7.3,rec,open-meteo,,,8.4,5.5,,,34.0,observed
ghent,Juin,6,13,22,36,2.3,7.2,7.8,rec,open-meteo,,,11.8,5.7,,,30.0,observed
ghent,Juillet,7,14,22,37,2.0,7.2,7.7,rec,open-meteo,,,12.9,5.8,,,26.0,observed
ghent,Août,8,14,23,37,2.0,6.8,7.8,rec,open-meteo,,,13.6,5.2,,,30.0,observed
ghent,Septembre,9,13,20,34,1.9,5.5,7.4,rec,open-meteo,,,11.6,3.8,,,28.0,observed
ghent,Octobre,10,10,16,43,2.4,3.9,4.3,mid,open-meteo,,,9.3,2.4,,,24.0,observed
ghent,Novembre,11,5,11,44,2.4,2.4,1.0,avoid,open-meteo,,,5.7,1.4,,,38.0,observed
ghent,Décembre,12,4,8,43,2.4,1.8,0.8,avoid,open-meteo,,,4.1,0.9,,,34.0,observed
hallstatt,Janvier,1,-2,5,55,4.9,3.1,0.6,avoid,open-meteo,,,-1.9,1.7,,,25.0,calibrated
hallstatt,Février,2,0,8,48,4.2,4.2,0.9,avoid,open-meteo,,,-0.8,2.4,,,25.0,calibrated
hallstatt,Mars,3,2,10,51,3.8,5.0,1.1,avoid,open-meteo,,,1.0,4.0,,,28.0,calibrated
hallstatt,Avril,4,4,14,50,4.1,6.2,4.2,mid,open-meteo,,,4.1,5.3,,,30.0,calibrated
hallstatt,Mai,5,9,18,68,6.1,5.1,4.2,mid,open-meteo,,,9.6,5.6,,,28.0,calibrated
hallstatt,Juin,6,14,23,62,5.6,6.5,7.4,rec,open-meteo,,,14.2,6.0,,,28.0,calibrated
hallstatt,Juillet,7,15,24,66,6.0,6.2,7.3,rec,open-meteo,,,15.7,6.1,,,28.0,calibrated
hallstatt,Août,8,15,25,59,6.0,6.3,7.5,rec,open-meteo,,,16.1,6.0,,,28.0,calibrated
hallstatt,Septembre,9,12,21,50,5.4,5.9,7.3,rec,open-meteo,,,12.3,4.0,,,26.0,calibrated
hallstatt,Octobre,10,8,18,45,4.3,5.0,4.4,mid,open-meteo,,,9.0,2.9,,,22.0,calibrated
hallstatt,Novembre,11,3,10,43,3.9,4.1,1.1,avoid,open-meteo,,,3.5,2.1,,,25.0,calibrated
hallstatt,Décembre,12,0,7,52,4.7,3.2,0.7,avoid,open-meteo,,,0.0,1.5,,,26.0,calibrated
lviv,Janvier,1,-3,1,41,1.6,2.1,0.7,avoid,open-meteo,,,-3.9,1.1,,,28.0,observed
lviv,Février,2,-2,4,41,1.9,2.8,0.8,avoid,open-meteo,,,-2.3,1.7,,,27.0,observed
lviv,Mars,3,0,8,37,1.7,3.6,1.1,avoid,open-meteo,,,-1.0,2.8,,,32.0,observed
lviv,Avril,4,5,14,36,1.9,6.3,4.3,mid,open-meteo,,,2.9,4.2,,,29.0,observed
lviv,Mai,5,9,18,47,2.6,7.3,4.5,mid,open-meteo,,,8.1,5.7,,,28.0,observed
lviv,Juin,6,15,23,44,2.8,7.9,7.7,rec,open-meteo,,,13.4,6.1,,,28.0,observed
lviv,Juillet,7,15,24,45,3.2,8.2,7.8,rec,open-meteo,,,14.5,5.9,,,28.0,observed
lviv,Août,8,16,25,34,1.9,7.2,8.0,rec,open-meteo,,,14.3,5.3,,,30.0,observed
lviv,Septembre,9,12,20,36,2.9,6.0,7.4,rec,open-meteo,,,10.5,3.9,,,27.0,observed
lviv,Octobre,10,7,14,33,1.8,4.8,4.3,mid,open-meteo,,,6.0,2.2,,,25.0,observed
lviv,Novembre,11,1,7,37,1.7,1.9,0.9,avoid,open-meteo,,,1.8,1.5,,,32.0,observed
lviv,Décembre,12,-1,3,44,2.1,1.2,0.6,avoid,open-meteo,,,-1.4,0.9,,,37.0,observed
tanger,Janvier,1,10,16,25,2.6,5.5,4.5,mid,open-meteo,17.9,3.4,9.0,3.3,1.9,11.1,27.0,observed
tanger,Février,2,10,17,27,2.3,5.9,7.3,rec,open-meteo,17.4,3.5,9.5,4.3,1.95,10.7,30.0,observed
tanger,Mars,3,11,18,38,4.6,7.5,7.3,rec,open-meteo,16.5,3.3,10.1,5.0,2.29,10.1,34.0,observed
tanger,Avril,4,13,20,29,2.3,8.4,7.7,rec,open-meteo,17.3,4.9,11.7,6.9,1.4,8.7,36.0,observed
tanger,Mai,5,15,23,17,0.9,9.6,8.5,rec,open-meteo,17.9,6.0,13.6,7.4,1.16,7.1,33.0,observed
tanger,Juin,6,18,26,9,0.4,10.2,9.2,rec,open-meteo,19.4,7.1,15.7,7.9,1.01,6.1,32.0,observed
tanger,Juillet,7,20,29,1,0.0,11.1,9.7,rec,open-meteo,21.0,8.0,18.0,8.1,0.93,6.3,32.0,observed
tanger,Août,8,21,30,2,0.1,10.7,6.7,mid,open-meteo,23.2,8.7,18.8,7.5,0.88,7.1,36.0,observed
tanger,Septembre,9,19,27,10,0.4,9.2,9.1,rec,open-meteo,21.8,7.6,17.6,6.5,0.93,7.0,31.0,observed
tanger,Octobre,10,17,25,23,2.1,7.7,8.3,rec,open-meteo,20.4,5.9,15.7,4.8,1.67,9.3,25.0,observed
tanger,Novembre,11,13,20,30,3.4,6.0,7.5,rec,open-meteo,19.5,5.1,12.4,3.6,1.24,9.7,31.0,observed
tanger,Décembre,12,11,17,35,3.4,5.4,4.5,mid,open-meteo,18.0,4.1,10.9,3.1,1.24,10.5,29.0,observed
merzouga,Janvier,1,4,18,4,0.2,7.2,7.8,rec,open-meteo,,,-3.8,3.9,,,36.0,calibrated
merzouga,Février,2,7,20,5,0.2,7.8,8.2,rec,open-meteo,,,-2.7,4.9,,,43.0,calibrated
merzouga,Mars,3,11,24,5,0.3,8.1,8.8,rec,open-meteo,,,-2.5,6.2,,,61.0,calibrated
merzouga,Avril,4,15,29,3,0.2,8.9,9.3,rec,open-meteo,,,-1.6,7.1,,,75.0,calibrated
merzouga,Mai,5,20,34,2,0.1,9.3,5.6,mid,open-meteo,,,0.0,7.5,,,77.0,calibrated
merzouga,Juin,6,24,38,0,0.0,9.7,3.4,avoid,open-meteo,,,1.1,7.7,,,91.0,calibrated
merzouga,Juillet,7,28,42,0,0.0,9.5,2.5,avoid,open-meteo,,,1.0,7.8,,,79.0,calibrated
merzouga,Août,8,27,41,0,0.0,9.0,2.5,avoid,open-meteo,,,4.2,7.5,,,74.0,calibrated
merzouga,Septembre,9,22,36,5,0.5,8.4,4.9,mid,open-meteo,,,6.3,6.4,,,59.0,calibrated
merzouga,Octobre,10,17,30,4,0.2,7.6,9.0,rec,open-meteo,,,4.4,5.3,,,50.0,calibrated
merzouga,Novembre,11,10,23,4,0.2,7.3,8.6,rec,open-meteo,,,0.8,4.0,,,42.0,calibrated
merzouga,Décembre,12,5,18,3,0.3,7.1,7.8,rec,open-meteo,,,-0.1,3.6,,,26.0,calibrated
assouan,Janvier,1,9,22,0,0.0,9.6,8.9,rec,open-meteo,,,1.8,5.0,,,108.0,observed
assouan,Février,2,10,24,0,0.0,10.0,9.2,rec,open-meteo,,,0.8,6.1,,,118.0,observed
assouan,Mars,3,14,30,0,0.0,10.4,9.5,rec,open-meteo,,,-0.2,7.1,,,121.0,observed
assouan,Avril,4,20,36,0,0.0,10.5,5.2,mid,open-meteo,,,-0.2,7.9,,,129.0,observed
assouan,Mai,5,24,39,0,0.0,11.2,3.4,avoid,open-meteo,,,1.8,8.1,,,128.0,observed
assouan,Juin,6,27,41,0,0.0,12.1,3.0,avoid,open-meteo,,,4.3,8.1,,,118.0,observed
assouan,Juillet,7,28,41,0,0.0,12.1,3.0,avoid,open-meteo,,,6.2,8.0,,,101.0,observed
assouan,Août,8,28,42,1,0.0,11.6,2.9,avoid,open-meteo,,,8.3,7.9,,,108.0,observed
assouan,Septembre,9,26,40,0,0.0,9.9,2.8,avoid,open-meteo,,,7.7,7.5,,,126.0,observed
assouan,Octobre,10,22,36,0,0.0,10.1,5.1,mid,open-meteo,,,7.7,6.6,,,119.0,observed
assouan,Novembre,11,16,29,0,0.0,10.0,9.6,rec,open-meteo,,,6.9,5.5,,,116.0,observed
assouan,Décembre,12,11,24,0,0.0,9.3,9.1,rec,open-meteo,,,4.7,4.9,,,94.0,observed
jinja,Janvier,1,19,26,52,3.0,7.7,7.8,rec,open-meteo,,,17.9,8.5,,,60.0,calibrated
jinja,Février,2,20,27,47,2.8,7.9,8.0,rec,open-meteo,,,18.9,9.1,,,46.0,calibrated
jinja,Mars,3,20,26,64,4.9,7.2,7.5,rec,open-meteo,,,19.3,9.5,,,32.0,calibrated
jinja,Avril,4,20,25,85,8.1,5.8,4.5,mid,open-meteo,,,19.4,8.6,,,28.0,calibrated
jinja,Mai,5,20,25,76,5.1,6.5,7.3,rec,open-meteo,,,19.3,8.2,,,37.0,calibrated
jinja,Juin,6,19,25,54,2.9,7.5,7.7,rec,open-meteo,,,18.4,8.0,,,54.0,calibrated
jinja,Juillet,7,18,24,44,2.4,7.9,7.8,rec,open-meteo,,,17.6,7.8,,,61.0,calibrated
jinja,Août,8,18,25,57,2.9,7.4,7.6,rec,open-meteo,,,18.1,8.3,,,57.0,calibrated
jinja,Septembre,9,19,26,67,3.6,6.8,7.5,rec,open-meteo,,,18.7,8.7,,,52.0,calibrated
jinja,Octobre,10,19,26,66,4.4,6.7,7.5,rec,open-meteo,,,18.9,9.2,,,44.0,calibrated
jinja,Novembre,11,19,25,69,6.0,6.4,7.4,rec,open-meteo,,,18.9,8.7,,,41.0,calibrated
jinja,Décembre,12,19,25,62,4.1,7.0,7.5,rec,open-meteo,,,18.8,8.3,,,47.0,calibrated
lamu,Janvier,1,26,30,15,0.6,8.9,6.1,mid,open-meteo,29.1,9.1,22.6,8.6,0.89,5.9,22.0,calibrated
lamu,Février,2,26,30,7,0.2,9.1,6.3,mid,open-meteo,29.4,9.2,22.8,9.1,0.92,6.6,22.0,calibrated
lamu,Mars,3,26,31,25,1.2,8.4,5.7,mid,open-meteo,30.8,8.7,23.3,9.4,0.77,7.3,15.0,calibrated
lamu,Avril,4,26,30,76,5.3,6.5,4.7,mid,open-meteo,29.8,8.1,23.9,8.3,1.1,7.0,14.0,calibrated
lamu,Mai,5,25,28,77,6.9,6.4,4.8,mid,open-meteo,28.3,7.1,23.0,7.6,1.61,7.6,20.0,calibrated
lamu,Juin,6,25,28,63,3.4,6.8,7.7,rec,open-meteo,27.3,7.3,21.6,7.7,1.53,7.1,21.0,calibrated
lamu,Juillet,7,24,27,57,2.0,7.0,7.7,rec,open-meteo,26.7,7.4,20.7,7.7,1.34,6.9,23.0,calibrated
lamu,Août,8,24,27,54,1.6,7.2,7.8,rec,open-meteo,26.5,7.3,20.7,8.4,1.44,7.3,22.0,calibrated
lamu,Septembre,9,24,28,50,1.4,7.7,8.0,rec,open-meteo,27.3,7.9,21.1,8.8,1.25,6.8,20.0,calibrated
lamu,Octobre,10,25,29,44,2.1,8.0,5.4,mid,open-meteo,28.1,8.3,22.2,8.9,1.1,6.8,18.0,calibrated
lamu,Novembre,11,26,30,59,3.9,7.4,5.0,mid,open-meteo,29.3,8.6,23.3,8.5,0.75,7.0,14.0,calibrated
lamu,Décembre,12,26,30,42,1.5,8.0,5.4,mid,open-meteo,29.0,8.7,23.3,8.4,0.93,6.7,25.0,calibrated
livingstone,Janvier,1,20,28,69,6.6,6.9,7.6,rec,open-meteo,,,18.4,8.1,,,17.0,observed
livingstone,Février,2,20,28,60,6.0,6.9,7.7,rec,open-meteo,,,18.4,9.6,,,20.0,observed
livingstone,Mars,3,19,28,36,2.6,8.1,8.4,rec,open-meteo,,,17.2,8.9,,,18.0,observed
livingstone,Avril,4,17,28,13,1.0,9.1,9.1,rec,open-meteo,,,14.7,7.3,,,18.0,observed
livingstone,Mai,5,14,27,0,0.0,9.8,9.5,rec,open-meteo,,,8.9,6.6,,,20.0,observed
livingstone,Juin,6,11,25,0,0.0,9.6,9.3,rec,open-meteo,,,5.7,6.0,,,22.0,observed
livingstone,Juillet,7,11,25,0,0.0,10.0,9.3,rec,open-meteo,,,3.5,6.3,,,30.0,observed
livingstone,Août,8,13,30,0,0.0,10.3,9.5,rec,open-meteo,,,3.6,7.3,,,31.0,observed
livingstone,Septembre,9,17,34,0,0.0,9.9,5.7,mid,open-meteo,,,4.2,8.5,,,36.0,observed
livingstone,Octobre,10,21,36,5,0.2,9.0,5.0,mid,open-meteo,,,7.3,9.1,,,36.0,observed
livingstone,Novembre,11,21,34,35,2.1,7.6,4.8,mid,open-meteo,,,13.4,9.0,,,28.0,observed
livingstone,Décembre,12,20,31,53,5.1,6.7,5.0,mid,open-meteo,,,17.0,8.9,,,29.0,observed
maun,Janvier,1,20,30,46,4.1,8.5,5.4,mid,open-meteo,,,16.3,9.2,,,21.0,observed
maun,Février,2,20,30,47,4.1,7.4,5.2,mid,open-meteo,,,16.4,9.7,,,24.0,observed
maun,Mars,3,19,30,26,1.9,8.3,8.4,rec,open-meteo,,,15.2,8.6,,,22.0,observed
maun,Avril,4,17,30,7,0.5,9.3,9.1,rec,open-meteo,,,11.8,7.2,,,20.0,observed
maun,Mai,5,13,28,0,0.0,10.1,9.7,rec,open-meteo,,,4.6,6.4,,,22.0,observed
maun,Juin,6,10,25,0,0.0,10.0,9.3,rec,open-meteo,,,2.2,5.7,,,21.0,observed
maun,Juillet,7,9,25,0,0.0,9.9,9.3,rec,open-meteo,,,-0.2,6.1,,,26.0,observed
maun,Août,8,13,30,0,0.0,10.7,9.6,rec,open-meteo,,,-0.2,7.1,,,29.0,observed
maun,Septembre,9,17,34,0,0.0,10.2,5.7,mid,open-meteo,,,1.2,8.4,,,32.0,observed
maun,Octobre,10,20,36,3,0.1,9.6,5.0,mid,open-meteo,,,3.8,9.3,,,34.0,observed
maun,Novembre,11,21,35,17,1.1,8.7,5.0,mid,open-meteo,,,10.4,9.2,,,30.0,observed
maun,Décembre,12,21,33,38,3.4,7.9,7.6,rec,open-meteo,,,15.1,9.3,,,31.0,observed
tofo,Janvier,1,25,29,61,5.2,7.1,7.6,rec,open-meteo,28.8,8.2,21.8,9.2,1.14,7.3,19.0,calibrated
tofo,Février,2,25,30,59,6.1,6.8,5.0,mid,open-meteo,29.0,8.3,22.1,8.9,1.15,6.8,20.0,calibrated
tofo,Mars,3,24,29,49,2.5,7.0,7.9,rec,open-meteo,28.7,8.1,21.3,7.9,1.32,7.2,21.0,calibrated
tofo,Avril,4,23,28,34,1.5,7.1,8.3,rec,open-meteo,27.2,8.2,19.9,6.6,1.07,7.2,23.0,calibrated
tofo,Mai,5,20,26,26,1.2,7.2,8.3,rec,open-meteo,26.3,8.0,17.7,5.6,0.89,6.5,24.0,calibrated
tofo,Juin,6,19,25,30,0.9,6.9,8.1,rec,open-meteo,24.9,7.3,16.6,4.6,1.18,6.5,25.0,calibrated
tofo,Juillet,7,18,24,20,1.1,7.2,8.3,rec,open-meteo,24.2,7.4,15.8,5.3,0.77,7.8,30.0,calibrated
tofo,Août,8,19,25,17,0.6,7.6,8.5,rec,open-meteo,24.0,7.4,16.4,6.0,1.12,7.5,30.0,calibrated
tofo,Septembre,9,21,26,19,0.8,7.8,8.6,rec,open-meteo,24.6,7.6,18.1,7.5,1.16,7.3,30.0,calibrated
tofo,Octobre,10,22,27,25,1.2,8.1,8.5,rec,open-meteo,25.5,7.9,18.8,8.1,1.19,7.6,27.0,calibrated
tofo,Novembre,11,23,28,28,2.1,8.5,8.6,rec,open-meteo,27.2,8.5,19.6,9.1,1.0,6.5,25.0,calibrated
tofo,Décembre,12,25,29,40,2.9,8.2,8.2,rec,open-meteo,29.0,8.7,21.6,9.5,0.92,6.7,22.0,calibrated
etosha,Janvier,1,20,32,36,3.2,8.0,7.8,rec,open-meteo,,,13.7,9.8,,,24.0,calibrated
etosha,Février,2,20,31,39,3.4,7.8,8.0,rec,open-meteo,,,13.4,9.9,,,23.0,calibrated
etosha,Mars,3,20,30,30,2.6,8.0,8.3,rec,open-meteo,,,14.0,9.4,,,22.0,calibrated
etosha,Avril,4,18,30,10,0.7,8.4,8.9,rec,open-meteo,,,11.0,8.1,,,20.0,calibrated
etosha,Mai,5,15,29,1,0.0,8.3,9.3,rec,open-meteo,,,2.5,7.0,,,22.0,calibrated
etosha,Juin,6,12,26,0,0.0,8.1,9.1,rec,open-meteo,,,-0.8,6.3,,,22.0,calibrated
etosha,Juillet,7,11,26,0,0.0,8.3,9.2,rec,open-meteo,,,-3.1,6.6,,,30.0,calibrated
etosha,Août,8,14,30,0,0.0,8.7,9.2,rec,open-meteo,,,-4.0,7.7,,,32.0,calibrated
etosha,Septembre,9,18,34,0,0.0,9.1,5.6,mid,open-meteo,,,-3.0,8.9,,,36.0,calibrated
etosha,Octobre,10,21,36,3,0.1,9.2,5.0,mid,open-meteo,,,0.5,9.9,,,35.0,calibrated
etosha,Novembre,11,22,35,17,0.6,9.1,5.0,mid,open-meteo,,,6.5,10.1,,,29.0,calibrated
etosha,Décembre,12,22,34,29,2.5,8.5,5.0,mid,open-meteo,,,10.7,10.0,,,28.0,calibrated
ras-al-khaimah,Janvier,1,16,23,9,0.9,7.4,8.5,rec,open-meteo,23.8,7.3,11.4,5.1,0.68,4.4,62.0,observed
ras-al-khaimah,Février,2,17,24,8,0.5,7.8,8.6,rec,open-meteo,22.6,7.2,11.7,5.9,0.97,4.7,66.0,observed
ras-al-khaimah,Mars,3,20,28,7,0.6,8.0,9.2,rec,open-meteo,24.1,8.4,12.4,7.1,0.63,4.2,78.0,observed
ras-al-khaimah,Avril,4,24,32,3,0.6,9.5,8.8,rec,open-meteo,26.6,9.1,12.6,8.0,0.44,3.4,76.0,observed
ras-al-khaimah,Mai,5,28,37,0,0.0,10.8,5.0,mid,open-meteo,30.3,8.6,14.7,8.4,0.47,3.9,77.0,observed
ras-al-khaimah,Juin,6,30,39,0,0.0,10.6,3.3,avoid,open-meteo,33.9,7.5,18.8,8.7,0.33,3.6,86.0,observed
ras-al-khaimah,Juillet,7,32,40,1,0.1,9.4,2.7,avoid,open-meteo,34.9,7.0,21.9,8.6,0.41,4.4,114.0,observed
ras-al-khaimah,Août,8,32,39,0,0.0,9.7,3.1,avoid,open-meteo,34.7,7.2,21.6,8.4,0.22,3.5,104.0,observed
ras-al-khaimah,Septembre,9,29,37,0,0.0,9.8,4.9,mid,open-meteo,33.4,7.8,19.6,7.8,0.29,4.4,97.0,observed
ras-al-khaimah,Octobre,10,27,34,2,0.1,9.6,5.6,mid,open-meteo,31.8,8.5,17.8,6.7,0.48,4.1,67.0,observed
ras-al-khaimah,Novembre,11,22,30,5,0.4,8.7,9.1,rec,open-meteo,28.9,9.4,15.2,5.4,0.5,4.5,64.0,observed
ras-al-khaimah,Décembre,12,18,26,6,0.5,7.5,8.9,rec,open-meteo,24.5,8.1,12.8,4.7,0.54,4.4,57.0,observed
aqaba,Janvier,1,11,21,3,0.2,7.3,8.3,rec,open-meteo,23.2,5.9,4.9,4.3,,,35.0,calibrated
aqaba,Février,2,12,22,7,0.3,7.4,8.4,rec,open-meteo,22.2,5.8,4.8,5.2,,,42.0,calibrated
aqaba,Mars,3,14,25,5,0.3,8.3,8.9,rec,open-meteo,22.2,6.7,4.9,6.6,,,47.0,calibrated
aqaba,Avril,4,18,32,2,0.1,9.0,8.8,rec,open-meteo,23.2,8.0,5.5,7.5,,,63.0,calibrated
aqaba,Mai,5,22,35,1,0.1,9.7,5.3,mid,open-meteo,24.7,8.0,7.2,8.0,,,60.0,calibrated
aqaba,Juin,6,25,39,0,0.0,9.9,3.1,avoid,open-meteo,26.9,7.7,10.8,8.2,,,53.0,calibrated
aqaba,Juillet,7,27,40,0,0.0,9.8,2.8,avoid,open-meteo,30.0,7.6,12.9,8.2,,,49.0,calibrated
aqaba,Août,8,27,40,0,0.0,9.4,2.7,avoid,open-meteo,30.4,7.5,15.1,7.9,,,50.0,calibrated
aqaba,Septembre,9,25,37,0,0.0,8.6,4.8,mid,open-meteo,28.5,8.1,15.3,7.2,,,45.0,calibrated
aqaba,Octobre,10,22,32,1,0.0,8.2,8.7,rec,open-meteo,26.1,8.6,13.8,6.0,,,45.0,calibrated
aqaba,Novembre,11,17,27,1,0.1,7.6,9.2,rec,open-meteo,24.3,7.8,10.1,4.7,,,42.0,calibrated
aqaba,Décembre,12,13,22,3,0.2,7.0,8.5,rec,open-meteo,22.8,5.9,6.8,4.0,,,45.0,calibrated
salalah,Janvier,1,18,26,4,0.2,9.3,9.2,rec,open-meteo,25.8,8.4,11.1,6.6,0.75,7.9,118.0,observed
salalah,Février,2,19,27,2,0.1,9.1,9.4,rec,open-meteo,26.5,8.8,11.9,7.5,0.63,9.2,141.0,observed
salalah,Mars,3,22,29,5,0.5,9.6,9.3,rec,open-meteo,28.1,9.1,15.5,8.3,0.65,9.6,185.0,observed
salalah,Avril,4,25,31,7,0.3,10.3,6.4,mid,open-meteo,28.8,9.1,19.8,8.6,0.82,9.2,133.0,observed
salalah,Mai,5,26,32,13,3.2,10.8,6.0,mid,open-meteo,30.9,8.6,23.0,8.4,1.07,9.0,116.0,observed
salalah,Juin,6,26,31,27,1.0,6.7,5.5,mid,open-meteo,30.6,7.4,24.7,8.2,2.03,7.7,130.0,observed
salalah,Juillet,7,25,29,41,1.9,1.4,4.9,mid,open-meteo,27.0,6.8,23.8,4.5,2.6,8.1,197.0,observed
salalah,Août,8,24,28,37,1.0,1.4,5.0,mid,open-meteo,25.4,6.6,23.3,4.3,2.08,7.7,155.0,observed
salalah,Septembre,9,24,29,31,1.0,6.3,5.5,mid,open-meteo,27.3,7.6,23.0,7.9,1.73,8.0,97.0,observed
salalah,Octobre,10,23,30,10,0.9,10.2,6.4,mid,open-meteo,28.0,9.1,19.4,7.5,0.86,9.3,76.0,observed
salalah,Novembre,11,22,30,5,0.2,10.2,6.5,mid,open-meteo,28.9,9.3,16.6,6.7,0.79,9.0,79.0,observed
salalah,Décembre,12,20,28,4,0.1,9.6,9.5,rec,open-meteo,26.0,8.7,11.7,6.3,0.9,7.9,182.0,observed
al-ula,Janvier,1,7,21,3,0.2,7.7,8.4,rec,open-meteo,,,0.9,4.9,,,62.0,calibrated
al-ula,Février,2,8,22,3,0.2,8.0,8.6,rec,open-meteo,,,-0.4,6.0,,,75.0,calibrated
al-ula,Mars,3,13,28,3,0.3,8.3,9.3,rec,open-meteo,,,-0.3,7.2,,,91.0,calibrated
al-ula,Avril,4,18,32,3,0.2,9.0,8.7,rec,open-meteo,,,0.3,8.0,,,91.0,calibrated
al-ula,Mai,5,22,37,1,0.0,9.7,4.9,mid,open-meteo,,,0.9,8.4,,,96.0,calibrated
al-ula,Juin,6,25,41,0,0.0,9.9,2.6,avoid,open-meteo,,,2.2,8.4,,,65.0,calibrated
al-ula,Juillet,7,25,41,0,0.0,9.8,2.6,avoid,open-meteo,,,5.8,8.4,,,60.0,calibrated
al-ula,Août,8,27,42,0,0.0,9.5,2.5,avoid,open-meteo,,,6.4,8.3,,,61.0,calibrated
al-ula,Septembre,9,25,40,0,0.0,8.6,2.6,avoid,open-meteo,,,4.4,7.7,,,66.0,calibrated
al-ula,Octobre,10,20,35,2,0.0,8.2,5.2,mid,open-meteo,,,4.4,6.6,,,69.0,calibrated
al-ula,Novembre,11,15,28,5,0.4,7.5,9.1,rec,open-meteo,,,6.5,5.3,,,52.0,calibrated
al-ula,Décembre,12,10,22,3,0.2,7.4,8.5,rec,open-meteo,,,2.8,4.7,,,58.0,calibrated
wadi-rum,Janvier,1,4,14,5,0.2,7.2,7.4,rec,open-meteo,,,-0.3,4.5,,,55.0,calibrated
wadi-rum,Février,2,4,16,6,0.2,7.6,7.6,rec,open-meteo,,,-0.8,5.5,,,57.0,calibrated
wadi-rum,Mars,3,8,20,6,0.3,8.3,8.2,rec,open-meteo,,,-0.3,6.8,,,76.0,calibrated
wadi-rum,Avril,4,12,26,3,0.1,9.0,9.2,rec,open-meteo,,,0.3,7.7,,,92.0,calibrated
wadi-rum,Mai,5,16,31,2,0.1,9.6,9.2,rec,open-meteo,,,2.2,8.2,,,99.0,calibrated
wadi-rum,Juin,6,20,34,0,0.0,9.9,5.7,mid,open-meteo,,,6.1,8.4,,,75.0,calibrated
wadi-rum,Juillet,7,21,34,0,0.0,9.8,5.6,mid,open-meteo,,,8.4,8.4,,,70.0,calibrated
wadi-rum,Août,8,21,34,0,0.0,9.5,5.6,mid,open-meteo,,,9.9,8.1,,,73.0,calibrated
wadi-rum,Septembre,9,19,33,0,0.0,8.6,8.5,rec,open-meteo,,,9.3,7.4,,,58.0,calibrated
wadi-rum,Octobre,10,15,28,2,0.0,8.1,9.3,rec,open-meteo,,,7.4,6.2,,,56.0,calibrated
wadi-rum,Novembre,11,10,22,3,0.1,7.5,8.5,rec,open-meteo,,,4.9,4.9,,,49.0,calibrated
wadi-rum,Décembre,12,6,16,5,0.2,7.1,7.5,rec,open-meteo,,,1.5,4.2,,,50.0,calibrated
raja-ampat,Janvier,1,23,29,85,11.1,5.2,4.5,mid,open-meteo,30.0,8.0,23.5,7.7,0.16,7.9,15.0,calibrated
raja-ampat,Février,2,23,29,82,8.5,5.8,4.6,mid,open-meteo,29.8,8.1,23.2,8.5,0.12,6.1,15.0,calibrated
raja-ampat,Mars,3,23,29,87,10.6,5.5,4.5,mid,open-meteo,30.0,8.0,23.4,8.8,0.13,5.9,13.0,calibrated
raja-ampat,Avril,4,23,29,92,13.6,5.5,4.5,mid,open-meteo,30.5,7.9,23.8,8.4,0.07,5.1,12.0,calibrated
raja-ampat,Mai,5,24,29,95,14.0,5.6,4.4,mid,open-meteo,30.3,7.9,24.0,7.3,0.11,4.5,11.0,calibrated
raja-ampat,Juin,6,23,28,94,15.3,5.3,4.5,mid,open-meteo,29.9,7.8,23.6,6.7,0.12,4.2,11.0,calibrated
raja-ampat,Juillet,7,23,28,90,13.5,5.2,4.5,mid,open-meteo,29.5,7.8,23.1,6.9,0.19,2.7,14.0,calibrated
raja-ampat,Août,8,23,28,85,11.0,5.7,4.6,mid,open-meteo,29.8,7.9,23.0,8.1,0.14,2.8,13.0,calibrated
raja-ampat,Septembre,9,23,29,90,12.4,5.8,4.5,mid,open-meteo,30.0,8.1,23.1,8.4,0.18,4.4,13.0,calibrated
raja-ampat,Octobre,10,23,29,88,11.7,6.0,4.5,mid,open-meteo,30.3,8.1,23.5,8.8,0.12,6.9,13.0,calibrated
raja-ampat,Novembre,11,23,29,94,11.2,5.7,4.4,mid,open-meteo,30.6,7.9,23.8,8.6,0.08,8.2,11.0,calibrated
raja-ampat,Décembre,12,23,29,94,11.4,5.3,4.4,mid,open-meteo,30.7,7.8,23.8,7.2,0.15,8.2,15.0,calibrated
yogyakarta,Janvier,1,23,30,92,10.4,4.0,4.3,mid,open-meteo,29.3,7.1,23.1,8.4,,,29.0,calibrated
yogyakarta,Février,2,23,30,95,12.3,3.8,4.3,mid,open-meteo,30.8,6.9,23.3,9.2,,,37.0,calibrated
yogyakarta,Mars,3,23,30,92,10.1,4.3,4.4,mid,open-meteo,30.6,7.1,23.3,8.2,,,36.0,calibrated
yogyakarta,Avril,4,23,30,88,8.1,5.1,4.4,mid,open-meteo,29.8,7.4,23.5,7.8,,,29.0,calibrated
yogyakarta,Mai,5,23,31,63,5.2,6.5,4.8,mid,open-meteo,27.4,7.9,22.8,7.4,,,27.0,calibrated
yogyakarta,Juin,6,22,31,54,4.8,6.9,5.0,mid,open-meteo,28.3,8.2,21.9,6.7,,,30.0,calibrated
yogyakarta,Juillet,7,22,30,33,1.6,7.7,5.5,mid,open-meteo,27.0,8.6,20.6,7.0,,,26.0,calibrated
yogyakarta,Août,8,21,31,35,1.7,7.7,5.4,mid,open-meteo,25.1,7.9,20.2,7.9,,,23.0,calibrated
yogyakarta,Septembre,9,22,31,54,3.7,6.9,5.0,mid,open-meteo,27.2,8.0,20.8,8.5,,,29.0,calibrated
yogyakarta,Octobre,10,23,31,76,6.7,5.8,4.6,mid,open-meteo,28.2,7.7,21.9,8.3,,,27.0,calibrated
yogyakarta,Novembre,11,23,30,92,13.2,4.1,4.3,mid,open-meteo,30.3,7.1,23.1,8.5,,,63.0,calibrated
yogyakarta,Décembre,12,23,30,89,9.4,4.2,4.4,mid,open-meteo,30.2,7.1,23.1,7.7,,,67.0,calibrated
labuan-bajo,Janvier,1,24,28,90,19.1,4.9,4.5,mid,open-meteo,29.2,7.7,24.0,7.8,0.53,5.1,45.0,calibrated
labuan-bajo,Février,2,24,28,94,18.3,4.9,4.4,mid,open-meteo,28.7,7.7,24.0,8.7,0.45,4.2,28.0,calibrated
labuan-bajo,Mars,3,24,29,91,12.6,5.4,4.5,mid,open-meteo,29.3,8.0,24.2,7.7,0.48,5.7,33.0,calibrated
labuan-bajo,Avril,4,24,29,59,5.0,7.1,5.1,mid,open-meteo,30.0,8.6,23.7,8.1,0.27,5.6,39.0,calibrated
labuan-bajo,Mai,5,24,30,40,1.9,7.7,5.4,mid,open-meteo,30.3,9.0,22.7,7.6,0.27,6.0,27.0,calibrated
labuan-bajo,Juin,6,23,29,39,2.0,7.7,8.1,rec,open-meteo,29.6,8.9,21.9,6.9,0.3,6.0,33.0,calibrated
labuan-bajo,Juillet,7,23,29,26,1.3,8.1,8.5,rec,open-meteo,28.9,9.0,20.6,7.2,0.35,5.7,22.0,calibrated
labuan-bajo,Août,8,22,29,23,0.9,8.4,8.6,rec,open-meteo,28.6,9.1,20.6,8.1,0.27,7.0,25.0,calibrated
labuan-bajo,Septembre,9,23,30,37,1.8,8.0,5.5,mid,open-meteo,29.1,9.1,21.6,9.0,0.26,6.5,59.0,calibrated
labuan-bajo,Octobre,10,24,30,48,2.8,7.6,5.2,mid,open-meteo,29.9,9.0,22.8,9.3,0.32,7.3,51.0,calibrated
labuan-bajo,Novembre,11,24,30,74,4.8,6.6,4.7,mid,open-meteo,30.9,8.4,23.9,9.1,0.15,7.5,70.0,calibrated
labuan-bajo,Décembre,12,24,29,84,10.7,5.3,4.5,mid,open-meteo,29.7,8.0,24.2,7.0,0.54,4.7,44.0,calibrated
chiang-rai,Janvier,1,15,26,15,1.2,8.0,8.7,rec,open-meteo,,,14.8,6.5,,,33.0,observed
chiang-rai,Février,2,15,29,10,0.8,8.6,9.0,rec,open-meteo,,,14.3,7.5,,,42.0,observed
chiang-rai,Mars,3,18,33,9,0.5,7.9,8.2,rec,open-meteo,,,15.8,8.6,,,60.0,observed
chiang-rai,Avril,4,21,34,26,2.2,8.2,5.0,mid,open-meteo,,,18.5,9.1,,,67.0,observed
chiang-rai,Mai,5,23,32,56,6.1,7.0,4.8,mid,open-meteo,,,21.9,8.7,,,44.0,observed
chiang-rai,Juin,6,23,30,84,8.4,5.3,4.5,mid,open-meteo,,,23.1,7.7,,,24.0,observed
chiang-rai,Juillet,7,23,30,85,9.8,4.0,4.4,mid,open-meteo,,,23.2,7.4,,,21.0,observed
chiang-rai,Août,8,23,29,88,11.4,4.1,4.4,mid,open-meteo,,,23.3,6.5,,,20.0,observed
chiang-rai,Septembre,9,22,29,76,9.6,5.4,4.7,mid,open-meteo,,,22.9,7.2,,,24.0,observed
chiang-rai,Octobre,10,22,29,60,5.7,6.4,7.6,rec,open-meteo,,,21.4,7.1,,,27.0,observed
chiang-rai,Novembre,11,20,28,32,2.7,7.5,8.4,rec,open-meteo,,,19.0,6.1,,,31.0,observed
chiang-rai,Décembre,12,16,26,15,1.0,7.2,8.6,rec,open-meteo,,,15.9,5.9,,,40.0,observed
ninh-binh,Janvier,1,15,22,35,1.9,3.8,7.5,rec,open-meteo,,,13.8,3.7,,,58.0,calibrated
ninh-binh,Février,2,16,23,30,1.4,4.1,7.7,rec,open-meteo,,,14.9,4.7,,,56.0,calibrated
ninh-binh,Mars,3,19,26,31,1.7,4.2,7.9,rec,open-meteo,,,19.1,5.9,,,68.0,calibrated
ninh-binh,Avril,4,23,28,30,3.0,6.2,8.3,rec,open-meteo,,,21.7,7.4,,,66.0,calibrated
ninh-binh,Mai,5,25,31,55,6.2,6.2,4.9,mid,open-meteo,,,24.5,7.2,,,65.0,calibrated
ninh-binh,Juin,6,27,34,55,5.9,6.5,4.5,mid,open-meteo,,,25.3,7.8,,,57.0,calibrated
ninh-binh,Juillet,7,26,33,62,9.9,5.9,4.5,mid,open-meteo,,,25.3,7.2,,,51.0,calibrated
ninh-binh,Août,8,26,32,76,12.2,4.6,4.4,mid,open-meteo,,,25.7,7.9,,,68.0,calibrated
ninh-binh,Septembre,9,25,31,77,11.8,4.8,4.5,mid,open-meteo,,,24.7,6.3,,,67.0,calibrated
ninh-binh,Octobre,10,22,28,52,7.4,5.7,7.8,rec,open-meteo,,,20.8,6.8,,,69.0,calibrated
ninh-binh,Novembre,11,19,26,33,3.1,6.2,8.0,rec,open-meteo,,,18.4,5.5,,,79.0,calibrated
ninh-binh,Décembre,12,15,22,23,1.4,5.1,7.8,rec,open-meteo,,,12.9,3.9,,,87.0,calibrated
coron,Janvier,1,25,30,24,1.6,7.9,5.8,mid,open-meteo,28.7,9.1,22.5,7.3,0.67,4.9,31.0,calibrated
coron,Février,2,25,30,24,1.1,8.1,5.8,mid,open-meteo,27.5,9.0,21.8,8.3,0.74,5.3,29.0,calibrated
coron,Mars,3,26,32,20,0.8,8.5,5.6,mid,open-meteo,27.7,8.9,22.4,9.0,0.61,4.7,28.0,calibrated
coron,Avril,4,26,33,30,1.3,8.3,5.1,mid,open-meteo,29.2,8.7,23.3,9.2,0.6,4.6,20.0,calibrated
coron,Mai,5,27,32,67,5.1,6.8,4.6,mid,open-meteo,30.8,8.2,24.7,8.5,0.41,4.0,29.0,calibrated
coron,Juin,6,26,30,93,10.2,5.2,4.4,mid,open-meteo,31.1,7.9,24.9,7.9,0.26,5.1,22.0,calibrated
coron,Juillet,7,25,29,92,13.4,4.3,4.4,mid,open-meteo,30.2,7.8,24.7,6.4,0.4,5.4,24.0,calibrated
coron,Août,8,26,30,86,10.9,5.1,4.5,mid,open-meteo,30.6,8.1,24.7,7.9,0.22,4.3,21.0,calibrated
coron,Septembre,9,25,29,93,12.5,4.6,4.4,mid,open-meteo,29.7,7.8,24.7,6.9,0.53,5.7,23.0,calibrated
coron,Octobre,10,25,30,88,10.2,5.3,4.5,mid,open-meteo,30.4,8.1,24.6,7.2,0.34,5.8,25.0,calibrated
coron,Novembre,11,26,30,52,4.7,6.8,5.1,mid,open-meteo,30.0,8.8,24.3,7.5,0.38,5.5,27.0,calibrated
coron,Décembre,12,25,30,43,4.8,7.1,5.3,mid,open-meteo,29.6,8.9,23.7,6.6,0.61,4.8,25.0,calibrated
battambang,Janvier,1,22,32,10,0.7,8.3,5.8,mid,open-meteo,,,17.9,7.3,,,34.0,calibrated
battambang,Février,2,23,34,15,0.9,8.2,5.2,mid,open-meteo,,,18.5,8.3,,,47.0,calibrated
battambang,Mars,3,25,35,33,2.3,7.7,4.6,mid,open-meteo,,,21.4,8.7,,,48.0,calibrated
battambang,Avril,4,26,35,52,3.6,7.3,4.4,mid,open-meteo,,,22.8,9.2,,,34.0,calibrated
battambang,Mai,5,26,34,76,5.3,5.7,5.0,avoid,open-meteo,,,23.9,8.3,,,34.0,calibrated
battambang,Juin,6,26,34,63,3.8,6.3,4.4,mid,open-meteo,,,23.5,7.2,,,19.0,calibrated
battambang,Juillet,7,25,33,74,4.6,5.3,4.3,mid,open-meteo,,,23.5,6.0,,,18.0,calibrated
battambang,Août,8,25,33,79,4.5,5.2,4.3,mid,open-meteo,,,23.5,8.0,,,18.0,calibrated
battambang,Septembre,9,24,32,89,8.9,4.3,4.2,mid,open-meteo,,,23.9,7.8,,,22.0,calibrated
battambang,Octobre,10,24,31,76,7.9,5.2,4.5,mid,open-meteo,,,23.5,7.5,,,28.0,calibrated
battambang,Novembre,11,23,30,45,3.6,6.7,5.2,mid,open-meteo,,,21.9,6.8,,,30.0,calibrated
battambang,Décembre,12,22,30,17,0.9,7.8,5.9,mid,open-meteo,,,18.9,6.6,,,34.0,calibrated
luzon,Janvier,1,20,26,65,5.1,5.2,7.4,rec,open-meteo,,,19.1,6.0,,,24.0,calibrated
luzon,Février,2,20,26,58,4.5,6.0,7.5,rec,open-meteo,,,18.9,7.5,,,23.0,calibrated
luzon,Mars,3,21,29,51,3.8,7.1,7.8,rec,open-meteo,,,20.0,8.3,,,26.0,calibrated
luzon,Avril,4,22,31,54,4.4,7.2,5.0,mid,open-meteo,,,21.2,9.1,,,21.0,calibrated
luzon,Mai,5,24,32,66,7.0,6.4,4.6,mid,open-meteo,,,22.7,8.6,,,20.0,calibrated
luzon,Juin,6,24,32,83,9.4,5.8,4.4,mid,open-meteo,,,23.4,8.6,,,23.0,calibrated
luzon,Juillet,7,23,31,89,12.9,4.9,4.4,mid,open-meteo,,,23.5,7.6,,,17.0,calibrated
luzon,Août,8,23,30,86,11.7,4.8,4.4,mid,open-meteo,,,23.5,8.6,,,22.0,calibrated
luzon,Septembre,9,23,30,87,11.7,4.8,4.4,mid,open-meteo,,,23.2,6.1,,,19.0,calibrated
luzon,Octobre,10,22,29,85,13.1,5.0,4.5,mid,open-meteo,,,22.3,6.8,,,20.0,calibrated
luzon,Novembre,11,22,28,84,11.6,4.9,4.6,mid,open-meteo,,,21.7,5.7,,,22.0,calibrated
luzon,Décembre,12,21,26,78,11.3,4.2,4.5,mid,open-meteo,,,20.5,3.7,,,24.0,calibrated
nara,Janvier,1,0,8,27,1.8,3.7,4.1,mid,open-meteo,,,-0.3,3.1,,,35.0,observed
nara,Février,2,0,9,31,2.3,4.1,4.1,mid,open-meteo,,,-0.0,3.7,,,33.0,observed
nara,Mars,3,3,13,36,3.6,5.0,4.2,mid,open-meteo,,,3.6,4.7,,,45.0,observed
nara,Avril,4,8,19,39,4.8,6.0,7.3,rec,open-meteo,,,8.6,5.4,,,54.0,observed
nara,Mai,5,13,24,39,6.0,6.1,7.7,rec,open-meteo,,,12.9,6.0,,,46.0,observed
nara,Juin,6,18,27,49,8.3,4.6,7.6,rec,open-meteo,,,17.6,6.8,,,56.0,observed
nara,Juillet,7,23,31,53,7.8,5.1,4.9,mid,open-meteo,,,22.7,7.1,,,42.0,observed
nara,Août,8,25,32,41,5.5,6.6,5.0,mid,open-meteo,,,23.0,7.2,,,44.0,observed
nara,Septembre,9,21,29,48,6.5,5.1,7.7,rec,open-meteo,,,19.9,6.2,,,44.0,observed
nara,Octobre,10,14,22,38,6.4,4.9,7.5,rec,open-meteo,,,13.4,4.5,,,33.0,observed
nara,Novembre,11,7,17,24,2.8,4.5,4.6,mid,open-meteo,,,8.0,3.5,,,36.0,observed
nara,Décembre,12,2,11,23,1.9,4.0,4.2,mid,open-meteo,,,2.2,3.1,,,36.0,observed
kaohsiung,Janvier,1,16,24,16,1.3,5.7,8.2,rec,open-meteo,24.6,7.4,14.2,5.8,1.01,5.7,56.0,observed
kaohsiung,Février,2,16,24,16,0.6,6.2,8.2,rec,open-meteo,24.4,7.4,14.7,6.9,0.96,5.6,45.0,observed
kaohsiung,Mars,3,19,26,19,1.1,6.3,8.4,rec,open-meteo,24.8,7.9,17.2,7.8,0.93,5.4,55.0,observed
kaohsiung,Avril,4,22,29,24,2.2,6.6,8.4,rec,open-meteo,28.1,9.0,20.1,8.6,0.62,5.3,52.0,observed
kaohsiung,Mai,5,25,30,48,5.8,6.7,5.1,mid,open-meteo,29.1,8.8,23.3,7.6,0.73,5.1,60.0,observed
kaohsiung,Juin,6,26,31,71,10.6,7.2,4.7,mid,open-meteo,30.5,8.0,25.0,8.5,1.01,5.6,36.0,observed
kaohsiung,Juillet,7,26,31,75,12.4,7.1,4.7,mid,open-meteo,31.6,7.3,25.2,8.1,1.43,6.8,44.0,observed
kaohsiung,Août,8,26,31,78,14.8,6.1,4.6,mid,open-meteo,31.1,7.8,25.1,8.3,0.83,5.8,45.0,observed
kaohsiung,Septembre,9,26,30,67,7.5,6.3,4.8,mid,open-meteo,31.0,7.7,24.4,7.9,1.35,7.4,61.0,observed
kaohsiung,Octobre,10,24,29,41,5.6,6.2,5.3,mid,open-meteo,29.2,8.0,22.6,6.2,1.47,6.2,53.0,observed
kaohsiung,Novembre,11,22,28,21,1.8,5.5,8.4,rec,open-meteo,27.5,8.2,20.1,5.5,1.24,6.3,55.0,observed
kaohsiung,Décembre,12,18,25,13,0.7,5.1,8.3,rec,open-meteo,24.6,7.5,15.7,4.7,1.07,5.5,56.0,observed
zhangjiajie,Janvier,1,3,10,35,2.5,1.9,1.1,avoid,open-meteo,,,1.8,3.0,,,56.0,observed
zhangjiajie,Février,2,4,12,42,2.5,2.0,1.1,avoid,open-meteo,,,3.5,3.1,,,44.0,observed
zhangjiajie,Mars,3,9,18,45,4.3,2.7,4.3,mid,open-meteo,,,9.2,4.8,,,60.0,observed
zhangjiajie,Avril,4,14,23,50,5.8,3.7,7.3,rec,open-meteo,,,14.0,5.0,,,55.0,observed
zhangjiajie,Mai,5,18,27,48,6.0,4.0,7.6,rec,open-meteo,,,18.1,6.0,,,52.0,observed
zhangjiajie,Juin,6,22,30,58,8.5,4.2,4.8,mid,open-meteo,,,22.2,5.6,,,46.0,observed
zhangjiajie,Juillet,7,25,33,56,5.9,5.8,4.5,mid,open-meteo,,,24.7,7.4,,,31.0,observed
zhangjiajie,Août,8,25,33,48,4.9,6.1,4.7,mid,open-meteo,,,24.0,7.6,,,41.0,observed
zhangjiajie,Septembre,9,21,29,35,3.4,4.4,7.9,rec,open-meteo,,,19.7,6.9,,,48.0,observed
zhangjiajie,Octobre,10,15,22,33,2.5,3.4,7.5,rec,open-meteo,,,13.5,4.2,,,46.0,observed
zhangjiajie,Novembre,11,10,18,35,2.2,3.0,4.4,mid,open-meteo,,,9.4,3.5,,,58.0,observed
zhangjiajie,Décembre,12,5,12,21,1.2,2.4,4.2,mid,open-meteo,,,2.5,3.2,,,76.0,observed
nagasaki,Janvier,1,5,11,29,2.3,3.3,4.1,mid,open-meteo,15.3,3.8,2.5,3.3,0.94,4.8,27.0,observed
nagasaki,Février,2,5,11,35,3.6,4.3,4.1,mid,open-meteo,15.8,3.8,2.9,4.0,1.0,5.2,30.0,observed
nagasaki,Mars,3,8,15,38,5.3,5.1,4.3,mid,open-meteo,15.9,3.9,6.6,5.5,1.06,5.1,38.0,observed
nagasaki,Avril,4,12,19,35,5.8,5.9,7.3,rec,open-meteo,17.9,5.1,11.0,5.3,0.67,5.1,46.0,observed
nagasaki,Mai,5,16,23,35,8.0,6.1,7.8,rec,open-meteo,20.2,6.2,15.2,6.7,0.71,5.2,46.0,observed
nagasaki,Juin,6,20,26,53,11.8,4.2,7.5,rec,open-meteo,23.6,6.9,19.7,5.7,0.79,5.2,40.0,observed
nagasaki,Juillet,7,25,29,58,11.1,5.7,5.0,mid,open-meteo,27.7,8.2,23.8,7.5,1.02,5.2,21.0,observed
nagasaki,Août,8,26,31,49,7.8,6.7,5.1,mid,open-meteo,30.4,8.7,24.1,7.4,0.67,5.5,38.0,observed
nagasaki,Septembre,9,23,28,51,7.1,5.7,7.8,rec,open-meteo,29.5,8.3,21.1,7.1,0.6,5.9,36.0,observed
nagasaki,Octobre,10,18,23,27,3.6,5.8,7.9,rec,open-meteo,25.7,7.5,14.9,4.8,0.6,5.9,31.0,observed
nagasaki,Novembre,11,12,18,29,3.1,4.6,7.3,rec,open-meteo,23.1,5.8,10.2,3.7,0.84,6.3,29.0,observed
nagasaki,Décembre,12,6,12,28,2.6,3.7,4.2,mid,open-meteo,18.3,4.2,4.2,3.1,1.05,4.7,30.0,observed
lijiang,Janvier,1,-1,14,15,0.5,8.3,7.3,rec,open-meteo,,,-3.4,5.7,,,31.0,observed
lijiang,Février,2,0,15,25,1.1,8.3,7.3,rec,open-meteo,,,-2.2,6.6,,,34.0,observed
lijiang,Mars,3,3,18,31,1.2,7.9,7.4,rec,open-meteo,,,0.5,8.1,,,37.0,observed
lijiang,Avril,4,7,21,33,1.7,7.8,7.7,rec,open-meteo,,,3.8,8.9,,,43.0,observed
lijiang,Mai,5,10,23,46,4.4,6.9,7.6,rec,open-meteo,,,8.1,7.9,,,41.0,observed
lijiang,Juin,6,14,24,75,10.3,5.3,4.5,mid,open-meteo,,,13.5,7.6,,,30.0,observed
lijiang,Juillet,7,14,23,83,11.6,3.9,4.3,mid,open-meteo,,,14.9,7.4,,,22.0,observed
lijiang,Août,8,14,23,82,9.6,4.3,4.3,mid,open-meteo,,,14.8,8.3,,,36.0,observed
lijiang,Septembre,9,13,22,84,11.0,4.2,4.3,mid,open-meteo,,,13.8,7.7,,,29.0,observed
lijiang,Octobre,10,10,20,63,5.8,6.2,4.4,mid,open-meteo,,,10.0,6.1,,,26.0,observed
lijiang,Novembre,11,3,17,17,1.5,7.9,7.5,rec,open-meteo,,,3.0,5.6,,,33.0,observed
lijiang,Décembre,12,0,15,10,0.4,8.4,7.5,rec,open-meteo,,,-1.0,5.4,,,35.0,observed
hampi,Janvier,1,19,31,2,0.1,8.4,9.0,rec,open-meteo,,,12.3,6.8,,,59.0,calibrated
hampi,Février,2,20,34,0,0.0,8.8,5.5,mid,open-meteo,,,10.1,8.1,,,45.0,calibrated
hampi,Mars,3,23,37,1,0.1,9.2,4.8,mid,open-meteo,,,10.9,8.9,,,58.0,calibrated
hampi,Avril,4,26,38,5,0.3,9.2,6.2,avoid,open-meteo,,,15.1,9.1,,,60.0,calibrated
hampi,Mai,5,25,37,23,1.5,8.5,4.5,mid,open-meteo,,,19.1,8.9,,,50.0,calibrated
hampi,Juin,6,24,32,54,3.6,6.5,4.8,mid,open-meteo,,,21.1,7.3,,,21.0,calibrated
hampi,Juillet,7,23,30,67,4.6,4.7,4.7,mid,open-meteo,,,21.0,5.8,,,17.0,calibrated
hampi,Août,8,23,30,62,3.7,5.9,4.8,mid,open-meteo,,,20.8,7.1,,,23.0,calibrated
hampi,Septembre,9,23,30,62,5.1,6.1,4.9,mid,open-meteo,,,20.9,7.6,,,22.0,calibrated
hampi,Octobre,10,22,30,44,3.5,7.0,5.3,mid,open-meteo,,,19.1,7.2,,,46.0,calibrated
hampi,Novembre,11,21,30,20,1.1,7.8,5.8,mid,open-meteo,,,16.9,6.8,,,68.0,calibrated
hampi,Décembre,12,19,30,8,0.5,8.0,8.9,rec,open-meteo,,,15.1,6.3,,,58.0,calibrated
kochi,Janvier,1,24,30,18,1.6,8.2,5.9,mid,open-meteo,30.4,9.2,21.8,7.4,0.54,10.9,64.0,calibrated
kochi,Février,2,24,31,23,0.8,8.2,5.7,mid,open-meteo,30.8,8.9,22.4,8.5,0.6,10.3,64.0,calibrated
kochi,Mars,3,25,31,43,2.2,7.7,5.3,mid,open-meteo,31.6,8.4,24.0,9.1,0.71,10.5,63.0,calibrated
kochi,Avril,4,26,31,75,4.9,6.4,4.6,mid,open-meteo,32.7,7.6,25.0,8.8,0.75,10.6,61.0,calibrated
kochi,Mai,5,26,30,92,16.6,4.4,4.4,mid,open-meteo,31.6,7.1,25.1,6.9,1.21,9.4,44.0,calibrated
kochi,Juin,6,25,28,100,16.7,3.2,4.3,mid,open-meteo,29.3,6.3,24.4,7.1,1.71,7.8,27.0,calibrated
kochi,Juillet,7,24,28,98,14.7,3.3,4.3,mid,open-meteo,28.6,6.0,24.0,7.1,1.9,8.0,25.0,calibrated
kochi,Août,8,24,28,96,13.0,3.9,4.4,mid,open-meteo,28.4,6.6,24.0,8.3,1.54,7.8,26.0,calibrated
kochi,Septembre,9,24,28,96,9.9,4.5,4.4,mid,open-meteo,29.1,7.1,24.0,8.5,1.24,6.8,27.0,calibrated
kochi,Octobre,10,24,28,85,10.2,4.7,4.5,mid,open-meteo,29.9,7.4,24.0,7.6,1.06,9.7,36.0,calibrated
kochi,Novembre,11,24,29,64,5.7,6.0,4.9,mid,open-meteo,30.6,8.2,23.9,7.2,0.57,10.4,65.0,calibrated
kochi,Décembre,12,24,29,31,1.9,7.7,5.7,mid,open-meteo,29.9,8.8,23.0,6.9,0.74,10.5,66.0,calibrated
bhutan,Janvier,1,0,9,51,2.7,5.8,1.1,avoid,open-meteo,,,-1.2,5.3,,,42.0,calibrated
bhutan,Février,2,2,10,71,4.8,5.2,0.8,avoid,open-meteo,,,1.7,6.2,,,52.0,calibrated
bhutan,Mars,3,4,14,84,6.5,5.1,0.8,avoid,open-meteo,,,5.0,7.1,,,48.0,calibrated
bhutan,Avril,4,8,17,87,7.2,5.2,1.1,avoid,open-meteo,,,8.4,8.3,,,48.0,calibrated
bhutan,Mai,5,10,19,95,11.2,4.7,1.2,avoid,open-meteo,,,11.5,8.7,,,43.0,calibrated
bhutan,Juin,6,14,21,98,17.3,4.0,1.3,avoid,open-meteo,,,15.1,8.5,,,38.0,calibrated
bhutan,Juillet,7,15,22,99,21.0,2.9,1.4,avoid,open-meteo,,,16.2,7.9,,,24.0,calibrated
bhutan,Août,8,15,22,97,16.5,3.6,4.2,mid,open-meteo,,,15.9,8.7,,,24.0,calibrated
bhutan,Septembre,9,14,21,97,13.3,4.2,4.1,mid,open-meteo,,,14.8,7.6,,,24.0,calibrated
bhutan,Octobre,10,10,18,80,7.2,5.2,4.1,mid,open-meteo,,,10.3,6.9,,,30.0,calibrated
bhutan,Novembre,11,5,15,57,3.6,5.7,4.2,mid,open-meteo,,,5.7,5.7,,,35.0,calibrated
bhutan,Décembre,12,3,13,43,2.5,6.1,4.2,mid,open-meteo,,,1.7,5.0,,,43.0,calibrated
ella,Janvier,1,17,24,53,4.2,6.9,7.6,rec,open-meteo,,,16.9,7.3,,,22.0,calibrated
ella,Février,2,16,25,50,2.4,7.3,7.7,rec,open-meteo,,,17.2,8.7,,,30.0,calibrated
ella,Mars,3,17,26,54,3.2,7.2,7.7,rec,open-meteo,,,17.2,9.4,,,29.0,calibrated
ella,Avril,4,18,26,77,6.3,6.0,7.3,rec,open-meteo,,,18.5,9.0,,,23.0,calibrated
ella,Mai,5,19,26,74,5.7,5.8,7.3,rec,open-meteo,,,19.4,7.5,,,20.0,calibrated
ella,Juin,6,19,27,53,2.4,7.0,7.8,rec,open-meteo,,,18.1,7.8,,,18.0,calibrated
ella,Juillet,7,19,28,52,2.9,7.0,7.9,rec,open-meteo,,,17.3,7.9,,,20.0,calibrated
ella,Août,8,18,28,58,3.3,6.8,7.7,rec,open-meteo,,,17.5,8.0,,,20.0,calibrated
ella,Septembre,9,18,27,65,4.9,6.3,7.5,rec,open-meteo,,,17.7,8.5,,,19.0,calibrated
ella,Octobre,10,18,25,79,10.2,4.9,4.5,mid,open-meteo,,,18.2,7.3,,,20.0,calibrated
ella,Novembre,11,18,24,89,13.2,4.3,4.3,mid,open-meteo,,,18.5,6.7,,,23.0,calibrated
ella,Décembre,12,17,24,71,5.8,5.8,4.6,mid,open-meteo,,,17.9,7.5,,,35.0,calibrated
pokhara,Janvier,1,6,17,18,1.5,6.6,7.4,rec,open-meteo,,,5.7,4.8,,,47.0,observed
pokhara,Février,2,8,20,19,1.6,7.4,7.8,rec,open-meteo,,,7.7,5.8,,,46.0,observed
pokhara,Mars,3,11,23,23,1.3,7.4,8.1,rec,open-meteo,,,9.7,7.0,,,47.0,observed
pokhara,Avril,4,15,27,25,1.6,7.3,8.4,rec,open-meteo,,,12.2,8.2,,,56.0,observed
pokhara,Mai,5,18,27,49,5.9,5.4,7.7,rec,open-meteo,,,16.4,8.4,,,57.0,observed
pokhara,Juin,6,21,27,80,16.7,3.7,4.5,mid,open-meteo,,,20.4,8.7,,,55.0,observed
pokhara,Juillet,7,22,27,97,27.9,3.4,2.0,avoid,open-meteo,,,21.7,7.0,,,32.0,observed
pokhara,Août,8,22,27,91,19.7,3.1,4.3,mid,open-meteo,,,21.7,7.3,,,35.0,observed
pokhara,Septembre,9,21,26,69,15.5,4.4,4.6,mid,open-meteo,,,20.6,6.9,,,34.0,observed
pokhara,Octobre,10,16,25,25,3.5,6.1,8.1,rec,open-meteo,,,16.3,6.4,,,38.0,observed
pokhara,Novembre,11,11,21,4,0.1,7.4,8.3,rec,open-meteo,,,11.4,5.2,,,51.0,observed
pokhara,Décembre,12,8,18,6,0.8,7.1,7.8,rec,open-meteo,,,7.4,4.5,,,64.0,observed
boukhara,Janvier,1,-2,9,16,0.7,5.8,4.3,mid,open-meteo,,,-2.9,2.5,,,25.0,calibrated
boukhara,Février,2,0,12,20,1.0,6.1,4.4,mid,open-meteo,,,-1.2,3.4,,,30.0,calibrated
boukhara,Mars,3,6,19,19,1.0,6.8,7.6,rec,open-meteo,,,2.6,4.5,,,48.0,calibrated
boukhara,Avril,4,12,26,14,0.7,8.0,8.7,rec,open-meteo,,,4.9,6.3,,,44.0,calibrated
boukhara,Mai,5,18,32,9,0.4,9.0,8.6,rec,open-meteo,,,5.9,6.8,,,53.0,calibrated
boukhara,Juin,6,22,37,1,0.0,9.9,4.9,mid,open-meteo,,,4.2,7.5,,,42.0,calibrated
boukhara,Juillet,7,26,40,0,0.0,9.9,2.8,avoid,open-meteo,,,5.7,7.5,,,47.0,calibrated
boukhara,Août,8,22,37,0,0.0,9.2,4.8,mid,open-meteo,,,4.5,7.1,,,43.0,calibrated
boukhara,Septembre,9,16,31,0,0.0,8.2,9.0,rec,open-meteo,,,2.4,6.1,,,31.0,calibrated
boukhara,Octobre,10,8,24,7,0.3,7.4,8.6,rec,open-meteo,,,1.8,4.4,,,32.0,calibrated
boukhara,Novembre,11,2,15,9,0.4,6.3,7.3,rec,open-meteo,,,-0.2,3.1,,,27.0,calibrated
boukhara,Décembre,12,-2,9,13,0.4,5.6,4.3,mid,open-meteo,,,-2.8,2.5,,,30.0,calibrated
khiva,Janvier,1,-3,5,8,0.3,5.7,4.2,mid,open-meteo,,,-5.3,2.4,,,22.0,calibrated
khiva,Février,2,-2,7,10,0.4,6.4,4.3,mid,open-meteo,,,-4.1,3.4,,,31.0,calibrated
khiva,Mars,3,5,15,13,0.6,7.2,7.3,rec,open-meteo,,,-0.3,4.6,,,42.0,calibrated
khiva,Avril,4,12,24,11,0.5,7.9,8.6,rec,open-meteo,,,2.7,6.5,,,41.0,calibrated
khiva,Mai,5,18,30,9,0.4,8.8,9.0,rec,open-meteo,,,5.6,7.0,,,50.0,calibrated
khiva,Juin,6,22,36,3,0.1,9.7,5.1,mid,open-meteo,,,6.0,7.6,,,46.0,calibrated
khiva,Juillet,7,25,38,2,0.0,9.7,3.3,avoid,open-meteo,,,8.3,7.6,,,47.0,calibrated
khiva,Août,8,22,35,1,0.0,9.0,5.3,mid,open-meteo,,,6.4,7.2,,,42.0,calibrated
khiva,Septembre,9,15,28,2,0.1,8.4,9.4,rec,open-meteo,,,3.1,5.9,,,28.0,calibrated
khiva,Octobre,10,8,20,5,0.2,7.1,8.1,rec,open-meteo,,,0.7,4.4,,,32.0,calibrated
khiva,Novembre,11,1,11,6,0.3,6.3,4.5,mid,open-meteo,,,-2.6,2.9,,,24.0,calibrated
khiva,Décembre,12,-3,4,9,0.3,5.5,4.2,mid,open-meteo,,,-5.2,2.3,,,26.0,calibrated
san-antonio,Janvier,1,6,18,25,1.7,5.1,7.3,rec,open-meteo,,,4.1,4.0,,,22.0,observed
san-antonio,Février,2,9,21,26,2.0,6.0,7.7,rec,open-meteo,,,6.7,5.2,,,26.0,observed
san-antonio,Mars,3,14,26,32,2.0,7.0,8.1,rec,open-meteo,,,10.7,6.0,,,28.0,observed
san-antonio,Avril,4,17,28,37,3.3,7.0,8.2,rec,open-meteo,,,13.7,6.6,,,31.0,observed
san-antonio,Mai,5,21,30,47,5.3,7.2,5.2,mid,open-meteo,,,19.1,7.8,,,36.0,observed
san-antonio,Juin,6,24,34,36,2.5,9.2,4.9,mid,open-meteo,,,21.0,8.3,,,32.0,observed
san-antonio,Juillet,7,25,36,25,2.7,10.0,4.7,mid,open-meteo,,,20.9,8.3,,,33.0,observed
san-antonio,Août,8,25,36,26,2.6,9.5,4.7,mid,open-meteo,,,20.8,8.3,,,36.0,observed
san-antonio,Septembre,9,23,33,32,3.4,7.8,5.1,mid,open-meteo,,,19.3,7.3,,,31.0,observed
san-antonio,Octobre,10,19,29,25,2.5,7.0,8.4,rec,open-meteo,,,14.4,6.3,,,33.0,observed
san-antonio,Novembre,11,13,24,29,2.1,5.7,7.9,rec,open-meteo,,,10.7,4.8,,,27.0,observed
san-antonio,Décembre,12,9,20,25,1.9,4.8,7.5,rec,open-meteo,,,7.3,3.7,,,24.0,observed
sedona,Janvier,1,0,11,20,2.0,6.2,4.3,mid,open-meteo,,,-3.6,3.5,,,31.0,calibrated
sedona,Février,2,1,13,19,1.9,7.0,4.5,mid,open-meteo,,,-4.0,4.8,,,37.0,calibrated
sedona,Mars,3,3,16,25,1.9,7.3,7.3,rec,open-meteo,,,-2.2,6.2,,,40.0,calibrated
sedona,Avril,4,7,23,8,0.4,9.0,8.7,rec,open-meteo,,,-4.4,7.5,,,44.0,calibrated
sedona,Mai,5,12,27,8,0.4,9.4,9.2,rec,open-meteo,,,-2.5,8.4,,,49.0,calibrated
sedona,Juin,6,18,33,6,0.2,10.0,8.5,rec,open-meteo,,,-0.5,8.7,,,40.0,calibrated
sedona,Juillet,7,20,34,18,1.0,8.9,5.2,mid,open-meteo,,,8.7,8.8,,,43.0,calibrated
sedona,Août,8,19,32,20,0.9,8.6,8.2,rec,open-meteo,,,10.3,8.1,,,34.0,calibrated
sedona,Septembre,9,16,30,15,0.9,8.1,8.7,rec,open-meteo,,,5.9,7.3,,,36.0,calibrated
sedona,Octobre,10,11,23,14,1.1,7.4,8.3,rec,open-meteo,,,0.8,5.8,,,33.0,calibrated
sedona,Novembre,11,5,18,11,1.2,6.8,7.7,rec,open-meteo,,,-3.3,4.3,,,36.0,calibrated
sedona,Décembre,12,1,12,20,1.4,6.1,4.4,mid,open-meteo,,,-5.1,3.7,,,36.0,calibrated
anchorage,Janvier,1,-10,-5,37,2.0,2.7,0.8,avoid,open-meteo,-0.9,1.5,-10.8,0.5,,,23.0,observed
anchorage,Février,2,-9,-3,40,2.0,4.3,0.9,avoid,open-meteo,-0.9,1.9,-9.3,1.2,,,28.0,observed
anchorage,Mars,3,-6,2,30,1.4,6.3,4.1,mid,open-meteo,-0.5,2.6,-7.6,2.2,,,28.0,observed
anchorage,Avril,4,-2,8,28,1.1,7.8,4.2,mid,open-meteo,2.6,2.9,-2.6,3.7,,,31.0,observed
anchorage,Mai,5,5,13,40,1.7,9.3,4.4,mid,open-meteo,9.4,2.8,3.1,4.3,,,25.0,observed
anchorage,Juin,6,10,18,30,1.5,9.2,7.5,rec,open-meteo,15.9,3.3,7.6,5.0,,,22.0,observed
anchorage,Juillet,7,12,20,37,2.7,8.1,7.6,rec,open-meteo,17.8,3.9,10.9,4.0,,,16.0,observed
anchorage,Août,8,11,18,52,4.0,6.6,4.4,mid,open-meteo,15.9,2.3,10.2,3.5,,,17.0,observed
anchorage,Septembre,9,7,13,57,4.3,5.3,4.1,mid,open-meteo,12.6,1.9,6.4,2.3,,,15.0,observed
anchorage,Octobre,10,1,6,44,3.1,3.8,0.8,avoid,open-meteo,6.9,1.9,-0.2,1.4,,,20.0,observed
anchorage,Novembre,11,-7,-2,41,2.2,2.7,0.7,avoid,open-meteo,0.6,1.6,-7.7,0.6,,,22.0,observed
anchorage,Décembre,12,-10,-5,43,2.2,1.7,0.7,avoid,open-meteo,-0.8,1.2,-9.3,0.3,,,25.0,observed
napa-valley,Janvier,1,5,13,35,4.8,5.2,4.2,mid,open-meteo,,,4.7,2.5,,,22.0,calibrated
napa-valley,Février,2,5,14,25,4.4,6.4,4.4,mid,open-meteo,,,3.4,3.5,,,24.0,calibrated
napa-valley,Mars,3,6,15,36,3.6,6.7,4.4,mid,open-meteo,,,4.9,5.1,,,29.0,calibrated
napa-valley,Avril,4,8,20,16,1.0,8.3,8.0,rec,open-meteo,,,5.9,6.6,,,30.0,calibrated
napa-valley,Mai,5,10,25,10,0.7,9.5,8.9,rec,open-meteo,,,7.2,7.8,,,29.0,calibrated
napa-valley,Juin,6,13,30,2,0.1,10.1,9.4,rec,open-meteo,,,8.8,8.1,,,27.0,calibrated
napa-valley,Juillet,7,14,33,0,0.0,10.1,8.6,rec,open-meteo,,,10.1,8.2,,,27.0,calibrated
napa-valley,Août,8,15,33,0,0.0,9.5,8.6,rec,open-meteo,,,10.8,7.6,,,24.0,calibrated
napa-valley,Septembre,9,14,30,4,0.2,8.5,9.1,rec,open-meteo,,,8.8,6.4,,,25.0,calibrated
napa-valley,Octobre,10,11,25,11,1.4,7.1,8.6,rec,open-meteo,,,5.8,4.9,,,24.0,calibrated
napa-valley,Novembre,11,7,17,20,2.3,6.3,7.4,rec,open-meteo,,,4.5,3.0,,,25.0,calibrated
napa-valley,Décembre,12,5,13,32,4.0,5.1,4.2,mid,open-meteo,,,4.0,2.4,,,24.0,calibrated
jackson-hole,Janvier,1,-12,-2,43,2.3,4.1,0.8,avoid,open-meteo,,,-10.7,2.8,,,35.0,calibrated
jackson-hole,Février,2,-10,0,55,3.1,4.1,0.7,avoid,open-meteo,,,-9.9,4.1,,,39.0,calibrated
jackson-hole,Mars,3,-7,4,46,2.4,5.7,0.9,avoid,open-meteo,,,-7.1,5.7,,,43.0,calibrated
jackson-hole,Avril,4,-4,8,46,2.1,6.7,4.1,mid,open-meteo,,,-4.1,6.9,,,47.0,calibrated
jackson-hole,Mai,5,-1,14,38,1.7,7.8,4.3,mid,open-meteo,,,0.0,7.6,,,47.0,calibrated
jackson-hole,Juin,6,5,22,29,1.4,9.1,8.1,rec,open-meteo,,,4.9,7.9,,,39.0,calibrated
jackson-hole,Juillet,7,10,27,11,0.4,9.9,9.2,rec,open-meteo,,,6.5,8.1,,,40.0,calibrated
jackson-hole,Août,8,9,26,16,1.0,8.6,8.7,rec,open-meteo,,,6.0,7.5,,,36.0,calibrated
jackson-hole,Septembre,9,5,21,26,1.9,7.3,7.8,rec,open-meteo,,,3.6,5.9,,,33.0,calibrated
jackson-hole,Octobre,10,-1,12,33,1.9,6.1,4.2,mid,open-meteo,,,-1.2,4.5,,,36.0,calibrated
jackson-hole,Novembre,11,-7,4,36,2.1,5.0,1.0,avoid,open-meteo,,,-6.7,3.2,,,36.0,calibrated
jackson-hole,Décembre,12,-11,-1,42,2.6,3.9,0.8,avoid,open-meteo,,,-10.6,2.4,,,36.0,calibrated
memphis,Janvier,1,1,10,32,4.0,5.4,4.2,mid,open-meteo,,,-0.1,2.7,,,22.0,observed
memphis,Février,2,3,13,41,5.7,6.2,4.2,mid,open-meteo,,,2.2,3.8,,,26.0,observed
memphis,Mars,3,7,18,40,5.2,6.9,4.6,mid,open-meteo,,,6.4,5.3,,,29.0,observed
memphis,Avril,4,11,22,38,5.1,8.5,7.8,rec,open-meteo,,,9.9,6.2,,,33.0,observed
memphis,Mai,5,17,27,43,3.8,9.7,8.3,rec,open-meteo,,,15.7,7.1,,,34.0,observed
memphis,Juin,6,21,31,37,3.4,10.7,5.7,mid,open-meteo,,,19.6,7.6,,,41.0,observed
memphis,Juillet,7,24,33,40,3.2,10.5,5.1,mid,open-meteo,,,22.0,7.3,,,41.0,observed
memphis,Août,8,23,31,37,3.1,9.9,5.6,mid,open-meteo,,,21.0,7.2,,,42.0,observed
memphis,Septembre,9,20,30,25,2.5,8.4,5.8,mid,open-meteo,,,17.5,5.1,,,31.0,observed
memphis,Octobre,10,13,24,22,2.9,7.9,8.3,rec,open-meteo,,,11.4,5.1,,,31.0,observed
memphis,Novembre,11,6,17,27,3.2,5.8,7.3,rec,open-meteo,,,5.9,3.4,,,23.0,observed
memphis,Décembre,12,3,12,33,4.3,4.9,4.2,mid,open-meteo,,,3.4,2.7,,,22.0,observed
maui,Janvier,1,15,22,38,2.7,6.9,7.7,rec,open-meteo,25.3,6.9,14.4,5.8,1.07,8.9,24.0,calibrated
maui,Février,2,15,22,56,5.8,6.4,7.4,rec,open-meteo,24.7,6.7,14.1,6.2,0.74,10.1,33.0,calibrated
maui,Mars,3,16,22,49,3.1,6.7,7.5,rec,open-meteo,24.6,6.8,14.4,7.0,0.7,11.0,32.0,calibrated
maui,Avril,4,17,23,52,5.0,7.1,7.5,rec,open-meteo,25.1,7.1,15.1,7.3,0.77,10.8,28.0,calibrated
maui,Mai,5,17,24,44,2.8,7.8,7.8,rec,open-meteo,26.1,7.6,15.7,6.1,0.81,11.9,24.0,calibrated
maui,Juin,6,18,25,34,1.5,8.5,8.2,rec,open-meteo,26.7,8.1,16.0,8.7,0.78,11.6,20.0,calibrated
maui,Juillet,7,19,26,32,1.5,8.6,8.3,rec,open-meteo,26.9,8.3,16.6,8.2,0.7,11.2,20.0,calibrated
maui,Août,8,19,26,34,3.1,8.2,8.2,rec,open-meteo,27.3,8.2,17.3,8.3,0.78,11.1,14.0,calibrated
maui,Septembre,9,19,26,37,2.1,7.5,8.1,rec,open-meteo,27.5,8.2,17.3,7.1,0.66,10.3,19.0,calibrated
maui,Octobre,10,19,25,47,3.5,6.8,7.7,rec,open-meteo,27.4,7.8,17.1,6.6,0.7,11.4,20.0,calibrated
maui,Novembre,11,18,24,42,2.8,6.6,7.7,rec,open-meteo,26.6,7.6,16.1,6.0,0.64,10.1,28.0,calibrated
maui,Décembre,12,17,23,43,4.0,6.6,7.7,rec,open-meteo,25.8,7.3,15.2,5.9,0.71,10.2,25.0,calibrated
dominique,Janvier,1,21,26,42,1.5,7.0,7.9,rec,open-meteo,27.8,7.9,19.1,7.1,0.86,6.1,27.0,calibrated
dominique,Février,2,21,26,52,1.9,6.7,7.7,rec,open-meteo,27.7,7.8,18.9,7.9,0.81,6.6,33.0,calibrated
dominique,Mars,3,21,26,47,1.8,7.3,7.9,rec,open-meteo,28.0,8.1,19.0,8.7,0.65,6.7,23.0,calibrated
dominique,Avril,4,22,27,47,1.4,7.5,7.9,rec,open-meteo,28.7,8.3,19.8,9.0,0.67,6.2,30.0,calibrated
dominique,Mai,5,23,28,41,1.5,7.8,8.2,rec,open-meteo,29.3,8.6,20.7,8.8,0.72,6.0,35.0,calibrated
dominique,Juin,6,23,28,59,2.1,6.9,7.7,rec,open-meteo,29.7,8.3,21.5,8.6,0.78,6.0,39.0,calibrated
dominique,Juillet,7,23,28,74,3.2,6.2,7.4,rec,open-meteo,29.5,7.9,21.9,8.8,0.86,6.2,44.0,calibrated
dominique,Août,8,23,28,66,3.2,6.7,5.0,mid,open-meteo,29.9,8.2,22.3,8.7,0.67,6.3,29.0,calibrated
dominique,Septembre,9,24,29,60,4.4,6.9,5.0,mid,open-meteo,30.4,8.5,22.4,8.3,0.51,6.6,20.0,calibrated
dominique,Octobre,10,23,28,61,3.1,6.6,5.0,mid,open-meteo,30.4,8.2,22.2,8.0,0.58,6.5,28.0,calibrated
dominique,Novembre,11,22,27,59,3.1,6.4,7.6,rec,open-meteo,29.9,8.0,21.4,7.0,0.72,6.5,22.0,calibrated
dominique,Décembre,12,21,26,59,2.1,6.2,7.5,rec,open-meteo,29.0,7.8,20.1,6.6,0.75,6.2,31.0,calibrated
bonaire,Janvier,1,25,28,48,1.5,7.0,8.0,rec,open-meteo,27.9,7.8,21.6,7.5,1.34,5.8,25.0,calibrated
bonaire,Février,2,25,28,48,1.2,7.2,8.0,rec,open-meteo,27.4,8.0,21.3,8.3,1.13,6.0,36.0,calibrated
bonaire,Mars,3,25,28,39,1.0,7.7,8.2,rec,open-meteo,27.6,8.1,21.6,9.1,1.15,5.8,25.0,calibrated
bonaire,Avril,4,26,29,32,1.0,8.0,5.7,mid,open-meteo,28.1,8.4,22.7,9.1,1.15,5.4,33.0,calibrated
bonaire,Mai,5,27,30,28,0.9,8.4,5.7,mid,open-meteo,28.6,8.7,23.5,8.6,1.24,5.3,35.0,calibrated
bonaire,Juin,6,27,30,45,1.6,7.9,5.3,mid,open-meteo,28.7,8.4,23.7,8.5,1.24,5.3,34.0,calibrated
bonaire,Juillet,7,27,30,48,1.5,7.7,5.2,mid,open-meteo,28.9,8.4,23.7,8.6,1.21,5.4,37.0,calibrated
bonaire,Août,8,27,30,43,1.6,7.7,5.3,mid,open-meteo,29.3,8.7,24.0,9.0,1.03,5.1,27.0,calibrated
bonaire,Septembre,9,28,31,31,1.7,7.9,5.5,mid,open-meteo,30.1,8.7,24.3,8.6,1.01,5.2,29.0,calibrated
bonaire,Octobre,10,27,30,57,2.4,6.7,5.0,mid,open-meteo,30.5,8.4,24.2,8.2,0.95,6.5,24.0,calibrated
bonaire,Novembre,11,26,29,72,3.8,6.1,4.8,mid,open-meteo,30.3,8.1,23.6,7.1,0.79,6.3,22.0,calibrated
bonaire,Décembre,12,26,29,61,2.1,6.5,5.0,mid,open-meteo,28.8,8.0,22.4,6.8,1.09,5.3,28.0,calibrated
grenadines,Janvier,1,24,26,37,1.0,7.3,8.1,rec,open-meteo,28.1,7.3,20.7,7.3,1.57,7.0,29.0,calibrated
grenadines,Février,2,24,26,25,0.7,7.9,8.4,rec,open-meteo,27.9,7.8,20.4,8.0,1.31,6.9,38.0,calibrated
grenadines,Mars,3,25,26,22,0.6,8.3,8.5,rec,open-meteo,28.2,8.0,20.7,8.9,1.27,7.8,24.0,calibrated
grenadines,Avril,4,25,26,18,0.7,8.7,8.7,rec,open-meteo,28.6,8.1,21.4,9.2,1.27,6.6,34.0,calibrated
grenadines,Mai,5,26,27,26,1.0,8.5,5.9,mid,open-meteo,29.0,8.1,22.2,8.9,1.31,6.4,40.0,calibrated
grenadines,Juin,6,26,27,44,2.5,7.8,5.4,mid,open-meteo,29.1,7.8,22.7,8.6,1.36,6.1,42.0,calibrated
grenadines,Juillet,7,26,27,57,3.2,7.2,5.1,mid,open-meteo,29.3,7.6,22.9,8.3,1.38,6.1,44.0,calibrated
grenadines,Août,8,26,28,55,3.8,7.3,5.2,mid,open-meteo,30.1,8.2,23.2,8.6,1.03,5.9,26.0,calibrated
grenadines,Septembre,9,26,28,51,3.6,7.4,5.3,mid,open-meteo,30.6,8.2,23.3,8.5,0.85,6.1,19.0,calibrated
grenadines,Octobre,10,26,28,59,3.6,6.8,5.1,mid,open-meteo,30.4,8.0,23.2,8.2,1.06,7.1,27.0,calibrated
grenadines,Novembre,11,26,28,58,3.5,6.6,5.1,mid,open-meteo,29.6,7.8,22.6,7.1,1.23,7.5,21.0,calibrated
grenadines,Décembre,12,25,27,37,1.3,7.3,8.1,rec,open-meteo,28.7,7.8,21.5,6.7,1.39,7.2,31.0,calibrated
roatan,Janvier,1,24,26,59,5.0,6.2,7.5,rec,open-meteo,27.9,7.2,21.2,6.5,1.36,6.7,27.0,calibrated
roatan,Février,2,25,26,49,3.1,7.0,7.8,rec,open-meteo,27.4,7.5,21.3,7.6,1.26,5.6,33.0,calibrated
roatan,Mars,3,25,27,30,1.8,8.0,5.7,mid,open-meteo,28.1,7.9,22.0,8.6,1.4,6.2,28.0,calibrated
roatan,Avril,4,26,27,20,1.4,8.6,6.0,mid,open-meteo,28.3,8.0,23.2,9.2,1.45,6.1,28.0,calibrated
roatan,Mai,5,27,28,17,0.8,8.9,6.2,mid,open-meteo,29.0,8.1,24.1,9.0,1.6,6.8,30.0,calibrated
roatan,Juin,6,27,28,39,2.0,7.9,5.6,mid,open-meteo,29.9,8.3,24.5,7.5,1.21,6.3,25.0,calibrated
roatan,Juillet,7,27,28,56,2.4,7.2,5.2,mid,open-meteo,29.3,7.8,24.3,8.5,1.33,7.3,35.0,calibrated
roatan,Août,8,27,29,58,3.3,7.1,5.1,mid,open-meteo,30.1,8.4,24.4,8.8,0.88,6.2,27.0,calibrated
roatan,Septembre,9,27,29,65,4.0,6.5,4.9,mid,open-meteo,30.8,8.0,24.4,8.4,0.94,6.2,19.0,calibrated
roatan,Octobre,10,26,28,77,10.4,5.8,4.7,mid,open-meteo,30.2,7.9,23.7,7.3,0.82,6.0,26.0,calibrated
roatan,Novembre,11,25,27,80,11.5,5.7,4.6,mid,open-meteo,29.2,7.5,22.5,6.4,1.05,5.9,28.0,calibrated
roatan,Décembre,12,24,27,75,8.0,5.7,7.3,rec,open-meteo,27.7,7.3,21.9,5.9,1.19,6.2,31.0,calibrated
guanajuato,Janvier,1,8,22,5,0.2,7.9,8.5,rec,open-meteo,,,1.4,6.3,,,26.0,calibrated
guanajuato,Février,2,10,24,4,0.3,8.4,8.8,rec,open-meteo,,,1.3,7.4,,,34.0,calibrated
guanajuato,Mars,3,12,28,4,0.2,8.8,9.4,rec,open-meteo,,,1.2,8.9,,,34.0,calibrated
guanajuato,Avril,4,14,29,3,0.1,9.2,9.3,rec,open-meteo,,,1.7,9.3,,,37.0,calibrated
guanajuato,Mai,5,15,30,18,1.0,9.0,8.7,rec,open-meteo,,,5.4,9.6,,,42.0,calibrated
guanajuato,Juin,6,15,27,49,4.0,7.6,7.9,rec,open-meteo,,,10.5,8.9,,,33.0,calibrated
guanajuato,Juillet,7,14,24,58,4.0,7.0,7.5,rec,open-meteo,,,12.4,8.6,,,25.0,calibrated
guanajuato,Août,8,14,25,52,4.3,7.2,7.7,rec,open-meteo,,,12.3,8.9,,,25.0,calibrated
guanajuato,Septembre,9,14,24,47,3.6,7.0,7.7,rec,open-meteo,,,11.9,8.4,,,26.0,calibrated
guanajuato,Octobre,10,13,24,22,1.3,7.7,8.3,rec,open-meteo,,,9.1,7.9,,,30.0,calibrated
guanajuato,Novembre,11,11,24,7,0.4,8.1,8.7,rec,open-meteo,,,5.8,6.9,,,31.0,calibrated
guanajuato,Décembre,12,9,22,5,0.2,7.9,8.5,rec,open-meteo,,,3.2,6.3,,,32.0,calibrated
san-cristobal,Janvier,1,9,19,21,0.8,6.9,7.6,rec,open-meteo,,,7.9,7.2,,,24.0,observed
san-cristobal,Février,2,10,20,21,0.8,7.1,7.8,rec,open-meteo,,,7.3,8.4,,,28.0,observed
san-cristobal,Mars,3,11,22,31,1.1,6.6,7.8,rec,open-meteo,,,8.9,9.2,,,32.0,observed
san-cristobal,Avril,4,11,22,47,2.4,6.0,7.5,rec,open-meteo,,,10.1,9.5,,,40.0,observed
san-cristobal,Mai,5,12,22,74,6.9,5.4,4.4,mid,open-meteo,,,12.2,9.5,,,56.0,observed
san-cristobal,Juin,6,13,19,89,14.2,4.6,1.3,avoid,open-meteo,,,13.2,7.5,,,30.0,observed
san-cristobal,Juillet,7,12,20,72,7.5,5.6,4.3,mid,open-meteo,,,12.0,8.6,,,21.0,observed
san-cristobal,Août,8,12,20,81,11.6,5.8,4.2,mid,open-meteo,,,12.5,8.9,,,19.0,observed
san-cristobal,Septembre,9,12,19,89,13.7,3.9,1.2,avoid,open-meteo,,,13.2,8.2,,,19.0,observed
san-cristobal,Octobre,10,12,19,73,7.2,4.9,4.2,mid,open-meteo,,,12.5,7.4,,,20.0,observed
san-cristobal,Novembre,11,11,19,49,2.8,5.8,4.5,mid,open-meteo,,,10.9,6.8,,,23.0,observed
san-cristobal,Décembre,12,10,18,27,1.0,6.1,7.4,rec,open-meteo,,,9.1,6.2,,,25.0,observed
granada-nicaragua,Janvier,1,24,30,19,0.5,8.1,5.9,mid,open-meteo,,,20.6,7.6,,,21.0,calibrated
granada-nicaragua,Février,2,24,31,17,0.5,8.4,5.9,mid,open-meteo,,,20.3,8.5,,,25.0,calibrated
granada-nicaragua,Mars,3,24,32,14,0.5,8.8,5.7,mid,open-meteo,,,20.7,9.2,,,23.0,calibrated
granada-nicaragua,Avril,4,25,33,29,1.6,8.3,5.1,mid,open-meteo,,,21.8,9.2,,,24.0,calibrated
granada-nicaragua,Mai,5,25,31,79,9.0,6.2,4.6,mid,open-meteo,,,23.4,8.6,,,26.0,calibrated
granada-nicaragua,Juin,6,25,30,93,11.1,5.0,4.4,mid,open-meteo,,,24.0,7.2,,,18.0,calibrated
granada-nicaragua,Juillet,7,25,30,85,6.2,5.8,4.5,mid,open-meteo,,,23.6,8.1,,,19.0,calibrated
granada-nicaragua,Août,8,25,30,88,8.0,5.6,4.5,mid,open-meteo,,,23.9,8.6,,,18.0,calibrated
granada-nicaragua,Septembre,9,25,30,95,10.9,5.2,4.4,mid,open-meteo,,,24.1,7.4,,,17.0,calibrated
granada-nicaragua,Octobre,10,24,30,94,14.1,4.9,4.4,mid,open-meteo,,,23.9,7.6,,,19.0,calibrated
granada-nicaragua,Novembre,11,25,29,69,6.1,6.2,4.8,mid,open-meteo,,,23.0,6.7,,,21.0,calibrated
granada-nicaragua,Décembre,12,24,30,36,1.3,7.4,5.4,mid,open-meteo,,,21.7,6.8,,,23.0,calibrated
cartagena-col,Janvier,1,24,32,12,0.5,8.8,5.8,mid,open-meteo,29.4,8.6,22.1,7.7,1.24,6.3,32.0,observed
cartagena-col,Février,2,24,32,9,0.3,8.5,5.8,mid,open-meteo,28.5,8.5,21.8,8.4,1.27,6.3,34.0,observed
cartagena-col,Mars,3,25,32,16,0.5,7.7,5.6,mid,open-meteo,29.0,8.7,22.2,8.9,1.08,6.1,35.0,observed
cartagena-col,Avril,4,25,32,47,2.1,7.0,4.9,mid,open-meteo,29.4,8.3,23.6,8.4,1.08,5.8,40.0,observed
cartagena-col,Mai,5,25,30,73,5.0,6.2,4.7,mid,open-meteo,30.5,8.3,24.6,7.7,0.62,4.9,35.0,observed
cartagena-col,Juin,6,25,30,83,5.5,6.3,4.6,mid,open-meteo,30.4,8.2,24.6,7.7,0.54,5.4,27.0,observed
cartagena-col,Juillet,7,25,30,68,4.2,6.7,4.8,mid,open-meteo,30.4,8.3,24.5,7.9,0.86,5.9,36.0,observed
cartagena-col,Août,8,25,30,75,4.6,6.4,4.7,mid,open-meteo,30.5,8.2,24.7,7.9,0.64,5.1,32.0,observed
cartagena-col,Septembre,9,25,30,80,4.7,5.7,4.6,mid,open-meteo,30.8,8.1,24.7,7.7,0.48,5.3,32.0,observed
cartagena-col,Octobre,10,25,29,85,6.1,5.5,4.5,mid,open-meteo,30.3,7.9,24.3,7.4,0.53,5.7,28.0,observed
cartagena-col,Novembre,11,25,29,73,5.8,6.2,4.8,mid,open-meteo,29.7,8.2,24.1,6.6,0.64,5.2,24.0,observed
cartagena-col,Décembre,12,25,31,29,1.0,7.8,5.6,mid,open-meteo,29.7,8.7,23.4,6.9,0.96,5.7,36.0,observed
mendoza,Janvier,1,20,31,23,1.7,10.2,8.7,rec,open-meteo,,,11.0,9.5,,,27.0,observed
mendoza,Février,2,19,29,18,0.9,9.1,8.9,rec,open-meteo,,,11.5,8.6,,,23.0,observed
mendoza,Mars,3,16,26,20,1.2,7.8,8.5,rec,open-meteo,,,9.9,7.7,,,21.0,observed
mendoza,Avril,4,12,21,17,1.0,7.0,8.0,rec,open-meteo,,,7.9,5.4,,,18.0,observed
mendoza,Mai,5,8,16,17,1.0,6.1,7.3,rec,open-meteo,,,4.1,4.1,,,17.0,observed
mendoza,Juin,6,4,13,11,0.4,6.1,4.5,mid,open-meteo,,,0.1,3.7,,,17.0,observed
mendoza,Juillet,7,4,12,9,0.3,6.6,4.5,mid,open-meteo,,,-1.4,4.1,,,20.0,observed
mendoza,Août,8,6,16,9,0.6,7.5,7.5,rec,open-meteo,,,-1.7,4.6,,,21.0,observed
mendoza,Septembre,9,9,20,10,0.3,7.6,8.0,rec,open-meteo,,,-1.1,6.9,,,25.0,observed
mendoza,Octobre,10,12,24,15,0.9,8.9,8.6,rec,open-meteo,,,2.0,7.5,,,25.0,observed
mendoza,Novembre,11,16,28,14,0.9,10.3,9.3,rec,open-meteo,,,5.3,9.2,,,28.0,observed
mendoza,Décembre,12,19,30,14,0.7,10.6,9.1,rec,open-meteo,,,7.6,9.6,,,31.0,observed
manaus,Janvier,1,24,29,76,6.7,4.0,4.6,mid,open-meteo,,,23.6,8.2,,,22.0,observed
manaus,Février,2,24,29,81,8.6,3.5,4.5,mid,open-meteo,,,23.8,8.5,,,24.0,observed
manaus,Mars,3,24,30,83,8.8,3.4,4.4,mid,open-meteo,,,23.9,7.8,,,25.0,observed
manaus,Avril,4,24,29,88,7.8,3.8,4.4,mid,open-meteo,,,24.0,7.8,,,21.0,observed
manaus,Mai,5,24,29,81,6.5,4.6,4.5,mid,open-meteo,,,24.1,7.7,,,20.0,observed
manaus,Juin,6,24,30,62,4.1,6.4,4.9,mid,open-meteo,,,23.8,7.5,,,21.0,observed
manaus,Juillet,7,24,31,36,1.6,7.2,5.4,mid,open-meteo,,,23.3,7.7,,,24.0,observed
manaus,Août,8,25,32,31,1.6,7.2,5.2,mid,open-meteo,,,23.0,8.4,,,41.0,observed
manaus,Septembre,9,25,32,41,2.4,6.5,5.0,mid,open-meteo,,,23.3,8.8,,,50.0,observed
manaus,Octobre,10,26,32,45,3.1,5.6,4.9,mid,open-meteo,,,23.8,9.0,,,40.0,observed
manaus,Novembre,11,25,31,64,4.9,5.0,4.7,mid,open-meteo,,,24.1,8.0,,,59.0,observed
manaus,Décembre,12,24,29,84,8.7,4.1,4.5,mid,open-meteo,,,24.0,8.3,,,31.0,observed
sucre,Janvier,1,11,19,74,4.9,6.1,4.3,mid,open-meteo,,,9.8,10.3,,,20.0,calibrated
sucre,Février,2,10,19,77,5.0,5.7,4.2,mid,open-meteo,,,10.4,9.2,,,17.0,calibrated
sucre,Mars,3,10,18,70,4.4,5.6,4.2,mid,open-meteo,,,10.0,9.3,,,18.0,calibrated
sucre,Avril,4,9,18,42,2.2,6.6,7.2,rec,open-meteo,,,8.7,7.9,,,17.0,calibrated
sucre,Mai,5,8,19,17,0.5,7.7,7.8,rec,open-meteo,,,4.7,7.0,,,17.0,calibrated
sucre,Juin,6,6,20,7,0.3,8.0,8.1,rec,open-meteo,,,0.4,6.4,,,19.0,calibrated
sucre,Juillet,7,6,20,7,0.3,8.1,8.2,rec,open-meteo,,,0.6,6.7,,,20.0,calibrated
sucre,Août,8,6,21,12,0.5,8.1,8.2,rec,open-meteo,,,0.7,7.9,,,24.0,calibrated
sucre,Septembre,9,9,22,22,1.0,7.9,8.1,rec,open-meteo,,,4.2,9.1,,,38.0,calibrated
sucre,Octobre,10,10,22,40,2.0,7.5,7.7,rec,open-meteo,,,6.4,9.7,,,31.0,calibrated
sucre,Novembre,11,10,22,49,2.7,7.1,7.5,rec,open-meteo,,,7.7,9.3,,,26.0,calibrated
sucre,Décembre,12,11,20,70,4.6,5.8,4.4,mid,open-meteo,,,9.8,9.7,,,24.0,calibrated
wellington,Janvier,1,15,20,26,1.5,7.5,7.7,rec,open-meteo,19.3,5.4,13.6,8.2,1.39,9.6,14.0,observed
wellington,Février,2,16,20,26,2.8,7.5,7.7,rec,open-meteo,18.1,4.8,13.5,7.7,1.7,10.5,14.0,observed
wellington,Mars,3,14,19,32,2.3,6.6,7.4,rec,open-meteo,17.3,3.8,12.4,5.9,1.98,10.5,15.0,observed
wellington,Avril,4,13,17,32,3.3,5.2,4.5,mid,open-meteo,16.4,3.8,11.0,4.1,1.49,10.7,16.0,observed
wellington,Mai,5,11,15,37,3.3,4.3,4.3,mid,open-meteo,15.0,2.5,9.5,2.7,2.35,10.9,18.0,observed
wellington,Juin,6,10,13,41,3.6,3.4,4.1,mid,open-meteo,13.8,2.8,8.1,2.0,1.54,10.5,20.0,observed
wellington,Juillet,7,9,12,43,3.7,3.9,4.1,mid,open-meteo,13.3,2.2,6.9,2.0,2.09,9.9,21.0,observed
wellington,Août,8,9,12,42,3.2,4.8,4.1,mid,open-meteo,13.0,2.4,7.1,3.2,1.95,10.4,24.0,observed
wellington,Septembre,9,10,14,40,2.9,5.5,4.2,mid,open-meteo,13.6,2.9,7.6,4.7,1.75,10.6,26.0,observed
wellington,Octobre,10,11,15,41,2.5,6.2,4.3,mid,open-meteo,14.3,3.1,9.0,5.9,1.62,9.9,23.0,observed
wellington,Novembre,11,13,17,39,2.8,7.1,4.5,mid,open-meteo,15.5,3.6,10.6,7.4,1.72,10.1,19.0,observed
wellington,Décembre,12,14,18,37,2.7,7.0,7.3,rec,open-meteo,16.6,3.9,12.4,7.8,1.75,9.2,17.0,observed
christchurch,Janvier,1,13,21,28,1.8,7.3,7.8,rec,open-meteo,19.7,4.8,11.5,7.5,,,13.0,observed
christchurch,Février,2,14,21,25,1.8,6.9,7.8,rec,open-meteo,18.9,4.5,11.1,7.1,,,12.0,observed
christchurch,Mars,3,12,19,25,1.7,6.1,7.5,rec,open-meteo,17.0,3.4,10.2,5.3,,,13.0,observed
christchurch,Avril,4,9,17,27,2.1,5.3,7.2,rec,open-meteo,14.8,2.8,8.3,3.5,,,13.0,observed
christchurch,Mai,5,7,14,28,1.8,4.6,4.3,mid,open-meteo,12.2,2.6,6.7,2.3,,,13.0,observed
christchurch,Juin,6,5,11,35,2.0,3.8,4.1,mid,open-meteo,10.2,2.2,5.4,1.8,,,15.0,observed
christchurch,Juillet,7,4,11,32,2.4,4.1,4.1,mid,open-meteo,9.3,2.4,4.1,2.0,,,16.0,observed
christchurch,Août,8,4,12,26,1.4,5.0,4.3,mid,open-meteo,9.2,2.7,4.3,3.1,,,19.0,observed
christchurch,Septembre,9,6,14,31,1.5,5.6,4.3,mid,open-meteo,10.8,2.8,5.2,4.6,,,21.0,observed
christchurch,Octobre,10,8,16,36,2.0,6.6,4.5,mid,open-meteo,13.3,2.8,6.7,5.9,,,20.0,observed
christchurch,Novembre,11,10,17,34,2.1,7.6,7.3,rec,open-meteo,16.1,3.0,8.4,7.2,,,17.0,observed
christchurch,Décembre,12,12,19,36,2.3,6.9,7.4,rec,open-meteo,18.6,3.8,10.0,7.4,,,16.0,observed
brisbane,Janvier,1,21,30,50,4.1,8.6,5.3,mid,open-meteo,28.0,8.7,19.9,7.6,,,20.0,observed
brisbane,Février,2,21,29,45,5.9,8.3,8.1,rec,open-meteo,28.1,8.4,19.6,7.8,,,21.0,observed
brisbane,Mars,3,20,28,54,6.4,7.5,7.9,rec,open-meteo,26.3,7.6,19.4,6.7,,,20.0,observed
brisbane,Avril,4,16,26,29,1.9,7.9,8.3,rec,open-meteo,24.5,7.1,15.8,6.2,,,20.0,observed
brisbane,Mai,5,14,23,25,2.4,7.7,8.1,rec,open-meteo,21.3,5.4,12.8,4.7,,,19.0,observed
brisbane,Juin,6,11,21,21,1.4,6.6,7.9,rec,open-meteo,18.1,4.1,10.2,4.4,,,21.0,observed
brisbane,Juillet,7,10,21,19,1.4,7.7,8.0,rec,open-meteo,17.0,3.9,9.4,4.4,,,20.0,observed
brisbane,Août,8,11,22,17,1.0,8.7,8.3,rec,open-meteo,18.5,4.6,9.5,5.3,,,25.0,observed
brisbane,Septembre,9,13,24,21,1.5,8.9,8.4,rec,open-meteo,22.2,6.2,11.8,7.0,,,29.0,observed
brisbane,Octobre,10,16,26,34,3.8,8.7,8.3,rec,open-meteo,23.4,6.8,15.0,7.5,,,28.0,observed
brisbane,Novembre,11,18,28,38,3.8,9.1,8.4,rec,open-meteo,26.1,8.0,16.3,7.7,,,26.0,observed
brisbane,Décembre,12,20,29,40,3.8,8.5,8.2,rec,open-meteo,27.6,8.6,18.6,8.8,,,24.0,observed
whitsundays,Janvier,1,24,27,66,10.2,7.0,4.9,mid,open-meteo,29.5,8.2,23.7,9.5,0.61,4.1,13.0,calibrated
whitsundays,Février,2,24,27,66,9.5,6.7,4.9,mid,open-meteo,29.5,8.1,23.7,8.9,0.65,4.7,14.0,calibrated
whitsundays,Mars,3,24,27,66,8.1,6.5,4.9,mid,open-meteo,28.0,7.9,23.1,8.5,0.82,5.3,16.0,calibrated
whitsundays,Avril,4,23,25,60,5.1,6.4,7.5,rec,open-meteo,26.6,7.5,21.2,7.2,0.77,5.1,18.0,calibrated
whitsundays,Mai,5,21,23,49,2.9,6.3,7.5,rec,open-meteo,24.1,6.8,19.0,6.0,0.79,5.4,22.0,calibrated
whitsundays,Juin,6,19,21,31,1.3,6.8,7.7,rec,open-meteo,22.6,6.5,17.4,5.3,0.43,3.2,20.0,calibrated
whitsundays,Juillet,7,18,21,30,2.4,7.1,7.7,rec,open-meteo,21.7,6.3,16.4,5.8,0.65,4.4,23.0,calibrated
whitsundays,Août,8,18,21,23,1.1,7.6,7.9,rec,open-meteo,21.5,6.5,16.3,6.6,0.51,4.5,25.0,calibrated
whitsundays,Septembre,9,20,23,24,0.8,8.1,8.2,rec,open-meteo,23.5,7.3,17.6,7.9,0.6,4.4,27.0,calibrated
whitsundays,Octobre,10,22,25,23,1.1,8.3,8.4,rec,open-meteo,25.4,8.1,19.6,8.9,0.54,3.9,24.0,calibrated
whitsundays,Novembre,11,23,26,36,2.6,8.1,8.2,rec,open-meteo,27.2,8.3,20.9,9.0,0.49,3.6,20.0,calibrated
whitsundays,Décembre,12,24,27,51,6.3,7.5,5.2,mid,open-meteo,28.4,8.4,22.7,8.8,0.43,3.4,18.0,calibrated
uluru,Janvier,1,24,38,17,1.7,9.1,2.6,avoid,open-meteo,,,10.3,9.4,,,27.0,calibrated
uluru,Février,2,24,38,6,0.7,9.3,3.1,avoid,open-meteo,,,7.0,9.1,,,23.0,calibrated
uluru,Mars,3,23,36,9,0.6,8.4,4.8,mid,open-meteo,,,7.3,6.7,,,20.0,calibrated
uluru,Avril,4,16,29,4,0.4,8.2,9.2,rec,open-meteo,,,4.1,6.6,,,18.0,calibrated
uluru,Mai,5,10,23,6,0.5,7.7,8.6,rec,open-meteo,,,2.6,5.2,,,19.0,calibrated
uluru,Juin,6,7,20,7,0.6,7.5,8.1,rec,open-meteo,,,1.9,4.3,,,17.0,calibrated
uluru,Juillet,7,6,20,3,0.1,7.8,8.2,rec,open-meteo,,,0.1,4.9,,,19.0,calibrated
uluru,Août,8,8,23,4,0.2,8.1,8.7,rec,open-meteo,,,-1.0,5.9,,,21.0,calibrated
uluru,Septembre,9,13,28,8,0.6,8.5,9.2,rec,open-meteo,,,-0.5,6.9,,,27.0,calibrated
uluru,Octobre,10,17,32,10,0.7,8.7,8.5,rec,open-meteo,,,2.3,8.3,,,29.0,calibrated
uluru,Novembre,11,20,34,15,1.0,8.8,5.2,mid,open-meteo,,,5.7,8.6,,,27.0,calibrated
uluru,Décembre,12,23,37,14,1.3,9.3,4.6,mid,open-meteo,,,7.7,8.9,,,21.0,calibrated
moorea,Janvier,1,25,28,78,10.0,6.1,4.7,mid,open-meteo,28.9,7.3,22.6,8.3,1.52,10.5,14.0,calibrated
moorea,Février,2,25,28,76,9.5,6.2,4.8,mid,open-meteo,29.1,6.7,22.9,8.1,2.15,10.9,16.0,calibrated
moorea,Mars,3,25,28,72,5.3,6.4,4.8,mid,open-meteo,29.9,7.4,23.0,8.7,1.53,12.0,12.0,calibrated
moorea,Avril,4,25,28,69,7.4,6.0,4.9,mid,open-meteo,29.2,6.8,22.8,7.5,2.07,11.5,17.0,calibrated
moorea,Mai,5,25,28,47,3.8,6.6,7.9,rec,open-meteo,28.7,7.0,21.9,6.3,2.24,12.2,19.0,calibrated
moorea,Juin,6,24,27,51,4.2,6.3,7.8,rec,open-meteo,27.6,6.5,21.0,5.6,2.5,11.3,20.0,calibrated
moorea,Juillet,7,23,26,40,2.8,6.8,7.9,rec,open-meteo,27.3,6.6,20.3,5.9,2.2,10.7,23.0,calibrated
moorea,Août,8,23,26,42,2.7,7.1,7.9,rec,open-meteo,26.9,6.6,19.8,7.1,2.27,10.4,24.0,calibrated
moorea,Septembre,9,23,26,46,3.3,7.3,7.9,rec,open-meteo,27.1,7.1,20.1,8.2,1.72,10.4,19.0,calibrated
moorea,Octobre,10,24,27,54,4.6,7.1,7.8,rec,open-meteo,27.3,6.7,20.7,8.6,2.28,11.2,21.0,calibrated
moorea,Novembre,11,24,27,69,6.6,6.7,7.5,rec,open-meteo,27.4,6.9,21.8,9.2,1.76,11.0,17.0,calibrated
moorea,Décembre,12,24,28,75,9.3,6.2,4.8,mid,open-meteo,28.5,7.3,22.3,8.5,1.53,10.8,18.0,calibrated
iles-cook,Janvier,1,23,25,58,6.5,7.1,7.6,rec,open-meteo,27.4,6.4,20.3,8.9,2.22,10.8,18.0,calibrated
iles-cook,Février,2,23,25,65,8.3,6.6,7.4,rec,open-meteo,28.0,6.1,20.6,8.5,2.73,10.7,16.0,calibrated
iles-cook,Mars,3,23,25,66,6.9,6.3,7.4,rec,open-meteo,28.7,6.4,20.8,7.9,1.96,11.5,14.0,calibrated
iles-cook,Avril,4,23,24,51,4.8,6.6,7.6,rec,open-meteo,28.4,6.1,19.4,7.0,2.63,10.1,20.0,calibrated
iles-cook,Mai,5,22,24,56,5.8,6.0,7.5,rec,open-meteo,27.1,5.8,18.5,5.4,2.82,11.8,21.0,calibrated
iles-cook,Juin,6,21,22,37,2.7,6.7,7.7,rec,open-meteo,25.7,5.6,16.7,4.9,2.89,10.9,25.0,calibrated
iles-cook,Juillet,7,20,22,43,3.8,6.4,7.6,rec,open-meteo,24.8,5.3,16.3,5.3,2.83,10.4,26.0,calibrated
iles-cook,Août,8,20,22,36,3.0,7.0,7.7,rec,open-meteo,24.3,5.4,15.8,6.0,2.74,10.0,28.0,calibrated
iles-cook,Septembre,9,20,22,39,3.0,7.1,7.7,rec,open-meteo,24.7,5.6,16.5,7.5,2.19,10.8,23.0,calibrated
iles-cook,Octobre,10,21,22,37,3.0,7.6,7.8,rec,open-meteo,24.2,5.5,16.5,8.5,2.62,9.8,28.0,calibrated
iles-cook,Novembre,11,21,22,38,3.2,8.2,7.8,rec,open-meteo,24.6,5.8,17.9,8.7,2.17,10.6,21.0,calibrated
iles-cook,Décembre,12,22,24,61,6.5,7.0,7.5,rec,open-meteo,26.0,6.0,19.5,8.4,2.37,10.2,14.0,calibrated
papouasie,Janvier,1,8,15,92,12.8,3.6,4.2,avoid,open-meteo,,,9.7,6.7,,,9.0,calibrated
papouasie,Février,2,8,15,95,13.4,3.4,4.1,avoid,open-meteo,,,9.8,7.3,,,9.0,calibrated
papouasie,Mars,3,8,15,96,14.9,3.4,4.1,avoid,open-meteo,,,9.8,7.2,,,8.0,calibrated
papouasie,Avril,4,8,14,94,14.4,3.3,4.1,avoid,open-meteo,,,9.8,7.3,,,7.0,calibrated
papouasie,Mai,5,8,14,89,11.5,4.2,4.1,avoid,open-meteo,,,9.7,5.8,,,9.0,calibrated
papouasie,Juin,6,8,14,89,9.4,4.3,4.1,avoid,open-meteo,,,9.2,6.8,,,9.0,calibrated
papouasie,Juillet,7,7,14,85,10.0,4.2,4.2,avoid,open-meteo,,,8.7,5.9,,,12.0,calibrated
papouasie,Août,8,7,14,88,9.2,4.2,4.2,avoid,open-meteo,,,8.5,7.1,,,11.0,calibrated
papouasie,Septembre,9,7,14,87,13.0,4.2,4.2,avoid,open-meteo,,,8.8,7.4,,,11.0,calibrated
papouasie,Octobre,10,7,14,92,12.8,4.1,4.1,avoid,open-meteo,,,9.0,7.2,,,9.0,calibrated
papouasie,Novembre,11,8,15,91,11.3,4.0,4.2,avoid,open-meteo,,,9.3,7.5,,,9.0,calibrated
papouasie,Décembre,12,8,15,94,14.7,3.6,4.1,avoid,open-meteo,,,9.9,6.9,,,11.0,calibrated
sao-miguel,Janvier,1,13,16,56,4.6,4.5,4.2,mid,open-meteo,18.3,2.4,11.5,2.6,3.26,10.1,36.0,calibrated
sao-miguel,Février,2,12,16,52,4.2,5.1,4.2,mid,open-meteo,17.6,2.5,10.6,3.8,2.86,10.2,40.0,calibrated
sao-miguel,Mars,3,12,16,53,3.7,5.8,4.2,mid,open-meteo,16.9,2.5,10.7,5.3,3.11,10.0,38.0,calibrated
sao-miguel,Avril,4,13,17,59,4.0,6.2,4.3,mid,open-meteo,17.4,3.0,11.4,6.6,2.29,8.7,38.0,calibrated
sao-miguel,Mai,5,14,18,63,3.7,6.6,4.3,mid,open-meteo,18.9,4.0,13.1,6.7,1.64,8.3,32.0,calibrated
sao-miguel,Juin,6,16,20,50,2.7,7.7,7.4,rec,open-meteo,21.0,5.8,15.2,7.4,0.94,8.4,29.0,calibrated
sao-miguel,Juillet,7,18,23,46,1.6,7.9,7.7,rec,open-meteo,23.1,6.7,17.5,7.4,1.13,9.5,24.0,calibrated
sao-miguel,Août,8,20,24,48,2.1,7.3,7.7,rec,open-meteo,25.5,7.2,18.4,7.3,1.17,9.8,25.0,calibrated
sao-miguel,Septembre,9,19,23,53,2.5,6.2,7.5,rec,open-meteo,24.3,6.3,17.4,5.9,1.4,8.8,29.0,calibrated
sao-miguel,Octobre,10,18,21,55,4.8,5.6,4.6,mid,open-meteo,22.8,4.7,15.2,4.6,2.39,9.3,36.0,calibrated
sao-miguel,Novembre,11,15,19,52,4.3,5.0,4.4,mid,open-meteo,20.2,3.6,13.6,3.4,2.63,9.1,36.0,calibrated
sao-miguel,Décembre,12,13,17,53,5.2,4.6,4.3,mid,open-meteo,18.8,3.1,12.1,2.7,2.01,9.0,37.0,calibrated
sal,Janvier,1,20,25,0,0.0,5.9,8.7,rec,open-meteo,24.0,6.6,15.9,6.7,1.99,11.1,73.0,observed
sal,Février,2,20,24,4,0.3,6.2,8.5,rec,open-meteo,24.0,6.7,15.5,7.8,1.78,11.0,91.0,observed
sal,Mars,3,20,25,1,0.0,6.5,8.8,rec,open-meteo,23.0,6.4,15.7,8.7,2.22,10.2,63.0,observed
sal,Avril,4,20,25,1,0.0,7.2,8.9,rec,open-meteo,23.4,7.0,16.6,9.2,1.59,9.0,57.0,observed
sal,Mai,5,21,26,0,0.0,6.6,8.9,rec,open-meteo,24.4,7.6,17.6,9.0,1.45,7.2,51.0,observed
sal,Juin,6,22,27,1,0.0,5.8,8.9,rec,open-meteo,24.1,7.7,19.0,8.6,1.44,6.1,46.0,observed
sal,Juillet,7,23,28,4,0.1,4.8,8.8,rec,open-meteo,25.6,8.3,20.0,8.3,1.27,6.7,69.0,observed
sal,Août,8,24,29,18,0.9,5.2,8.4,rec,open-meteo,27.3,8.4,21.6,8.4,1.3,7.2,67.0,observed
sal,Septembre,9,25,30,23,1.2,6.0,5.6,mid,open-meteo,27.7,8.6,22.3,8.2,1.23,7.3,51.0,observed
sal,Octobre,10,25,30,4,0.3,6.4,6.1,mid,open-meteo,27.6,8.4,21.5,7.7,1.65,9.3,56.0,observed
sal,Novembre,11,23,28,5,0.2,6.3,9.0,rec,open-meteo,26.5,8.1,19.5,6.9,1.58,10.3,46.0,observed
sal,Décembre,12,22,26,3,0.1,5.0,8.6,rec,open-meteo,24.7,7.4,17.2,6.3,1.61,9.8,77.0,observed
mongolie,Janvier,1,-23,-13,3,0.1,5.6,4.2,mid,open-meteo,,,-22.8,0.9,,,66.0,calibrated
mongolie,Février,2,-21,-9,2,0.1,6.8,4.3,mid,open-meteo,,,-19.8,1.6,,,55.0,calibrated
mongolie,Mars,3,-9,2,7,0.3,7.6,4.3,mid,open-meteo,,,-15.6,2.7,,,43.0,calibrated
mongolie,Avril,4,-3,10,15,0.5,8.0,4.4,mid,open-meteo,,,-10.3,3.8,,,38.0,calibrated
mongolie,Mai,5,2,17,20,0.9,8.6,7.5,rec,open-meteo,,,-4.7,4.6,,,34.0,calibrated
mongolie,Juin,6,9,23,31,1.8,8.1,8.0,rec,open-meteo,,,4.8,4.9,,,31.0,calibrated
mongolie,Juillet,7,13,25,40,2.7,7.3,7.9,rec,open-meteo,,,10.3,4.7,,,31.0,calibrated
mongolie,Août,8,11,22,40,3.1,7.1,7.7,rec,open-meteo,,,9.5,3.9,,,27.0,calibrated
mongolie,Septembre,9,4,17,25,1.5,6.9,7.4,rec,open-meteo,,,2.4,2.8,,,24.0,calibrated
mongolie,Octobre,10,-4,6,13,0.4,6.5,4.2,mid,open-meteo,,,-7.9,1.7,,,32.0,calibrated
mongolie,Novembre,11,-13,-4,12,0.4,5.7,4.2,mid,open-meteo,,,-16.3,1.0,,,51.0,calibrated
mongolie,Décembre,12,-21,-12,4,0.1,5.4,4.2,mid,open-meteo,,,-21.5,0.7,,,87.0,calibrated
socotra,Janvier,1,15,25,5,0.2,8.5,8.9,rec,open-meteo,26.7,8.1,14.2,7.4,1.05,6.4,39.0,calibrated
socotra,Février,2,16,27,5,0.1,8.6,9.2,rec,open-meteo,27.4,8.6,14.2,8.4,0.96,7.7,38.0,calibrated
socotra,Mars,3,17,30,7,0.4,8.7,9.0,rec,open-meteo,28.4,9.2,15.3,9.1,0.83,9.7,41.0,calibrated
socotra,Avril,4,20,31,11,0.4,9.0,6.1,mid,open-meteo,30.1,9.1,17.9,9.1,0.87,10.1,28.0,calibrated
socotra,Mai,5,22,30,40,3.9,7.6,5.4,mid,open-meteo,31.0,7.7,21.2,8.4,1.75,8.8,19.0,calibrated
socotra,Juin,6,22,27,14,0.6,8.5,8.9,rec,open-meteo,28.7,7.0,20.5,8.2,3.17,7.7,22.0,calibrated
socotra,Juillet,7,21,26,16,0.5,8.2,8.7,rec,open-meteo,25.9,6.4,19.3,6.8,3.81,8.2,26.0,calibrated
socotra,Août,8,21,26,20,0.6,7.9,8.5,rec,open-meteo,24.9,6.3,19.6,7.8,3.29,7.8,22.0,calibrated
socotra,Septembre,9,21,26,31,1.0,7.1,8.2,rec,open-meteo,25.2,6.4,20.2,7.7,2.44,7.0,19.0,calibrated
socotra,Octobre,10,20,28,39,2.1,7.1,8.2,rec,open-meteo,26.5,7.9,18.8,7.7,1.22,8.6,20.0,calibrated
socotra,Novembre,11,18,27,26,1.2,7.7,8.5,rec,open-meteo,28.0,8.3,17.8,7.4,0.98,8.0,40.0,calibrated
socotra,Décembre,12,17,25,15,0.8,8.1,8.6,rec,open-meteo,26.7,7.9,16.1,6.9,1.05,7.0,56.0,calibrated
svalbard,Janvier,1,-14,-8,32,1.4,0.1,0.7,avoid,open-meteo,-0.5,1.4,-13.9,0.0,,,27.0,calibrated
svalbard,Février,2,-14,-8,40,1.8,0.0,0.6,avoid,open-meteo,-1.5,1.2,-14.2,0.0,,,28.0,calibrated
svalbard,Mars,3,-17,-12,33,1.3,3.0,0.9,avoid,open-meteo,-1.9,2.1,-16.3,0.8,,,31.0,calibrated
svalbard,Avril,4,-12,-7,29,1.1,6.5,4.1,mid,open-meteo,-1.7,3.0,-11.4,2.3,,,33.0,calibrated
svalbard,Mai,5,-3,0,31,1.1,7.1,4.1,mid,open-meteo,2.8,3.2,-5.1,3.6,,,31.0,calibrated
svalbard,Juin,6,2,5,29,1.0,6.4,4.1,mid,open-meteo,5.4,3.0,1.5,3.5,,,24.0,calibrated
svalbard,Juillet,7,6,10,34,1.5,4.4,4.1,mid,open-meteo,8.2,2.4,5.4,2.6,,,19.0,calibrated
svalbard,Août,8,5,8,37,1.8,3.0,1.0,avoid,open-meteo,9.7,2.0,4.6,1.9,,,21.0,calibrated
svalbard,Septembre,9,1,4,46,2.2,0.3,0.6,avoid,open-meteo,5.7,1.2,0.7,0.9,,,22.0,calibrated
svalbard,Octobre,10,-5,-1,35,1.5,0.1,0.7,avoid,open-meteo,3.2,1.3,-5.0,0.2,,,24.0,calibrated
svalbard,Novembre,11,-10,-4,42,1.8,0.0,0.6,avoid,open-meteo,1.8,1.2,-9.2,0.0,,,28.0,calibrated
svalbard,Décembre,12,-13,-6,39,1.6,0.0,0.6,avoid,open-meteo,0.4,1.2,-12.4,0.0,,,30.0,calibrated
freetown,Janvier,1,25,29,5,0.2,7.3,6.2,mid,open-meteo,29.8,9.3,22.4,7.7,0.4,8.7,65.0,observed
freetown,Février,2,25,30,3,0.1,7.6,6.2,mid,open-meteo,30.5,9.4,22.4,8.7,0.4,8.7,75.0,observed
freetown,Mars,3,25,29,10,0.3,7.5,6.1,mid,open-meteo,30.7,9.1,22.5,9.1,0.42,9.1,63.0,observed
freetown,Avril,4,26,29,27,1.3,6.9,5.7,mid,open-meteo,30.4,8.9,23.1,9.0,0.46,9.2,61.0,observed
freetown,Mai,5,25,29,74,6.3,6.1,4.7,mid,open-meteo,30.8,8.0,23.7,7.6,0.56,9.3,32.0,observed
freetown,Juin,6,24,28,97,14.4,5.1,4.4,mid,open-meteo,30.0,7.5,23.3,6.9,0.62,7.8,22.0,observed
freetown,Juillet,7,23,26,98,23.9,3.3,5.2,avoid,open-meteo,28.1,6.7,22.7,6.0,0.81,8.6,21.0,observed
freetown,Août,8,23,26,97,23.9,2.8,5.1,avoid,open-meteo,27.5,6.6,22.6,6.3,0.89,8.6,18.0,observed
freetown,Septembre,9,23,27,96,17.2,4.2,4.3,mid,open-meteo,28.1,6.9,23.0,6.2,0.74,7.8,16.0,observed
freetown,Octobre,10,24,28,95,9.6,6.0,4.5,mid,open-meteo,29.2,7.6,23.3,7.5,0.52,8.2,17.0,observed
freetown,Novembre,11,24,29,78,5.3,6.6,4.7,mid,open-meteo,30.5,8.1,23.5,7.9,0.4,8.3,38.0,observed
freetown,Décembre,12,25,29,26,1.1,5.2,5.5,mid,open-meteo,30.1,9.0,22.7,7.4,0.39,8.9,69.0,observed
alger,Janvier,1,7,16,33,2.5,4.5,4.4,mid,open-meteo,16.2,3.8,6.8,3.0,1.18,6.0,29.0,observed
alger,Février,2,8,17,27,1.7,5.6,7.3,rec,open-meteo,15.2,3.8,7.4,3.9,1.34,6.4,28.0,observed
alger,Mars,3,10,18,34,2.2,6.7,7.3,rec,open-meteo,16.0,4.2,8.9,5.6,1.26,6.4,31.0,observed
alger,Avril,4,12,20,28,1.8,7.6,7.7,rec,open-meteo,17.6,5.2,10.7,6.6,1.06,6.0,36.0,observed
alger,Mai,5,15,23,22,1.4,9.7,8.4,rec,open-meteo,19.2,6.4,13.3,7.6,0.86,5.1,32.0,observed
alger,Juin,6,18,27,7,0.4,10.0,9.3,rec,open-meteo,22.1,7.8,16.5,8.0,0.97,5.4,36.0,observed
alger,Juillet,7,22,30,1,0.0,11.4,6.8,mid,open-meteo,26.7,9.5,19.1,8.1,0.77,4.8,39.0,observed
alger,Août,8,22,31,6,0.2,10.5,6.4,mid,open-meteo,26.1,9.0,20.1,7.5,0.87,5.2,38.0,observed
alger,Septembre,9,20,29,15,0.7,8.9,8.9,rec,open-meteo,24.6,8.3,18.0,6.3,1.06,5.9,34.0,observed
alger,Octobre,10,16,25,20,1.0,6.4,8.3,rec,open-meteo,23.3,7.3,14.3,4.8,0.95,5.6,30.0,observed
alger,Novembre,11,12,20,38,3.1,5.1,7.4,rec,open-meteo,20.2,5.4,10.7,3.7,0.92,5.8,41.0,observed
alger,Décembre,12,9,17,28,2.0,4.7,4.5,mid,open-meteo,17.8,4.1,8.6,2.8,1.37,6.7,29.0,observed
oran,Janvier,1,8,16,24,1.6,6.2,7.2,rec,open-meteo,16.8,4.2,7.1,3.4,0.99,5.8,25.0,calibrated
oran,Février,2,9,18,18,1.1,6.8,7.5,rec,open-meteo,16.0,4.2,7.7,4.5,1.46,6.3,28.0,calibrated
oran,Mars,3,10,19,30,1.7,6.9,7.5,rec,open-meteo,16.3,4.3,8.7,5.7,1.46,6.0,33.0,calibrated
oran,Avril,4,12,21,23,1.2,7.9,7.9,rec,open-meteo,18.1,5.6,10.3,7.0,1.02,5.7,39.0,calibrated
oran,Mai,5,15,24,14,0.8,8.8,8.6,rec,open-meteo,19.7,6.6,12.7,7.6,1.06,5.2,35.0,calibrated
oran,Juin,6,18,28,5,0.2,9.8,9.5,rec,open-meteo,22.3,8.1,15.4,8.2,1.02,5.1,36.0,calibrated
oran,Juillet,7,21,30,0,0.0,9.7,6.6,mid,open-meteo,26.4,9.4,18.4,8.3,0.78,5.0,34.0,calibrated
oran,Août,8,22,31,2,0.1,9.0,6.3,mid,open-meteo,26.5,9.2,19.4,7.7,0.74,4.8,36.0,calibrated
oran,Septembre,9,20,28,11,0.7,7.9,9.0,rec,open-meteo,24.8,8.3,17.7,6.4,1.01,5.2,34.0,calibrated
oran,Octobre,10,16,26,13,0.9,7.1,8.6,rec,open-meteo,22.6,7.3,14.4,5.1,1.04,5.3,29.0,calibrated
oran,Novembre,11,12,20,22,1.2,6.4,7.7,rec,open-meteo,19.2,5.5,10.6,3.9,0.88,5.7,34.0,calibrated
oran,Décembre,12,9,17,22,1.3,6.2,7.3,rec,open-meteo,17.5,4.7,8.7,3.2,0.81,6.4,26.0,calibrated
constantine,Janvier,1,3,13,28,1.8,5.0,4.3,mid,open-meteo,,,2.8,3.4,,,21.0,observed
constantine,Février,2,4,16,27,1.5,5.5,4.5,mid,open-meteo,,,3.5,4.3,,,23.0,observed
constantine,Mars,3,6,18,33,2.0,6.2,7.3,rec,open-meteo,,,5.1,6.1,,,32.0,observed
constantine,Avril,4,8,20,32,1.8,7.0,7.6,rec,open-meteo,,,7.4,7.0,,,34.0,observed
constantine,Mai,5,11,25,30,1.9,8.1,8.2,rec,open-meteo,,,9.8,8.0,,,33.0,observed
constantine,Juin,6,16,32,11,0.5,10.5,8.7,rec,open-meteo,,,11.4,8.4,,,42.0,observed
constantine,Juillet,7,20,37,3,0.1,11.5,5.0,mid,open-meteo,,,11.5,8.7,,,37.0,observed
constantine,Août,8,19,35,8,0.3,9.8,5.2,mid,open-meteo,,,12.8,8.2,,,32.0,observed
constantine,Septembre,9,17,30,19,0.8,8.6,8.7,rec,open-meteo,,,13.2,6.7,,,31.0,observed
constantine,Octobre,10,12,26,23,1.3,6.9,8.3,rec,open-meteo,,,10.0,5.4,,,29.0,observed
constantine,Novembre,11,8,18,31,2.1,5.5,7.3,rec,open-meteo,,,6.7,4.0,,,31.0,observed
constantine,Décembre,12,5,15,28,1.7,4.8,4.4,mid,open-meteo,,,4.7,2.9,,,22.0,observed
annaba,Janvier,1,7,16,35,2.2,4.5,4.4,mid,open-meteo,16.4,4.0,7.1,3.1,0.98,5.9,25.0,observed
annaba,Février,2,8,18,28,2.1,5.8,7.3,rec,open-meteo,15.7,4.5,7.5,4.1,0.84,6.2,28.0,observed
annaba,Mars,3,9,19,30,2.0,6.4,7.4,rec,open-meteo,15.9,4.8,8.8,6.0,0.76,6.1,34.0,observed
annaba,Avril,4,11,21,29,2.0,6.8,7.7,rec,open-meteo,17.2,5.4,10.8,6.9,1.0,6.0,39.0,observed
annaba,Mai,5,14,24,26,1.9,8.4,8.3,rec,open-meteo,19.4,6.7,13.3,7.7,0.51,4.6,38.0,observed
annaba,Juin,6,19,30,10,0.6,10.0,6.3,mid,open-meteo,23.3,8.8,16.5,8.2,0.54,4.8,41.0,observed
annaba,Juillet,7,21,32,1,0.0,11.3,6.3,mid,open-meteo,28.0,9.3,18.5,8.4,0.6,4.9,36.0,observed
annaba,Août,8,22,32,7,0.4,10.2,6.1,mid,open-meteo,27.3,9.2,19.3,7.7,0.53,4.7,37.0,observed
annaba,Septembre,9,20,30,22,1.1,8.3,5.9,mid,open-meteo,25.7,8.8,18.1,6.2,0.83,5.9,37.0,observed
annaba,Octobre,10,16,27,24,1.6,6.5,8.4,rec,open-meteo,24.7,8.1,14.5,5.1,0.57,4.9,30.0,observed
annaba,Novembre,11,12,21,36,2.8,5.1,7.5,rec,open-meteo,21.5,6.0,11.2,3.8,0.65,5.6,31.0,observed
annaba,Décembre,12,9,18,34,2.4,4.4,4.5,mid,open-meteo,18.6,4.2,8.7,2.8,1.48,6.8,28.0,observed
batna,Janvier,1,1,11,21,0.8,6.2,4.3,mid,open-meteo,,,-0.6,3.8,,,24.0,calibrated
batna,Février,2,2,14,24,1.0,6.6,4.4,mid,open-meteo,,,-0.2,4.6,,,26.0,calibrated
batna,Mars,3,4,16,28,1.6,7.0,7.2,rec,open-meteo,,,1.0,6.6,,,34.0,calibrated
batna,Avril,4,7,21,34,2.0,7.3,7.7,rec,open-meteo,,,3.7,7.5,,,38.0,calibrated
batna,Mai,5,11,25,30,2.0,8.0,8.2,rec,open-meteo,,,6.1,8.3,,,40.0,calibrated
batna,Juin,6,16,32,12,0.5,9.2,8.5,rec,open-meteo,,,7.4,8.9,,,49.0,calibrated
batna,Juillet,7,20,36,4,0.1,9.5,5.0,mid,open-meteo,,,6.9,9.0,,,45.0,calibrated
batna,Août,8,18,33,9,0.4,9.0,8.3,rec,open-meteo,,,8.6,8.4,,,32.0,calibrated
batna,Septembre,9,16,29,16,0.9,7.6,8.7,rec,open-meteo,,,9.6,7.0,,,32.0,calibrated
batna,Octobre,10,10,23,22,0.9,7.0,8.1,rec,open-meteo,,,6.8,5.6,,,36.0,calibrated
batna,Novembre,11,6,16,21,1.3,6.2,7.3,rec,open-meteo,,,3.7,4.3,,,32.0,calibrated
batna,Décembre,12,3,13,23,1.1,5.9,4.4,mid,open-meteo,,,1.7,3.3,,,25.0,calibrated
bath,Janvier,1,2,7,40,2.4,2.4,0.8,avoid,open-meteo,,,2.9,0.3,,,24.0,calibrated
bath,Février,2,3,9,44,2.7,3.2,1.0,avoid,open-meteo,,,3.1,0.5,,,25.0,calibrated
bath,Mars,3,4,10,47,2.6,4.1,1.1,avoid,open-meteo,,,3.8,1.5,,,29.0,calibrated
bath,Avril,4,5,12,34,1.7,6.4,4.2,mid,open-meteo,,,4.6,2.7,,,29.0,calibrated
bath,Mai,5,8,16,37,2.1,7.3,4.5,mid,open-meteo,,,8.0,3.7,,,29.0,calibrated
bath,Juin,6,11,19,40,2.1,7.0,7.3,rec,open-meteo,,,10.9,4.6,,,25.0,calibrated
bath,Juillet,7,13,20,40,2.2,7.1,7.5,rec,open-meteo,,,12.4,4.3,,,22.0,calibrated
bath,Août,8,13,20,38,2.2,6.3,7.4,rec,open-meteo,,,12.8,4.0,,,25.0,calibrated
bath,Septembre,9,11,18,42,2.6,5.3,4.5,mid,open-meteo,,,11.2,2.3,,,24.0,calibrated
bath,Octobre,10,9,14,45,3.0,3.7,4.1,mid,open-meteo,,,9.0,1.3,,,21.0,calibrated
bath,Novembre,11,5,11,42,2.9,2.8,1.1,avoid,open-meteo,,,6.0,0.4,,,32.0,calibrated
bath,Décembre,12,4,9,46,3.2,1.8,0.8,avoid,open-meteo,,,5.1,0.2,,,27.0,calibrated
cotswolds,Janvier,1,1,6,36,2.2,2.5,0.9,avoid,open-meteo,,,2.2,0.3,,,24.0,calibrated
cotswolds,Février,2,2,8,42,2.4,3.2,0.9,avoid,open-meteo,,,2.5,0.5,,,25.0,calibrated
cotswolds,Mars,3,3,10,47,2.5,4.0,1.0,avoid,open-meteo,,,3.0,1.4,,,29.0,calibrated
cotswolds,Avril,4,4,12,35,1.7,6.1,4.2,mid,open-meteo,,,3.8,2.7,,,29.0,calibrated
cotswolds,Mai,5,8,16,37,2.1,7.1,4.5,mid,open-meteo,,,7.4,3.7,,,29.0,calibrated
cotswolds,Juin,6,11,18,38,2.2,7.0,7.3,rec,open-meteo,,,10.3,4.5,,,25.0,calibrated
cotswolds,Juillet,7,13,20,42,2.3,6.9,7.4,rec,open-meteo,,,11.7,4.2,,,23.0,calibrated
cotswolds,Août,8,12,20,39,2.0,6.4,7.4,rec,open-meteo,,,11.9,3.8,,,24.0,calibrated
cotswolds,Septembre,9,10,17,41,2.4,5.1,4.4,mid,open-meteo,,,10.5,2.5,,,25.0,calibrated
cotswolds,Octobre,10,8,14,41,2.9,3.9,4.2,mid,open-meteo,,,8.4,1.2,,,21.0,calibrated
cotswolds,Novembre,11,5,10,40,2.8,3.0,1.1,avoid,open-meteo,,,5.3,0.4,,,32.0,calibrated
cotswolds,Décembre,12,3,8,45,2.9,1.8,0.8,avoid,open-meteo,,,4.4,0.2,,,25.0,calibrated
lake-district,Janvier,1,0,3,56,6.0,0.2,0.5,avoid,open-meteo,,,0.3,0.1,,,27.0,calibrated
lake-district,Février,2,0,4,64,7.3,0.6,0.5,avoid,open-meteo,,,0.3,0.4,,,26.0,calibrated
lake-district,Mars,3,0,6,55,5.3,1.8,0.6,avoid,open-meteo,,,0.8,1.0,,,28.0,calibrated
lake-district,Avril,4,2,8,44,3.1,3.7,0.9,avoid,open-meteo,,,1.6,1.9,,,30.0,calibrated
lake-district,Mai,5,5,12,47,3.2,4.0,4.1,mid,open-meteo,,,5.3,2.8,,,28.0,calibrated
lake-district,Juin,6,8,14,59,4.8,3.5,1.1,avoid,open-meteo,,,8.2,4.1,,,25.0,calibrated
lake-district,Juillet,7,10,15,62,5.1,3.3,1.1,avoid,open-meteo,,,9.8,3.5,,,22.0,calibrated
lake-district,Août,8,10,14,64,5.9,2.6,0.9,avoid,open-meteo,,,10.0,2.9,,,24.0,calibrated
lake-district,Septembre,9,8,13,60,5.5,2.1,0.9,avoid,open-meteo,,,8.4,2.2,,,26.0,calibrated
lake-district,Octobre,10,6,10,63,6.7,0.9,0.6,avoid,open-meteo,,,6.0,1.0,,,23.0,calibrated
lake-district,Novembre,11,2,6,61,6.6,0.3,0.5,avoid,open-meteo,,,3.0,0.3,,,29.0,calibrated
lake-district,Décembre,12,1,4,60,7.1,0.0,0.5,avoid,open-meteo,,,2.0,0.1,,,27.0,calibrated
isle-of-skye,Janvier,1,2,6,70,6.1,1.1,0.5,avoid,open-meteo,8.9,2.0,1.5,0.1,1.19,9.7,28.0,observed
isle-of-skye,Février,2,2,6,72,7.4,2.3,0.5,avoid,open-meteo,8.1,2.1,1.4,0.3,1.13,9.9,30.0,observed
isle-of-skye,Mars,3,2,7,60,5.2,3.4,0.7,avoid,open-meteo,7.9,2.7,1.8,1.0,0.82,9.2,30.0,observed
isle-of-skye,Avril,4,3,9,51,3.6,5.0,1.0,avoid,open-meteo,9.0,3.1,2.8,1.8,0.8,7.7,32.0,observed
isle-of-skye,Mai,5,7,12,53,4.2,6.3,4.1,mid,open-meteo,10.7,3.4,6.0,2.8,0.44,7.6,32.0,observed
isle-of-skye,Juin,6,9,14,65,5.6,5.0,1.1,avoid,open-meteo,15.8,3.3,8.8,3.2,0.76,6.2,26.0,observed
isle-of-skye,Juillet,7,10,15,71,6.2,4.3,1.0,avoid,open-meteo,14.9,3.1,10.2,2.9,0.6,6.0,22.0,observed
isle-of-skye,Août,8,11,15,72,7.4,3.9,1.0,avoid,open-meteo,14.9,2.7,10.5,2.4,1.13,6.9,24.0,observed
isle-of-skye,Septembre,9,9,14,68,6.9,3.4,0.9,avoid,open-meteo,14.7,2.9,9.0,1.7,0.57,7.0,26.0,observed
isle-of-skye,Octobre,10,7,11,71,8.2,2.3,0.6,avoid,open-meteo,13.1,2.3,6.5,0.6,1.02,8.9,27.0,observed
isle-of-skye,Novembre,11,4,8,64,7.0,1.4,0.6,avoid,open-meteo,11.8,2.4,3.9,0.1,0.86,8.1,27.0,observed
isle-of-skye,Décembre,12,2,6,71,7.6,1.0,0.5,avoid,open-meteo,10.4,1.9,2.8,0.0,1.27,9.1,31.0,observed
york,Janvier,1,2,7,35,1.9,1.0,0.8,avoid,open-meteo,,,0.3,0.2,,,24.0,observed
york,Février,2,2,9,41,2.2,2.0,0.9,avoid,open-meteo,,,0.3,0.4,,,25.0,observed
york,Mars,3,3,10,42,2.0,3.0,1.1,avoid,open-meteo,,,0.8,1.1,,,30.0,observed
york,Avril,4,4,12,34,1.5,5.0,4.2,mid,open-meteo,,,1.6,2.3,,,28.0,observed
york,Mai,5,8,16,36,1.8,6.0,4.4,mid,open-meteo,,,5.3,3.1,,,28.0,observed
york,Juin,6,11,19,41,2.4,6.0,7.3,rec,open-meteo,,,8.2,4.1,,,24.0,observed
york,Juillet,7,13,20,45,2.6,6.0,7.3,rec,open-meteo,,,9.8,3.8,,,21.0,observed
york,Août,8,13,20,39,2.3,5.0,7.3,rec,open-meteo,,,10.0,3.7,,,23.0,observed
york,Septembre,9,11,18,41,2.5,4.0,4.4,mid,open-meteo,,,8.4,2.0,,,25.0,observed
york,Octobre,10,8,14,46,2.6,3.0,4.1,mid,open-meteo,,,6.0,1.1,,,22.0,observed
york,Novembre,11,5,10,44,2.2,2.0,0.9,avoid,open-meteo,,,3.0,0.3,,,30.0,observed
york,Décembre,12,3,8,44,2.4,1.0,0.7,avoid,open-meteo,,,2.0,0.1,,,25.0,observed
salzburg,Janvier,1,-3,5,50,3.6,2.2,0.6,avoid,open-meteo,,,-3.2,1.5,,,33.0,observed
salzburg,Février,2,-1,8,45,3.3,3.3,0.9,avoid,open-meteo,,,-1.8,2.1,,,29.0,observed
salzburg,Mars,3,1,11,44,2.9,4.2,4.1,mid,open-meteo,,,0.6,3.4,,,30.0,observed
salzburg,Avril,4,4,15,44,3.2,5.1,4.2,mid,open-meteo,,,3.9,4.7,,,29.0,observed
salzburg,Mai,5,8,18,60,5.7,6.3,4.3,mid,open-meteo,,,9.2,5.4,,,27.0,observed
salzburg,Juin,6,13,24,52,4.5,6.5,7.6,rec,open-meteo,,,13.7,5.8,,,28.0,observed
salzburg,Juillet,7,15,24,56,5.5,7.1,7.5,rec,open-meteo,,,15.1,6.1,,,27.0,observed
salzburg,Août,8,15,25,51,5.5,6.5,7.6,rec,open-meteo,,,15.5,5.4,,,28.0,observed
salzburg,Septembre,9,11,20,43,4.8,5.6,7.3,rec,open-meteo,,,11.7,3.7,,,25.0,observed
salzburg,Octobre,10,7,16,42,3.5,4.2,4.3,mid,open-meteo,,,8.1,2.6,,,24.0,observed
salzburg,Novembre,11,1,9,42,3.3,2.7,1.0,avoid,open-meteo,,,2.4,1.9,,,41.0,observed
salzburg,Décembre,12,-1,6,47,3.4,2.0,0.7,avoid,open-meteo,,,-1.2,1.2,,,33.0,observed
interlaken,Janvier,1,1,7,54,5.0,2.2,0.7,avoid,open-meteo,,,-0.6,1.7,,,24.0,observed
interlaken,Février,2,2,9,45,3.8,2.9,0.9,avoid,open-meteo,,,-0.5,2.5,,,25.0,observed
interlaken,Mars,3,3,11,47,3.9,4.1,1.1,avoid,open-meteo,,,1.6,3.6,,,28.0,observed
interlaken,Avril,4,6,15,50,4.8,5.5,4.2,mid,open-meteo,,,4.3,5.0,,,31.0,observed
interlaken,Mai,5,9,17,66,6.8,5.9,4.2,mid,open-meteo,,,9.0,5.1,,,29.0,observed
interlaken,Juin,6,14,23,56,5.6,6.7,7.5,rec,open-meteo,,,13.7,5.8,,,27.0,observed
interlaken,Juillet,7,16,24,60,5.9,7.2,7.5,rec,open-meteo,,,15.2,6.2,,,26.0,observed
interlaken,Août,8,16,25,49,5.7,6.4,7.7,rec,open-meteo,,,15.3,5.7,,,28.0,observed
interlaken,Septembre,9,14,21,50,4.9,5.1,7.3,rec,open-meteo,,,12.5,4.1,,,26.0,observed
interlaken,Octobre,10,10,17,42,4.6,3.3,4.3,mid,open-meteo,,,8.8,2.7,,,22.0,observed
interlaken,Novembre,11,5,11,47,4.6,2.3,1.0,avoid,open-meteo,,,4.2,2.1,,,25.0,observed
interlaken,Décembre,12,2,8,46,4.6,1.8,0.8,avoid,open-meteo,,,1.1,1.6,,,26.0,observed
lucerne,Janvier,1,0,5,50,3.5,1.6,0.6,avoid,open-meteo,,,-0.8,1.5,,,25.0,observed
lucerne,Février,2,0,8,45,3.0,2.8,0.9,avoid,open-meteo,,,-0.1,2.3,,,24.0,observed
lucerne,Mars,3,2,11,46,3.1,4.3,4.1,mid,open-meteo,,,1.7,3.4,,,24.0,observed
lucerne,Avril,4,5,15,44,4.2,5.4,4.2,mid,open-meteo,,,4.5,4.7,,,29.0,observed
lucerne,Mai,5,9,18,58,5.7,5.6,4.3,mid,open-meteo,,,9.1,5.4,,,26.0,observed
lucerne,Juin,6,14,24,54,5.2,6.2,7.5,rec,open-meteo,,,13.8,5.9,,,27.0,observed
lucerne,Juillet,7,16,24,58,6.4,6.7,7.5,rec,open-meteo,,,15.6,6.3,,,27.0,observed
lucerne,Août,8,16,25,48,5.2,6.4,7.7,rec,open-meteo,,,15.9,5.5,,,29.0,observed
lucerne,Septembre,9,13,20,47,4.7,4.9,4.6,mid,open-meteo,,,12.6,4.0,,,24.0,observed
lucerne,Octobre,10,9,15,42,4.1,3.2,4.2,mid,open-meteo,,,9.2,2.6,,,19.0,observed
lucerne,Novembre,11,4,9,47,3.8,1.8,0.8,avoid,open-meteo,,,4.1,1.9,,,34.0,observed
lucerne,Décembre,12,0,6,47,3.7,1.3,0.6,avoid,open-meteo,,,1.2,1.3,,,24.0,observed
cologne,Janvier,1,1,6,51,2.8,1.8,0.6,avoid,open-meteo,,,1.0,1.2,,,28.0,observed
cologne,Février,2,2,9,45,2.5,2.6,0.9,avoid,open-meteo,,,1.4,1.6,,,25.0,observed
cologne,Mars,3,3,11,42,2.3,4.0,4.1,mid,open-meteo,,,2.5,3.2,,,30.0,observed
cologne,Avril,4,6,15,38,1.9,5.8,4.3,mid,open-meteo,,,4.4,4.1,,,26.0,observed
cologne,Mai,5,10,19,38,2.2,6.4,7.3,rec,open-meteo,,,8.4,5.7,,,28.0,observed
cologne,Juin,6,14,23,40,2.7,6.7,7.7,rec,open-meteo,,,12.2,5.8,,,27.0,observed
cologne,Juillet,7,15,24,40,2.9,6.7,7.8,rec,open-meteo,,,12.9,5.8,,,26.0,observed
cologne,Août,8,15,24,39,2.1,6.3,7.8,rec,open-meteo,,,13.7,5.5,,,28.0,observed
cologne,Septembre,9,13,20,34,2.7,5.0,7.4,rec,open-meteo,,,11.1,4.2,,,25.0,observed
cologne,Octobre,10,9,15,45,2.4,3.4,4.2,mid,open-meteo,,,8.8,2.3,,,24.0,observed
cologne,Novembre,11,5,10,47,2.5,2.0,0.9,avoid,open-meteo,,,4.9,1.4,,,35.0,observed
cologne,Décembre,12,3,7,53,2.7,1.5,0.6,avoid,open-meteo,,,3.1,0.8,,,30.0,observed
dresde,Janvier,1,-1,4,46,2.1,2.0,0.7,avoid,open-meteo,,,-1.1,1.2,,,25.0,observed
dresde,Février,2,0,7,41,2.0,2.9,0.9,avoid,open-meteo,,,-0.7,1.7,,,24.0,observed
dresde,Mars,3,2,10,38,1.5,4.1,4.1,mid,open-meteo,,,0.7,3.4,,,32.0,observed
dresde,Avril,4,4,14,32,1.5,6.2,4.3,mid,open-meteo,,,3.3,4.7,,,29.0,observed
dresde,Mai,5,9,19,33,1.7,7.2,7.5,rec,open-meteo,,,7.7,5.4,,,28.0,observed
dresde,Juin,6,14,24,36,2.2,7.4,7.9,rec,open-meteo,,,12.3,6.1,,,29.0,observed
dresde,Juillet,7,15,25,36,2.3,7.5,8.0,rec,open-meteo,,,12.5,6.1,,,30.0,observed
dresde,Août,8,15,25,34,2.1,7.2,8.0,rec,open-meteo,,,13.6,5.5,,,31.0,observed
dresde,Septembre,9,12,21,33,2.2,5.5,7.6,rec,open-meteo,,,10.6,3.9,,,28.0,observed
dresde,Octobre,10,8,15,40,2.1,3.9,4.2,mid,open-meteo,,,7.6,2.5,,,23.0,observed
dresde,Novembre,11,3,9,36,1.6,2.3,1.0,avoid,open-meteo,,,3.2,1.4,,,31.0,observed
dresde,Décembre,12,1,5,41,1.9,1.9,0.7,avoid,open-meteo,,,0.9,0.9,,,28.0,observed
alcudia,Janvier,1,8,15,24,2.0,5.8,4.5,mid,open-meteo,15.4,4.0,6.9,2.6,1.0,5.5,25.0,calibrated
alcudia,Février,2,9,16,21,1.6,6.5,7.3,rec,open-meteo,14.0,3.8,7.1,3.6,1.13,5.7,29.0,calibrated
alcudia,Mars,3,10,17,27,1.3,7.0,7.3,rec,open-meteo,14.6,4.3,8.3,5.0,0.86,5.3,32.0,calibrated
alcudia,Avril,4,12,19,26,1.7,7.7,7.6,rec,open-meteo,16.6,4.9,9.9,5.9,1.11,5.8,37.0,calibrated
alcudia,Mai,5,15,23,25,1.5,8.4,8.2,rec,open-meteo,19.5,6.6,12.8,7.3,0.59,4.6,35.0,calibrated
alcudia,Juin,6,20,28,14,0.7,9.5,9.2,rec,open-meteo,23.4,8.4,16.8,7.3,0.64,4.7,34.0,calibrated
alcudia,Juillet,7,22,31,6,0.2,9.8,6.3,mid,open-meteo,26.9,9.4,19.0,7.8,0.68,4.6,32.0,calibrated
alcudia,Août,8,23,31,11,0.6,8.8,6.1,mid,open-meteo,27.8,9.2,19.7,7.1,0.68,4.8,35.0,calibrated
alcudia,Septembre,9,20,27,32,2.1,6.9,8.2,rec,open-meteo,26.4,8.1,18.0,5.7,1.01,5.5,33.0,calibrated
alcudia,Octobre,10,17,24,25,2.0,6.6,8.1,rec,open-meteo,24.9,7.5,15.2,4.4,0.81,4.9,30.0,calibrated
alcudia,Novembre,11,13,19,30,2.3,5.6,7.4,rec,open-meteo,20.5,5.3,11.2,3.0,0.98,5.4,30.0,calibrated
alcudia,Décembre,12,10,16,25,1.5,5.4,4.5,mid,open-meteo,17.6,3.8,9.1,2.5,1.41,6.2,28.0,calibrated
fukuoka,Janvier,1,4,9,35,2.5,3.4,4.1,mid,open-meteo,12.4,2.9,1.2,3.1,1.47,7.5,30.0,observed
fukuoka,Février,2,3,10,38,3.1,4.4,4.1,mid,open-meteo,11.7,3.0,1.6,3.5,1.45,6.5,30.0,observed
fukuoka,Mars,3,6,14,37,4.1,5.2,4.2,mid,open-meteo,14.3,3.4,5.2,4.8,1.24,6.6,40.0,observed
fukuoka,Avril,4,10,19,36,5.1,6.3,7.4,rec,open-meteo,16.5,4.8,9.7,5.1,0.74,5.2,50.0,observed
fukuoka,Mai,5,15,23,37,5.4,6.6,7.8,rec,open-meteo,19.6,6.0,13.8,6.5,0.9,5.8,45.0,observed
fukuoka,Juin,6,19,26,52,8.0,4.8,7.6,rec,open-meteo,23.4,7.2,18.7,6.4,0.53,5.2,46.0,observed
fukuoka,Juillet,7,24,30,60,8.3,5.6,4.9,mid,open-meteo,27.3,8.6,23.0,7.5,0.53,4.5,25.0,observed
fukuoka,Août,8,25,32,50,7.5,6.5,4.8,mid,open-meteo,29.0,8.5,23.3,7.3,0.79,5.9,35.0,observed
fukuoka,Septembre,9,22,27,55,7.9,5.5,7.6,rec,open-meteo,27.9,7.8,20.4,6.9,0.85,5.6,36.0,observed
fukuoka,Octobre,10,16,22,36,3.5,5.7,7.6,rec,open-meteo,22.8,6.0,13.9,4.5,1.28,6.0,28.0,observed
fukuoka,Novembre,11,10,17,28,2.8,4.6,4.5,mid,open-meteo,18.9,4.3,8.7,3.4,1.34,6.6,32.0,observed
fukuoka,Décembre,12,5,11,33,2.4,3.6,4.1,mid,open-meteo,15.2,3.2,2.8,3.2,1.41,6.8,33.0,observed
kanazawa,Janvier,1,0,6,80,6.4,2.0,0.5,avoid,open-meteo,,,-0.6,2.3,,,29.0,observed
kanazawa,Février,2,0,7,68,5.4,3.1,0.6,avoid,open-meteo,,,-0.8,3.2,,,32.0,observed
kanazawa,Mars,3,3,11,51,4.7,4.7,1.1,avoid,open-meteo,,,2.0,4.5,,,39.0,observed
kanazawa,Avril,4,7,16,44,5.1,6.2,4.3,mid,open-meteo,,,6.7,5.9,,,42.0,observed
kanazawa,Mai,5,13,21,41,4.4,6.7,7.5,rec,open-meteo,,,11.7,5.9,,,35.0,observed
kanazawa,Juin,6,17,25,44,5.2,5.4,7.7,rec,open-meteo,,,16.7,7.0,,,37.0,observed
kanazawa,Juillet,7,22,29,51,8.3,5.4,7.7,rec,open-meteo,,,21.9,6.6,,,27.0,observed
kanazawa,Août,8,24,31,49,6.8,7.0,5.1,mid,open-meteo,,,22.5,7.0,,,24.0,observed
kanazawa,Septembre,9,20,26,56,8.2,5.1,7.5,rec,open-meteo,,,19.2,6.1,,,25.0,observed
kanazawa,Octobre,10,14,20,49,5.9,4.9,4.5,mid,open-meteo,,,12.3,4.0,,,25.0,observed
kanazawa,Novembre,11,8,15,52,5.7,3.6,4.1,mid,open-meteo,,,7.1,2.8,,,27.0,observed
kanazawa,Décembre,12,3,9,80,7.4,2.2,0.5,avoid,open-meteo,,,2.2,1.9,,,30.0,observed
hakone,Janvier,1,-6,3,27,2.7,6.2,4.1,mid,open-meteo,,,-6.7,3.1,,,23.0,calibrated
hakone,Février,2,-6,4,36,4.2,5.9,1.1,avoid,open-meteo,,,-5.6,3.0,,,28.0,calibrated
hakone,Mars,3,-2,7,48,8.3,5.8,1.0,avoid,open-meteo,,,-1.2,4.5,,,31.0,calibrated
hakone,Avril,4,3,12,50,8.9,6.1,4.1,mid,open-meteo,,,3.4,5.2,,,42.0,calibrated
hakone,Mai,5,8,16,49,9.2,6.1,4.3,mid,open-meteo,,,7.9,5.7,,,37.0,calibrated
hakone,Juin,6,12,19,61,13.1,4.9,4.3,mid,open-meteo,,,12.0,6.3,,,36.0,calibrated
hakone,Juillet,7,16,23,58,11.5,5.9,7.4,rec,open-meteo,,,16.6,6.8,,,42.0,calibrated
hakone,Août,8,18,24,58,8.1,6.2,7.4,rec,open-meteo,,,17.5,6.9,,,32.0,calibrated
hakone,Septembre,9,14,21,62,10.0,5.0,4.5,mid,open-meteo,,,14.3,5.7,,,25.0,calibrated
hakone,Octobre,10,8,15,56,9.7,4.8,4.1,mid,open-meteo,,,8.2,3.8,,,25.0,calibrated
hakone,Novembre,11,2,10,40,4.6,5.5,4.1,mid,open-meteo,,,3.1,3.0,,,27.0,calibrated
hakone,Décembre,12,-4,5,27,2.9,5.8,4.1,mid,open-meteo,,,-3.2,3.1,,,27.0,calibrated
nikko,Janvier,1,-4,3,36,2.1,5.3,1.0,avoid,open-meteo,,,-7.0,3.1,,,29.0,observed
nikko,Février,2,-5,4,36,2.2,5.9,1.1,avoid,open-meteo,,,-6.3,3.7,,,32.0,observed
nikko,Mars,3,-1,8,49,5.5,6.1,1.1,avoid,open-meteo,,,-1.3,5.1,,,39.0,observed
nikko,Avril,4,4,14,54,6.4,6.2,4.1,mid,open-meteo,,,4.2,5.3,,,39.0,observed
nikko,Mai,5,10,18,59,8.2,5.6,4.3,mid,open-meteo,,,9.6,5.7,,,37.0,observed
nikko,Juin,6,14,21,79,10.2,3.6,4.2,mid,open-meteo,,,14.3,6.5,,,40.0,observed
nikko,Juillet,7,19,25,84,12.9,3.5,4.4,mid,open-meteo,,,19.2,6.9,,,33.0,observed
nikko,Août,8,20,26,90,11.9,4.1,4.4,mid,open-meteo,,,20.2,6.6,,,29.0,observed
nikko,Septembre,9,16,22,82,11.4,3.5,4.3,mid,open-meteo,,,16.6,5.3,,,27.0,observed
nikko,Octobre,10,10,16,62,9.3,4.0,4.1,mid,open-meteo,,,9.8,3.4,,,25.0,observed
nikko,Novembre,11,4,11,39,3.2,5.1,4.1,mid,open-meteo,,,3.6,3.4,,,28.0,observed
nikko,Décembre,12,-2,6,36,2.2,4.9,1.0,avoid,open-meteo,,,-3.4,3.0,,,30.0,observed
nagoya,Janvier,1,0,9,18,1.5,5.6,4.3,mid,open-meteo,,,-1.1,3.2,,,26.0,observed
nagoya,Février,2,0,10,24,2.2,6.2,4.3,mid,open-meteo,,,-0.7,3.9,,,28.0,observed
nagoya,Mars,3,4,14,33,4.3,6.4,4.3,mid,open-meteo,,,3.2,4.7,,,38.0,observed
nagoya,Avril,4,9,19,37,5.2,6.7,7.4,rec,open-meteo,,,8.2,5.4,,,52.0,observed
nagoya,Mai,5,14,24,41,6.2,6.6,7.8,rec,open-meteo,,,12.8,5.9,,,40.0,observed
nagoya,Juin,6,18,27,50,8.1,5.1,7.7,rec,open-meteo,,,17.5,6.6,,,46.0,observed
nagoya,Juillet,7,23,31,52,9.4,5.4,4.9,mid,open-meteo,,,22.5,7.3,,,43.0,observed
nagoya,Août,8,25,32,52,6.6,6.5,4.8,mid,open-meteo,,,22.9,7.1,,,40.0,observed
nagoya,Septembre,9,21,28,52,7.3,5.3,7.7,rec,open-meteo,,,20.1,6.4,,,41.0,observed
nagoya,Octobre,10,14,22,39,6.5,5.4,7.6,rec,open-meteo,,,13.3,4.2,,,34.0,observed
nagoya,Novembre,11,7,17,24,2.9,5.6,7.3,rec,open-meteo,,,7.6,3.5,,,34.0,observed
nagoya,Décembre,12,2,11,24,1.9,5.5,4.3,mid,open-meteo,,,1.8,3.1,,,32.0,observed
hangzhou,Janvier,1,2,10,34,2.5,3.1,4.1,mid,open-meteo,,,1.1,3.9,,,90.0,observed
hangzhou,Février,2,3,11,39,2.9,3.5,4.1,mid,open-meteo,,,2.6,3.4,,,64.0,observed
hangzhou,Mars,3,8,17,42,3.4,3.9,4.3,mid,open-meteo,,,7.5,5.8,,,78.0,observed
hangzhou,Avril,4,13,23,42,4.2,4.8,7.5,rec,open-meteo,,,12.2,5.3,,,72.0,observed
hangzhou,Mai,5,18,26,44,5.4,5.1,7.7,rec,open-meteo,,,16.9,6.7,,,80.0,observed
hangzhou,Juin,6,22,29,62,11.8,4.0,7.4,rec,open-meteo,,,21.6,5.2,,,75.0,observed
hangzhou,Juillet,7,26,33,54,6.2,6.6,4.6,mid,open-meteo,,,24.6,7.5,,,62.0,observed
hangzhou,Août,8,26,34,49,5.6,6.1,4.5,mid,open-meteo,,,24.0,8.0,,,80.0,observed
hangzhou,Septembre,9,22,29,47,4.7,4.7,7.7,rec,open-meteo,,,20.6,6.1,,,64.0,observed
hangzhou,Octobre,10,15,22,29,1.9,4.6,7.7,rec,open-meteo,,,14.4,4.0,,,61.0,observed
hangzhou,Novembre,11,10,18,34,2.4,4.0,4.5,mid,open-meteo,,,9.3,4.0,,,73.0,observed
hangzhou,Décembre,12,3,12,23,1.6,3.6,4.2,mid,open-meteo,,,2.0,3.5,,,113.0,observed
suzhou,Janvier,1,1,9,29,2.1,3.5,4.1,mid,open-meteo,,,0.2,3.5,,,90.0,observed
suzhou,Février,2,2,10,30,2.1,3.9,4.1,mid,open-meteo,,,1.6,3.5,,,64.0,observed
suzhou,Mars,3,7,16,34,2.6,4.5,4.4,mid,open-meteo,,,6.3,5.5,,,77.0,observed
suzhou,Avril,4,12,22,35,3.2,5.4,7.6,rec,open-meteo,,,10.9,5.6,,,76.0,observed
suzhou,Mai,5,17,26,37,4.2,5.4,7.9,rec,open-meteo,,,15.6,7.0,,,73.0,observed
suzhou,Juin,6,21,29,52,7.7,4.0,7.6,rec,open-meteo,,,20.8,6.5,,,71.0,observed
suzhou,Juillet,7,26,32,54,6.9,6.2,4.8,mid,open-meteo,,,24.6,7.3,,,65.0,observed
suzhou,Août,8,26,32,46,4.6,6.1,4.9,mid,open-meteo,,,24.2,7.9,,,87.0,observed
suzhou,Septembre,9,22,28,44,5.6,5.2,7.9,rec,open-meteo,,,20.3,6.2,,,68.0,observed
suzhou,Octobre,10,15,22,28,2.1,4.8,7.7,rec,open-meteo,,,13.9,4.4,,,60.0,observed
suzhou,Novembre,11,10,18,28,2.1,4.3,7.3,rec,open-meteo,,,8.7,3.8,,,69.0,observed
suzhou,Décembre,12,3,11,20,1.3,4.1,4.2,mid,open-meteo,,,1.3,3.5,,,98.0,observed
kunming,Janvier,1,4,15,24,1.6,7.2,4.5,mid,open-meteo,,,3.2,5.1,,,35.0,observed
kunming,Février,2,5,18,23,1.0,7.9,7.6,rec,open-meteo,,,2.7,6.8,,,38.0,observed
kunming,Mars,3,8,22,21,1.0,8.2,8.2,rec,open-meteo,,,3.5,8.0,,,43.0,observed
kunming,Avril,4,12,25,32,2.0,8.4,8.2,rec,open-meteo,,,6.7,8.6,,,52.0,observed
kunming,Mai,5,14,26,45,4.5,7.0,7.9,rec,open-meteo,,,10.9,7.6,,,46.0,observed
kunming,Juin,6,16,24,82,9.1,4.9,4.4,mid,open-meteo,,,15.7,7.5,,,34.0,observed
kunming,Juillet,7,16,24,86,9.0,4.0,4.3,mid,open-meteo,,,16.1,7.7,,,34.0,observed
kunming,Août,8,16,24,83,8.2,4.6,4.4,mid,open-meteo,,,16.1,8.6,,,47.0,observed
kunming,Septembre,9,15,23,74,6.3,4.2,4.4,mid,open-meteo,,,14.7,7.6,,,41.0,observed
kunming,Octobre,10,12,20,62,4.2,4.6,4.4,mid,open-meteo,,,12.0,5.9,,,38.0,observed
kunming,Novembre,11,7,18,30,1.5,6.4,7.3,rec,open-meteo,,,7.7,5.1,,,50.0,observed
kunming,Décembre,12,5,16,19,0.9,6.3,7.3,rec,open-meteo,,,4.8,4.9,,,54.0,observed
qingdao,Janvier,1,-2,5,7,0.4,5.2,4.2,mid,open-meteo,5.5,4.3,-5.3,2.7,0.47,5.7,65.0,observed
qingdao,Février,2,-2,6,11,0.6,5.8,4.2,mid,open-meteo,4.5,4.3,-3.8,3.7,0.59,6.2,65.0,observed
qingdao,Mars,3,4,11,11,0.9,6.7,4.4,mid,open-meteo,7.1,4.3,1.2,5.2,0.58,5.8,67.0,observed
qingdao,Avril,4,9,16,17,1.2,7.3,7.4,rec,open-meteo,10.7,4.4,6.1,6.3,0.48,5.6,64.0,observed
qingdao,Mai,5,14,20,20,1.7,7.6,7.8,rec,open-meteo,15.5,5.3,12.1,6.9,0.51,5.6,61.0,observed
qingdao,Juin,6,19,24,26,3.1,6.2,8.0,rec,open-meteo,20.9,6.8,18.3,7.4,0.5,4.8,55.0,observed
qingdao,Juillet,7,24,28,39,5.8,5.4,5.3,mid,open-meteo,25.2,8.1,23.1,6.0,0.74,5.2,62.0,observed
qingdao,Août,8,25,29,45,5.8,6.3,5.2,mid,open-meteo,27.8,8.6,23.1,6.9,0.54,5.4,64.0,observed
qingdao,Septembre,9,20,26,23,3.3,6.7,8.3,rec,open-meteo,26.1,8.3,18.0,6.0,0.55,6.4,46.0,observed
qingdao,Octobre,10,13,20,18,1.4,6.5,7.8,rec,open-meteo,22.5,6.4,10.3,4.4,0.5,6.3,53.0,observed
qingdao,Novembre,11,7,14,12,0.8,5.4,4.5,mid,open-meteo,16.5,4.6,4.2,3.2,0.44,5.5,55.0,observed
qingdao,Décembre,12,-1,6,8,0.4,5.1,4.2,mid,open-meteo,9.3,4.3,-3.7,2.7,0.38,7.4,64.0,observed
harbin,Janvier,1,-20,-12,5,0.2,4.2,4.2,mid,open-meteo,,,-21.4,2.1,,,61.0,observed
harbin,Février,2,-17,-7,7,0.2,6.1,4.2,mid,open-meteo,,,-17.6,3.2,,,62.0,observed
harbin,Mars,3,-5,5,12,0.4,6.9,4.2,mid,open-meteo,,,-11.5,4.4,,,53.0,observed
harbin,Avril,4,2,14,19,1.0,7.2,4.5,mid,open-meteo,,,-5.0,5.5,,,58.0,observed
harbin,Mai,5,9,21,31,2.6,7.6,7.8,rec,open-meteo,,,3.9,5.6,,,41.0,observed
harbin,Juin,6,15,25,49,4.1,8.0,7.8,rec,open-meteo,,,13.4,5.7,,,48.0,observed
harbin,Juillet,7,20,29,48,4.9,7.2,7.9,rec,open-meteo,,,19.1,5.9,,,60.0,observed
harbin,Août,8,18,26,46,4.7,7.1,7.9,rec,open-meteo,,,17.5,5.7,,,39.0,observed
harbin,Septembre,9,12,21,35,2.7,7.5,7.7,rec,open-meteo,,,10.6,4.7,,,29.0,observed
harbin,Octobre,10,2,12,17,0.8,6.2,4.4,mid,open-meteo,,,-0.8,3.4,,,39.0,observed
harbin,Novembre,11,-7,0,16,0.8,5.0,4.1,mid,open-meteo,,,-11.2,2.1,,,57.0,observed
harbin,Décembre,12,-18,-10,6,0.2,3.9,4.2,mid,open-meteo,,,-19.5,1.7,,,69.0,observed
chongqing,Janvier,1,6,11,32,1.2,0.5,4.1,mid,open-meteo,,,4.8,3.0,,,92.0,observed
chongqing,Février,2,7,14,30,1.2,1.2,4.1,mid,open-meteo,,,5.8,3.6,,,77.0,observed
chongqing,Mars,3,11,19,46,3.0,2.3,4.4,mid,open-meteo,,,10.7,5.0,,,79.0,observed
chongqing,Avril,4,15,23,56,5.3,3.5,4.6,mid,open-meteo,,,15.0,5.4,,,71.0,observed
chongqing,Mai,5,19,26,55,5.8,3.5,7.4,rec,open-meteo,,,18.2,5.8,,,74.0,observed
chongqing,Juin,6,22,29,54,6.0,3.3,7.5,rec,open-meteo,,,21.7,5.4,,,79.0,observed
chongqing,Juillet,7,25,32,48,7.4,5.5,4.8,mid,open-meteo,,,23.9,7.4,,,66.0,observed
chongqing,Août,8,26,34,39,3.8,5.7,4.6,mid,open-meteo,,,22.9,7.8,,,70.0,observed
chongqing,Septembre,9,22,28,51,5.2,3.4,7.6,rec,open-meteo,,,20.2,7.1,,,61.0,observed
chongqing,Octobre,10,16,21,55,3.9,1.5,4.4,mid,open-meteo,,,15.6,3.4,,,71.0,observed
chongqing,Novembre,11,12,18,39,2.1,1.2,4.3,mid,open-meteo,,,11.1,2.5,,,93.0,observed
chongqing,Décembre,12,7,12,24,0.9,0.6,4.1,mid,open-meteo,,,5.8,2.3,,,131.0,observed
amritsar,Janvier,1,6,17,19,1.8,5.9,7.4,rec,open-meteo,,,7.8,4.1,,,152.0,observed
amritsar,Février,2,9,21,18,1.8,6.8,7.9,rec,open-meteo,,,9.7,4.9,,,89.0,observed
amritsar,Mars,3,14,26,18,1.4,7.1,8.5,rec,open-meteo,,,12.5,6.3,,,71.0,observed
amritsar,Avril,4,19,34,16,0.8,8.8,5.2,mid,open-meteo,,,12.4,7.5,,,64.0,observed
amritsar,Mai,5,23,38,17,0.7,9.5,2.7,avoid,open-meteo,,,13.1,8.3,,,71.0,observed
amritsar,Juin,6,26,39,24,1.6,9.0,2.1,avoid,open-meteo,,,18.9,8.3,,,76.0,observed
amritsar,Juillet,7,26,34,58,6.1,7.0,4.5,mid,open-meteo,,,25.1,8.2,,,81.0,observed
amritsar,Août,8,26,33,57,6.0,7.3,4.6,mid,open-meteo,,,25.5,7.5,,,63.0,observed
amritsar,Septembre,9,24,33,29,2.5,8.0,5.1,mid,open-meteo,,,23.0,7.0,,,73.0,observed
amritsar,Octobre,10,18,31,8,0.8,8.2,6.1,mid,open-meteo,,,16.4,5.9,,,88.0,observed
amritsar,Novembre,11,12,25,10,0.8,7.3,8.6,rec,open-meteo,,,12.2,4.6,,,134.0,observed
amritsar,Décembre,12,7,20,6,0.5,5.9,7.9,rec,open-meteo,,,8.2,3.7,,,129.0,observed
jodhpur,Janvier,1,10,24,2,0.2,9.8,9.1,rec,open-meteo,,,5.2,4.8,,,67.0,observed
jodhpur,Février,2,14,28,1,0.1,10.3,9.7,rec,open-meteo,,,4.0,5.9,,,58.0,observed
jodhpur,Mars,3,19,33,3,0.1,9.3,8.5,rec,open-meteo,,,5.5,7.2,,,62.0,observed
jodhpur,Avril,4,25,39,2,0.1,9.3,2.9,avoid,open-meteo,,,6.1,7.8,,,74.0,observed
jodhpur,Mai,5,28,41,5,0.5,9.2,2.3,avoid,open-meteo,,,12.1,8.3,,,83.0,observed
jodhpur,Juin,6,29,39,19,2.0,4.4,1.6,avoid,open-meteo,,,19.7,8.0,,,91.0,observed
jodhpur,Juillet,7,27,35,44,4.4,3.1,1.9,avoid,open-meteo,,,23.3,7.9,,,67.0,observed
jodhpur,Août,8,26,32,48,5.9,3.9,4.7,mid,open-meteo,,,23.3,6.5,,,39.0,observed
jodhpur,Septembre,9,25,34,21,2.1,6.0,4.9,mid,open-meteo,,,21.4,7.0,,,53.0,observed
jodhpur,Octobre,10,22,34,4,0.3,7.5,5.3,mid,open-meteo,,,13.4,6.3,,,54.0,observed
jodhpur,Novembre,11,16,30,3,0.2,9.0,9.2,rec,open-meteo,,,9.0,5.2,,,59.0,observed
jodhpur,Décembre,12,12,26,1,0.1,9.5,9.3,rec,open-meteo,,,5.2,4.6,,,69.0,observed
jaisalmer,Janvier,1,9,22,2,0.2,7.4,8.6,rec,open-meteo,,,5.3,4.7,,,66.0,calibrated
jaisalmer,Février,2,13,27,1,0.1,8.2,9.3,rec,open-meteo,,,3.3,5.8,,,134.0,calibrated
jaisalmer,Mars,3,19,32,3,0.1,8.3,8.6,rec,open-meteo,,,6.2,7.1,,,164.0,calibrated
jaisalmer,Avril,4,25,38,1,0.0,8.8,3.2,avoid,open-meteo,,,6.8,7.7,,,224.0,calibrated
jaisalmer,Mai,5,28,41,6,0.2,8.7,2.2,avoid,open-meteo,,,12.5,8.5,,,253.0,calibrated
jaisalmer,Juin,6,28,40,11,0.8,8.5,2.2,avoid,open-meteo,,,19.7,8.5,,,393.0,calibrated
jaisalmer,Juillet,7,28,38,24,2.4,7.6,2.1,avoid,open-meteo,,,23.1,8.5,,,462.0,calibrated
jaisalmer,Août,8,26,36,22,2.7,7.6,4.6,mid,open-meteo,,,22.6,6.9,,,241.0,calibrated
jaisalmer,Septembre,9,26,36,10,1.2,8.1,4.8,mid,open-meteo,,,19.7,7.4,,,214.0,calibrated
jaisalmer,Octobre,10,23,35,4,0.2,7.7,5.1,mid,open-meteo,,,11.1,6.2,,,100.0,calibrated
jaisalmer,Novembre,11,17,29,1,0.1,7.6,9.2,rec,open-meteo,,,7.6,5.1,,,49.0,calibrated
jaisalmer,Décembre,12,11,24,1,0.1,7.4,8.8,rec,open-meteo,,,5.0,4.5,,,61.0,calibrated
rishikesh,Janvier,1,6,18,16,1.2,0.2,4.5,mid,open-meteo,,,7.9,3.6,,,70.0,observed
rishikesh,Février,2,8,22,13,1.2,0.2,7.6,rec,open-meteo,,,9.3,4.4,,,53.0,observed
rishikesh,Mars,3,13,28,15,1.2,0.3,8.0,rec,open-meteo,,,11.0,5.8,,,45.0,observed
rishikesh,Avril,4,17,34,10,0.4,0.3,4.7,mid,open-meteo,,,11.1,6.7,,,49.0,observed
rishikesh,Mai,5,21,35,22,1.6,0.3,4.4,mid,open-meteo,,,14.7,7.3,,,62.0,observed
rishikesh,Juin,6,24,35,37,3.2,0.2,4.2,mid,open-meteo,,,20.0,7.6,,,64.0,observed
rishikesh,Juillet,7,24,31,83,10.7,0.2,1.7,avoid,open-meteo,,,24.5,6.6,,,54.0,observed
rishikesh,Août,8,24,31,85,10.4,0.2,1.7,avoid,open-meteo,,,24.4,6.8,,,43.0,observed
rishikesh,Septembre,9,22,30,53,6.9,0.2,4.6,mid,open-meteo,,,22.8,5.6,,,43.0,observed
rishikesh,Octobre,10,17,29,7,0.9,0.3,8.1,rec,open-meteo,,,16.9,5.3,,,61.0,observed
rishikesh,Novembre,11,12,24,3,0.1,0.3,7.9,rec,open-meteo,,,12.4,4.1,,,78.0,observed
rishikesh,Décembre,12,7,20,4,0.3,0.2,7.5,rec,open-meteo,,,8.5,3.3,,,64.0,observed
darjeeling,Janvier,1,2,11,30,1.2,5.4,4.2,mid,open-meteo,,,2.1,4.7,,,67.0,observed
darjeeling,Février,2,4,12,47,2.2,4.9,4.1,mid,open-meteo,,,4.2,5.5,,,73.0,observed
darjeeling,Mars,3,6,16,57,3.1,4.7,4.2,mid,open-meteo,,,6.8,6.7,,,67.0,observed
darjeeling,Avril,4,9,18,66,4.4,4.9,4.2,mid,open-meteo,,,9.8,8.0,,,65.0,observed
darjeeling,Mai,5,12,19,88,9.0,4.9,4.1,mid,open-meteo,,,12.9,8.3,,,60.0,observed
darjeeling,Juin,6,15,21,96,16.8,2.4,1.2,avoid,open-meteo,,,15.8,8.0,,,47.0,observed
darjeeling,Juillet,7,16,21,97,24.2,2.5,1.2,avoid,open-meteo,,,16.6,5.5,,,29.0,observed
darjeeling,Août,8,16,21,95,17.4,3.3,1.3,avoid,open-meteo,,,16.4,6.8,,,32.0,observed
darjeeling,Septembre,9,15,20,87,16.0,3.2,1.3,avoid,open-meteo,,,15.5,6.4,,,34.0,observed
darjeeling,Octobre,10,12,19,52,5.9,5.4,4.4,mid,open-meteo,,,11.6,6.2,,,43.0,observed
darjeeling,Novembre,11,8,16,27,1.0,6.3,7.2,rec,open-meteo,,,7.0,5.2,,,62.0,observed
darjeeling,Décembre,12,4,13,27,1.0,6.1,4.3,mid,open-meteo,,,3.7,4.6,,,83.0,observed
mysore,Janvier,1,17,29,6,0.3,8.5,9.1,rec,open-meteo,,,13.5,7.2,,,55.0,calibrated
mysore,Février,2,18,32,3,0.2,8.9,8.7,rec,open-meteo,,,11.8,8.6,,,45.0,calibrated
mysore,Mars,3,20,34,11,0.6,8.9,5.3,mid,open-meteo,,,13.9,9.3,,,57.0,calibrated
mysore,Avril,4,22,35,22,1.2,8.6,4.9,mid,open-meteo,,,17.8,9.4,,,52.0,calibrated
mysore,Mai,5,22,32,62,5.3,6.5,4.7,mid,open-meteo,,,20.6,8.5,,,47.0,calibrated
mysore,Juin,6,21,29,72,4.5,5.4,7.4,rec,open-meteo,,,20.2,7.6,,,21.0,calibrated
mysore,Juillet,7,21,27,79,5.8,4.6,4.6,mid,open-meteo,,,19.8,6.1,,,16.0,calibrated
mysore,Août,8,20,28,69,5.4,5.3,7.4,rec,open-meteo,,,19.6,7.9,,,21.0,calibrated
mysore,Septembre,9,20,28,68,4.6,5.7,7.5,rec,open-meteo,,,19.6,8.3,,,20.0,calibrated
mysore,Octobre,10,20,28,61,5.9,6.0,7.6,rec,open-meteo,,,18.9,7.1,,,40.0,calibrated
mysore,Novembre,11,19,28,41,2.8,6.9,8.1,rec,open-meteo,,,17.6,7.2,,,54.0,calibrated
mysore,Décembre,12,18,28,16,1.3,7.8,8.9,rec,open-meteo,,,16.2,6.6,,,54.0,calibrated
shimla,Janvier,1,-1,11,29,2.8,6.4,4.3,mid,open-meteo,,,-2.3,3.9,,,59.0,calibrated
shimla,Février,2,1,13,29,3.0,6.5,4.3,mid,open-meteo,,,-0.5,4.7,,,47.0,calibrated
shimla,Mars,3,4,16,40,2.8,7.0,4.4,mid,open-meteo,,,2.3,6.0,,,38.0,calibrated
shimla,Avril,4,9,21,36,2.2,7.5,7.7,rec,open-meteo,,,4.1,7.0,,,44.0,calibrated
shimla,Mai,5,12,24,43,2.3,7.5,7.8,rec,open-meteo,,,6.6,7.9,,,52.0,calibrated
shimla,Juin,6,15,24,56,4.0,7.0,7.5,rec,open-meteo,,,12.1,7.9,,,58.0,calibrated
shimla,Juillet,7,16,23,93,9.5,3.9,4.2,mid,open-meteo,,,17.1,7.3,,,55.0,calibrated
shimla,Août,8,16,22,90,9.2,4.0,4.2,mid,open-meteo,,,16.9,6.7,,,36.0,calibrated
shimla,Septembre,9,14,22,67,5.0,5.8,4.5,mid,open-meteo,,,14.5,6.1,,,38.0,calibrated
shimla,Octobre,10,8,19,17,1.0,7.5,7.7,rec,open-meteo,,,7.5,5.7,,,44.0,calibrated
shimla,Novembre,11,4,16,13,0.7,7.0,7.4,rec,open-meteo,,,3.0,4.4,,,70.0,calibrated
shimla,Décembre,12,1,13,11,0.8,6.8,4.5,mid,open-meteo,,,-1.5,3.5,,,56.0,calibrated
vientiane,Janvier,1,18,28,7,0.5,7.1,9.0,rec,open-meteo,,,15.4,6.1,,,32.0,observed
vientiane,Février,2,19,30,7,0.6,7.6,6.1,mid,open-meteo,,,16.2,7.4,,,44.0,observed
vientiane,Mars,3,23,32,22,1.4,6.7,5.4,mid,open-meteo,,,19.7,8.1,,,59.0,observed
vientiane,Avril,4,25,34,28,2.1,7.1,4.9,mid,open-meteo,,,21.0,8.9,,,70.0,observed
vientiane,Mai,5,25,32,72,7.2,6.1,4.5,mid,open-meteo,,,23.7,8.2,,,42.0,observed
vientiane,Juin,6,25,31,87,9.9,4.7,4.4,mid,open-meteo,,,24.5,7.4,,,25.0,observed
vientiane,Juillet,7,25,31,84,12.0,3.7,4.4,mid,open-meteo,,,24.4,6.9,,,22.0,observed
vientiane,Août,8,24,30,85,13.9,4.0,4.4,mid,open-meteo,,,24.3,6.3,,,26.0,observed
vientiane,Septembre,9,24,30,89,12.5,5.3,4.4,mid,open-meteo,,,24.1,6.5,,,24.0,observed
vientiane,Octobre,10,23,30,47,4.7,6.8,5.2,mid,open-meteo,,,22.2,7.3,,,37.0,observed
vientiane,Novembre,11,21,30,12,1.1,7.5,6.0,mid,open-meteo,,,19.3,6.5,,,42.0,observed
vientiane,Décembre,12,18,28,4,0.2,7.3,9.1,rec,open-meteo,,,15.3,5.9,,,45.0,observed
hua-hin,Janvier,1,23,30,13,1.0,6.9,5.9,mid,open-meteo,26.7,9.2,19.4,7.3,0.44,5.2,63.0,observed
hua-hin,Février,2,23,31,19,1.4,8.0,5.8,mid,open-meteo,27.6,9.0,20.3,8.4,0.59,4.6,37.0,observed
hua-hin,Mars,3,25,33,20,1.2,8.0,5.3,mid,open-meteo,28.9,8.7,22.1,9.0,0.63,4.7,35.0,observed
hua-hin,Avril,4,26,34,35,2.1,7.8,4.8,mid,open-meteo,31.0,8.3,23.0,9.3,0.6,4.0,33.0,observed
hua-hin,Mai,5,26,33,68,4.8,6.3,4.4,mid,open-meteo,31.8,7.7,23.8,7.9,0.44,4.4,27.0,observed
hua-hin,Juin,6,26,33,62,3.4,4.7,4.4,mid,open-meteo,30.8,8.0,23.3,6.6,0.41,4.4,15.0,observed
hua-hin,Juillet,7,26,32,62,4.4,4.3,4.5,mid,open-meteo,30.7,8.0,23.2,5.0,0.47,5.9,14.0,observed
hua-hin,Août,8,25,32,69,3.7,4.3,4.4,mid,open-meteo,30.4,8.1,23.1,7.6,0.31,5.7,12.0,observed
hua-hin,Septembre,9,25,31,76,6.3,4.8,4.5,mid,open-meteo,30.7,8.0,23.5,7.4,0.36,5.2,18.0,observed
hua-hin,Octobre,10,24,30,78,7.8,5.2,4.6,mid,open-meteo,30.7,8.2,23.6,7.2,0.22,4.2,42.0,observed
hua-hin,Novembre,11,24,30,43,3.9,6.4,5.2,mid,open-meteo,29.6,8.8,22.1,7.0,0.64,4.7,47.0,observed
hua-hin,Décembre,12,24,29,13,0.9,6.5,8.7,rec,open-meteo,28.3,9.0,19.5,7.0,0.7,4.2,53.0,observed
koh-chang,Janvier,1,22,28,29,1.5,7.7,8.5,rec,open-meteo,27.7,8.7,18.7,7.2,0.24,4.1,35.0,calibrated
koh-chang,Février,2,22,28,34,1.6,7.5,8.3,rec,open-meteo,28.5,8.7,19.6,8.1,0.32,3.6,35.0,calibrated
koh-chang,Mars,3,23,28,54,2.7,6.9,7.8,rec,open-meteo,29.4,8.4,21.6,8.6,0.37,3.8,34.0,calibrated
koh-chang,Avril,4,24,29,59,4.0,7.0,5.0,mid,open-meteo,31.0,8.4,22.5,9.0,0.33,3.1,27.0,calibrated
koh-chang,Mai,5,24,28,88,10.0,5.0,4.5,mid,open-meteo,31.5,7.5,23.1,7.7,0.37,3.4,25.0,calibrated
koh-chang,Juin,6,23,27,93,14.8,4.6,4.4,mid,open-meteo,30.2,7.3,22.7,6.8,0.82,4.3,21.0,calibrated
koh-chang,Juillet,7,22,26,96,19.8,3.8,4.3,mid,open-meteo,30.0,7.0,22.4,5.2,0.8,4.2,22.0,calibrated
koh-chang,Août,8,22,26,98,15.9,4.2,4.3,mid,open-meteo,29.6,7.2,22.4,8.2,0.48,3.8,20.0,calibrated
koh-chang,Septembre,9,22,26,96,18.8,3.7,4.3,mid,open-meteo,29.6,6.9,22.3,7.4,0.83,4.4,22.0,calibrated
koh-chang,Octobre,10,22,27,81,10.3,5.0,4.6,mid,open-meteo,30.1,7.7,22.0,7.5,0.27,3.8,27.0,calibrated
koh-chang,Novembre,11,22,28,45,3.3,6.9,8.0,rec,open-meteo,30.1,8.5,20.6,7.3,0.33,3.8,30.0,calibrated
koh-chang,Décembre,12,22,28,16,0.8,8.1,8.9,rec,open-meteo,29.3,9.0,18.3,6.8,0.49,3.4,33.0,calibrated
yerevan,Janvier,1,-4,4,20,0.9,3.4,4.1,mid,open-meteo,,,-2.4,2.7,,,21.0,observed
yerevan,Février,2,-2,7,19,1.0,4.8,4.2,mid,open-meteo,,,-0.5,4.2,,,24.0,observed
yerevan,Mars,3,2,12,35,2.1,6.0,4.2,mid,open-meteo,,,2.3,5.0,,,29.0,observed
yerevan,Avril,4,7,19,38,2.1,6.9,7.4,rec,open-meteo,,,6.4,6.8,,,29.0,observed
yerevan,Mai,5,12,23,40,2.9,8.6,7.9,rec,open-meteo,,,11.2,7.5,,,30.0,observed
yerevan,Juin,6,17,30,16,0.7,10.9,9.1,rec,open-meteo,,,14.9,8.2,,,30.0,observed
yerevan,Juillet,7,21,34,11,0.5,11.4,5.6,mid,open-meteo,,,16.1,8.3,,,31.0,observed
yerevan,Août,8,21,34,4,0.2,10.8,5.7,mid,open-meteo,,,14.8,7.8,,,31.0,observed
yerevan,Septembre,9,16,28,11,0.5,9.7,9.3,rec,open-meteo,,,13.0,6.5,,,30.0,observed
yerevan,Octobre,10,10,20,19,1.3,7.0,7.8,rec,open-meteo,,,9.3,4.7,,,24.0,observed
yerevan,Novembre,11,4,12,16,1.0,5.3,4.4,mid,open-meteo,,,4.2,3.4,,,24.0,observed
yerevan,Décembre,12,-1,7,22,1.2,2.9,4.1,mid,open-meteo,,,0.2,2.7,,,32.0,observed
baku,Janvier,1,3,8,21,0.9,2.6,4.1,mid,open-meteo,,,1.8,2.4,0.77,4.2,26.0,observed
baku,Février,2,3,8,20,0.8,2.6,4.1,mid,open-meteo,,,2.1,3.3,0.52,3.6,31.0,observed
baku,Mars,3,5,11,20,1.1,3.8,4.2,mid,open-meteo,,,4.7,4.4,0.51,3.4,35.0,observed
baku,Avril,4,9,17,15,0.8,6.5,7.5,rec,open-meteo,,,8.0,6.6,0.36,2.9,52.0,observed
baku,Mai,5,14,23,18,0.9,9.1,8.4,rec,open-meteo,,,12.5,7.0,0.45,3.3,50.0,observed
baku,Juin,6,20,29,8,0.3,10.0,9.3,rec,open-meteo,,,16.3,8.1,0.38,2.9,51.0,observed
baku,Juillet,7,23,31,5,0.4,10.1,6.4,mid,open-meteo,,,18.4,7.5,0.36,2.8,43.0,observed
baku,Août,8,23,32,6,0.3,9.1,6.0,mid,open-meteo,,,18.2,7.2,0.41,3.1,54.0,observed
baku,Septembre,9,19,26,16,0.8,7.2,8.6,rec,open-meteo,,,15.8,6.1,0.42,3.4,73.0,observed
baku,Octobre,10,14,20,23,1.2,4.7,7.5,rec,open-meteo,,,12.1,3.7,0.43,3.3,41.0,observed
baku,Novembre,11,9,14,30,1.4,3.1,4.2,mid,open-meteo,,,7.6,2.6,0.51,3.5,29.0,observed
baku,Décembre,12,5,10,25,1.2,3.0,4.1,mid,open-meteo,,,4.2,1.8,0.55,3.9,28.0,observed
amman,Janvier,1,4,12,23,1.2,5.8,4.3,mid,open-meteo,,,2.8,3.7,,,35.0,observed
amman,Février,2,5,14,23,1.4,6.4,4.4,mid,open-meteo,,,2.8,4.7,,,34.0,observed
amman,Mars,3,7,17,18,1.0,7.3,7.5,rec,open-meteo,,,3.4,6.2,,,40.0,observed
amman,Avril,4,12,24,8,0.3,8.9,8.8,rec,open-meteo,,,3.0,7.3,,,48.0,observed
amman,Mai,5,15,28,5,0.2,10.6,9.6,rec,open-meteo,,,4.9,8.1,,,49.0,observed
amman,Juin,6,19,31,0,0.0,12.3,9.7,rec,open-meteo,,,8.5,8.4,,,45.0,observed
amman,Juillet,7,21,33,0,0.0,12.5,9.0,rec,open-meteo,,,10.9,8.4,,,38.0,observed
amman,Août,8,20,33,0,0.0,11.8,8.9,rec,open-meteo,,,12.4,8.1,,,38.0,observed
amman,Septembre,9,18,31,0,0.0,10.4,9.4,rec,open-meteo,,,11.3,7.2,,,34.0,observed
amman,Octobre,10,16,26,3,0.2,8.9,9.2,rec,open-meteo,,,9.0,5.9,,,40.0,observed
amman,Novembre,11,11,20,10,0.5,7.5,8.0,rec,open-meteo,,,6.1,4.5,,,41.0,observed
amman,Décembre,12,7,14,15,0.9,5.8,4.5,mid,open-meteo,,,3.8,3.7,,,42.0,observed
fujairah,Janvier,1,16,25,7,0.7,7.6,8.8,rec,open-meteo,24.0,7.9,11.9,5.2,0.37,8.9,65.0,calibrated
fujairah,Février,2,17,26,11,0.6,7.9,8.8,rec,open-meteo,23.2,7.8,12.7,5.8,0.61,8.0,69.0,calibrated
fujairah,Mars,3,20,29,8,0.8,8.2,9.0,rec,open-meteo,24.6,8.8,13.3,7.0,0.5,8.2,78.0,calibrated
fujairah,Avril,4,25,35,4,0.6,8.9,5.2,mid,open-meteo,25.8,8.6,12.4,7.8,0.41,8.7,76.0,calibrated
fujairah,Mai,5,29,39,2,0.1,9.3,2.9,avoid,open-meteo,29.2,8.3,14.0,8.3,0.31,9.2,76.0,calibrated
fujairah,Juin,6,31,39,2,0.1,9.5,3.0,avoid,open-meteo,32.4,7.8,19.9,8.6,0.49,7.1,82.0,calibrated
fujairah,Juillet,7,31,37,3,0.3,9.0,4.8,mid,open-meteo,32.7,7.8,24.5,8.5,0.65,6.8,107.0,calibrated
fujairah,Août,8,30,37,3,0.1,8.8,4.8,mid,open-meteo,32.9,7.7,23.8,8.1,0.68,5.6,86.0,calibrated
fujairah,Septembre,9,28,36,1,0.0,8.8,5.0,mid,open-meteo,32.1,8.2,21.4,7.8,0.53,6.8,82.0,calibrated
fujairah,Octobre,10,26,34,5,0.1,8.0,5.4,mid,open-meteo,31.5,8.5,18.6,6.6,0.42,9.5,61.0,calibrated
fujairah,Novembre,11,21,30,6,0.3,7.5,6.1,mid,open-meteo,28.5,9.3,16.7,5.5,0.29,9.5,65.0,calibrated
fujairah,Décembre,12,18,26,7,0.5,7.4,8.8,rec,open-meteo,26.2,8.5,13.7,4.8,0.43,7.8,59.0,calibrated
libreville,Janvier,1,23,30,95,10.6,4.8,4.3,mid,open-meteo,29.3,8.0,23.1,7.6,0.32,9.5,20.0,observed
libreville,Février,2,23,30,93,11.4,5.5,4.4,mid,open-meteo,29.6,8.0,23.5,8.3,0.28,9.4,27.0,observed
libreville,Mars,3,23,30,92,11.4,5.1,4.4,mid,open-meteo,29.9,7.9,23.7,8.0,0.33,9.4,17.0,observed
libreville,Avril,4,23,30,93,11.2,5.4,4.4,mid,open-meteo,29.9,7.9,23.7,7.8,0.28,9.9,16.0,observed
libreville,Mai,5,23,30,91,10.8,5.0,4.4,mid,open-meteo,29.7,8.0,23.4,6.9,0.36,9.1,23.0,observed
libreville,Juin,6,22,28,58,3.3,3.6,7.5,rec,open-meteo,28.0,8.0,21.5,6.7,0.47,6.0,24.0,observed
libreville,Juillet,7,21,27,32,0.9,3.0,7.8,rec,open-meteo,26.0,7.9,20.4,6.0,0.57,8.0,24.0,observed
libreville,Août,8,21,28,42,2.1,3.2,7.7,rec,open-meteo,26.4,8.0,20.5,6.9,0.6,6.4,23.0,observed
libreville,Septembre,9,22,28,84,6.1,3.4,4.5,mid,open-meteo,27.3,7.5,21.6,6.8,0.54,5.4,16.0,observed
libreville,Octobre,10,22,29,99,15.0,3.4,4.3,mid,open-meteo,28.3,7.5,22.7,7.1,0.45,5.4,13.0,observed
libreville,Novembre,11,22,29,99,19.1,3.8,4.3,mid,open-meteo,28.5,7.5,23.0,7.0,0.33,7.5,15.0,observed
libreville,Décembre,12,22,29,98,14.5,4.6,4.3,mid,open-meteo,28.9,7.6,23.1,7.6,0.27,8.7,22.0,observed
banjul,Janvier,1,21,31,0,0.0,6.7,8.8,rec,open-meteo,23.7,8.7,9.2,6.6,0.22,8.3,66.0,observed
banjul,Février,2,21,32,0,0.0,8.4,8.7,rec,open-meteo,23.1,8.4,9.5,7.7,0.25,7.8,77.0,observed
banjul,Mars,3,21,30,0,0.0,8.6,9.2,rec,open-meteo,25.2,9.2,13.1,8.5,0.34,6.6,63.0,observed
banjul,Avril,4,22,29,0,0.0,8.4,9.3,rec,open-meteo,26.4,9.3,15.7,8.9,0.33,6.4,72.0,observed
banjul,Mai,5,22,28,1,0.1,7.4,9.3,rec,open-meteo,27.9,9.2,18.8,8.7,0.3,6.0,76.0,observed
banjul,Juin,6,25,29,11,0.7,6.7,8.7,rec,open-meteo,29.4,9.3,21.9,8.2,0.27,5.8,75.0,observed
banjul,Juillet,7,26,29,56,5.1,5.9,5.0,mid,open-meteo,30.3,8.4,23.2,7.8,0.21,5.4,40.0,observed
banjul,Août,8,25,29,77,8.4,6.1,4.7,mid,open-meteo,30.1,8.1,23.8,7.0,0.24,5.8,26.0,observed
banjul,Septembre,9,25,29,69,7.6,6.1,4.8,mid,open-meteo,30.9,8.1,24.3,7.3,0.17,6.2,27.0,observed
banjul,Octobre,10,27,31,23,1.6,7.0,5.6,mid,open-meteo,31.4,8.7,24.2,7.0,0.15,7.6,46.0,observed
banjul,Novembre,11,25,32,2,0.1,8.2,6.0,mid,open-meteo,28.7,9.2,18.8,6.8,0.14,7.6,52.0,observed
banjul,Décembre,12,22,31,1,0.0,6.8,8.8,rec,open-meteo,25.3,9.0,12.3,5.8,0.17,7.3,89.0,observed
abuja,Janvier,1,22,34,0,0.0,9.0,5.6,mid,open-meteo,,,4.2,6.9,,,126.0,observed
abuja,Février,2,23,36,3,0.1,9.2,5.0,mid,open-meteo,,,5.4,7.4,,,153.0,observed
abuja,Mars,3,24,35,7,0.5,9.2,5.2,mid,open-meteo,,,15.9,8.5,,,77.0,observed
abuja,Avril,4,24,34,17,0.9,8.6,5.2,mid,open-meteo,,,19.2,8.6,,,56.0,observed
abuja,Mai,5,23,32,40,2.6,7.5,5.1,mid,open-meteo,,,21.6,8.1,,,53.0,observed
abuja,Juin,6,22,29,61,4.4,6.1,7.6,rec,open-meteo,,,21.5,7.3,,,49.0,observed
abuja,Juillet,7,21,27,84,5.8,5.7,4.6,mid,open-meteo,,,21.2,6.4,,,40.0,observed
abuja,Août,8,21,27,85,7.3,5.0,4.5,mid,open-meteo,,,20.9,6.5,,,36.0,observed
abuja,Septembre,9,21,28,80,6.2,6.3,7.4,rec,open-meteo,,,21.3,6.8,,,42.0,observed
abuja,Octobre,10,22,30,47,2.9,7.8,5.3,mid,open-meteo,,,20.9,7.0,,,57.0,observed
abuja,Novembre,11,22,33,2,0.2,9.2,8.5,rec,open-meteo,,,14.8,6.9,,,82.0,observed
abuja,Décembre,12,22,34,0,0.0,9.0,5.6,mid,open-meteo,,,6.7,6.4,,,134.0,observed
kumasi,Janvier,1,23,34,10,0.6,5.8,5.1,mid,open-meteo,,,16.9,7.9,,,76.0,observed
kumasi,Février,2,24,35,23,1.3,6.3,4.7,mid,open-meteo,,,19.7,8.6,,,93.0,observed
kumasi,Mars,3,24,33,64,4.6,6.1,4.5,mid,open-meteo,,,22.6,8.9,,,43.0,observed
kumasi,Avril,4,24,32,69,4.6,6.4,4.6,mid,open-meteo,,,22.9,8.4,,,30.0,observed
kumasi,Mai,5,23,31,69,4.9,6.2,4.7,mid,open-meteo,,,22.8,8.2,,,25.0,observed
kumasi,Juin,6,22,29,83,6.9,4.5,4.5,mid,open-meteo,,,22.0,7.4,,,21.0,observed
kumasi,Juillet,7,22,28,79,4.5,3.2,4.5,mid,open-meteo,,,21.3,7.3,,,21.0,observed
kumasi,Août,8,22,28,73,4.6,2.4,4.6,mid,open-meteo,,,21.0,6.8,,,18.0,observed
kumasi,Septembre,9,22,29,88,6.8,3.1,4.4,mid,open-meteo,,,21.8,7.8,,,19.0,observed
kumasi,Octobre,10,22,30,82,5.8,5.1,4.5,mid,open-meteo,,,22.4,7.3,,,22.0,observed
kumasi,Novembre,11,23,31,45,2.4,6.5,5.1,mid,open-meteo,,,22.1,7.9,,,54.0,observed
kumasi,Décembre,12,22,32,20,1.1,5.8,5.3,mid,open-meteo,,,19.1,7.5,,,84.0,observed
moshi,Janvier,1,19,31,25,1.2,8.6,8.4,rec,open-meteo,,,14.8,8.1,,,27.0,calibrated
moshi,Février,2,19,32,19,1.1,8.8,8.3,rec,open-meteo,,,14.9,8.7,,,27.0,calibrated
moshi,Mars,3,20,31,42,5.0,7.7,5.3,mid,open-meteo,,,16.3,8.6,,,21.0,calibrated
moshi,Avril,4,20,27,87,9.2,5.3,4.5,mid,open-meteo,,,18.4,7.5,,,16.0,calibrated
moshi,Mai,5,19,25,56,4.0,6.0,7.5,rec,open-meteo,,,17.0,7.2,,,21.0,calibrated
moshi,Juin,6,17,24,21,0.8,7.8,8.3,rec,open-meteo,,,14.7,7.3,,,24.0,calibrated
moshi,Juillet,7,17,24,14,0.6,7.9,8.5,rec,open-meteo,,,13.5,7.3,,,36.0,calibrated
moshi,Août,8,17,26,14,0.6,8.4,8.8,rec,open-meteo,,,13.6,8.2,,,27.0,calibrated
moshi,Septembre,9,18,28,11,0.6,8.7,9.1,rec,open-meteo,,,13.9,8.8,,,25.0,calibrated
moshi,Octobre,10,18,30,25,1.5,8.5,8.5,rec,open-meteo,,,15.2,9.0,,,23.0,calibrated
moshi,Novembre,11,19,29,44,2.4,7.8,8.0,rec,open-meteo,,,16.6,8.7,,,22.0,calibrated
moshi,Décembre,12,19,29,34,1.6,8.2,8.3,rec,open-meteo,,,15.8,7.7,,,28.0,calibrated
entebbe,Janvier,1,19,26,49,2.5,7.5,7.8,rec,open-meteo,,,17.8,8.5,,,62.0,observed
entebbe,Février,2,20,26,49,2.6,7.2,7.8,rec,open-meteo,,,18.9,8.9,,,43.0,observed
entebbe,Mars,3,20,26,69,4.7,6.6,7.4,rec,open-meteo,,,19.2,9.5,,,27.0,observed
entebbe,Avril,4,20,24,85,7.9,6.0,4.4,mid,open-meteo,,,19.2,8.5,,,21.0,observed
entebbe,Mai,5,20,24,77,5.5,6.2,4.5,mid,open-meteo,,,18.9,8.2,,,25.0,observed
entebbe,Juin,6,19,24,53,2.6,6.2,7.5,rec,open-meteo,,,17.9,8.1,,,37.0,observed
entebbe,Juillet,7,18,24,38,1.9,6.4,7.8,rec,open-meteo,,,17.0,8.0,,,50.0,observed
entebbe,Août,8,18,25,54,2.6,6.3,7.6,rec,open-meteo,,,17.7,8.5,,,45.0,observed
entebbe,Septembre,9,19,25,64,3.4,6.5,7.4,rec,open-meteo,,,18.4,9.0,,,39.0,observed
entebbe,Octobre,10,19,25,65,3.7,6.6,7.4,rec,open-meteo,,,18.6,9.0,,,35.0,observed
entebbe,Novembre,11,19,25,70,5.6,6.7,7.4,rec,open-meteo,,,18.7,8.3,,,31.0,observed
entebbe,Décembre,12,19,25,59,3.8,6.9,7.5,rec,open-meteo,,,18.6,8.4,,,41.0,observed
harare,Janvier,1,16,24,71,7.0,6.0,4.6,mid,open-meteo,,,15.4,9.0,,,17.0,observed
harare,Février,2,16,25,59,4.7,6.2,7.5,rec,open-meteo,,,15.4,9.8,,,19.0,observed
harare,Mars,3,15,25,38,2.5,6.9,7.9,rec,open-meteo,,,14.1,9.1,,,18.0,observed
harare,Avril,4,13,24,21,1.4,8.2,8.4,rec,open-meteo,,,11.6,7.7,,,20.0,observed
harare,Mai,5,11,23,5,0.2,8.7,8.7,rec,open-meteo,,,7.3,6.9,,,21.0,observed
harare,Juin,6,9,21,1,0.1,8.8,8.6,rec,open-meteo,,,5.0,6.1,,,28.0,observed
harare,Juillet,7,9,21,2,0.0,9.0,8.6,rec,open-meteo,,,3.4,6.6,,,48.0,observed
harare,Août,8,10,24,0,0.0,9.7,9.1,rec,open-meteo,,,3.7,7.4,,,37.0,observed
harare,Septembre,9,14,28,2,0.1,9.8,9.6,rec,open-meteo,,,5.0,8.8,,,38.0,observed
harare,Octobre,10,16,29,10,0.6,9.2,9.1,rec,open-meteo,,,7.8,9.3,,,36.0,observed
harare,Novembre,11,16,28,46,3.5,6.7,8.0,rec,open-meteo,,,12.0,9.3,,,28.0,observed
harare,Décembre,12,17,26,56,4.7,5.8,7.6,rec,open-meteo,,,14.2,9.4,,,30.0,observed
lilongwe,Janvier,1,18,26,79,7.5,4.5,4.5,mid,open-meteo,,,18.3,8.0,,,16.0,observed
lilongwe,Février,2,18,26,75,6.5,5.6,7.3,rec,open-meteo,,,18.7,8.8,,,15.0,observed
lilongwe,Mars,3,18,26,62,4.2,6.4,7.5,rec,open-meteo,,,18.0,8.0,,,14.0,observed
lilongwe,Avril,4,16,26,28,1.3,7.2,8.3,rec,open-meteo,,,15.8,7.4,,,15.0,observed
lilongwe,Mai,5,13,25,7,0.3,8.4,8.9,rec,open-meteo,,,11.8,7.0,,,18.0,observed
lilongwe,Juin,6,11,24,3,0.1,7.8,8.8,rec,open-meteo,,,9.4,6.4,,,21.0,observed
lilongwe,Juillet,7,11,24,1,0.1,9.5,9.1,rec,open-meteo,,,7.9,6.9,,,31.0,observed
lilongwe,Août,8,12,26,1,0.0,9.2,9.3,rec,open-meteo,,,8.1,7.7,,,30.0,observed
lilongwe,Septembre,9,15,29,1,0.0,9.3,9.4,rec,open-meteo,,,9.2,8.6,,,32.0,observed
lilongwe,Octobre,10,18,31,5,0.3,9.9,9.1,rec,open-meteo,,,11.5,9.1,,,28.0,observed
lilongwe,Novembre,11,19,31,26,1.4,7.9,8.3,rec,open-meteo,,,14.4,8.9,,,25.0,observed
lilongwe,Décembre,12,19,28,59,4.3,5.3,7.6,rec,open-meteo,,,17.4,9.3,,,23.0,observed
cuenca-equateur,Janvier,1,10,19,83,5.4,5.0,4.2,mid,open-meteo,,,10.5,8.5,,,20.0,observed
cuenca-equateur,Février,2,10,19,89,6.8,4.0,4.1,mid,open-meteo,,,10.9,8.4,,,17.0,observed
cuenca-equateur,Mars,3,10,19,89,6.2,4.0,4.1,mid,open-meteo,,,11.0,9.4,,,20.0,observed
cuenca-equateur,Avril,4,10,19,92,7.4,4.0,1.2,avoid,open-meteo,,,10.7,8.7,,,17.0,observed
cuenca-equateur,Mai,5,10,19,93,6.6,5.0,4.1,mid,open-meteo,,,10.5,7.6,,,12.0,observed
cuenca-equateur,Juin,6,10,18,85,5.5,5.0,4.1,mid,open-meteo,,,9.6,6.2,,,15.0,observed
cuenca-equateur,Juillet,7,9,18,73,4.1,6.0,4.2,mid,open-meteo,,,9.0,5.9,,,16.0,observed
cuenca-equateur,Août,8,8,19,66,3.0,6.0,4.3,mid,open-meteo,,,8.4,7.7,,,21.0,observed
cuenca-equateur,Septembre,9,9,19,68,3.3,5.0,4.3,mid,open-meteo,,,8.3,8.1,,,29.0,observed
cuenca-equateur,Octobre,10,9,20,78,4.9,5.0,4.2,mid,open-meteo,,,9.7,9.0,,,21.0,observed
cuenca-equateur,Novembre,11,10,20,69,3.8,5.0,4.3,mid,open-meteo,,,9.6,9.3,,,29.0,observed
cuenca-equateur,Décembre,12,10,20,82,5.3,5.0,4.2,mid,open-meteo,,,10.5,8.1,,,21.0,observed
cordoba-argentine,Janvier,1,20,30,44,4.4,8.0,5.3,mid,open-meteo,,,16.7,9.0,,,24.0,observed
cordoba-argentine,Février,2,19,29,37,3.9,7.8,8.2,rec,open-meteo,,,16.8,7.9,,,21.0,observed
cordoba-argentine,Mars,3,17,26,37,3.2,7.3,8.1,rec,open-meteo,,,15.2,6.7,,,19.0,observed
cordoba-argentine,Avril,4,13,23,28,2.1,6.5,7.9,rec,open-meteo,,,12.8,4.8,,,16.0,observed
cordoba-argentine,Mai,5,9,18,17,0.9,5.6,7.5,rec,open-meteo,,,8.6,4.1,,,15.0,observed
cordoba-argentine,Juin,6,6,17,8,0.5,5.5,7.5,rec,open-meteo,,,5.1,3.6,,,17.0,observed
cordoba-argentine,Juillet,7,5,16,8,0.4,6.1,7.4,rec,open-meteo,,,3.9,3.9,,,17.0,observed
cordoba-argentine,Août,8,7,19,5,0.4,7.1,7.9,rec,open-meteo,,,3.6,4.9,,,21.0,observed
cordoba-argentine,Septembre,9,10,23,13,0.6,7.2,8.3,rec,open-meteo,,,5.3,6.9,,,28.0,observed
cordoba-argentine,Octobre,10,13,25,25,1.9,7.5,8.3,rec,open-meteo,,,8.3,7.5,,,24.0,observed
cordoba-argentine,Novembre,11,16,28,33,2.2,8.0,8.4,rec,open-meteo,,,11.8,7.9,,,29.0,observed
cordoba-argentine,Décembre,12,18,30,31,2.1,7.6,8.2,rec,open-meteo,,,14.1,9.3,,,29.0,observed
chapada-diamantina,Janvier,1,19,28,56,4.3,6.8,7.8,rec,open-meteo,,,17.5,8.3,,,20.0,calibrated
chapada-diamantina,Février,2,20,28,56,3.2,6.8,7.8,rec,open-meteo,,,18.2,8.2,,,16.0,calibrated
chapada-diamantina,Mars,3,19,28,54,3.2,6.9,7.8,rec,open-meteo,,,18.0,8.6,,,17.0,calibrated
chapada-diamantina,Avril,4,19,27,63,3.5,6.1,7.5,rec,open-meteo,,,18.2,7.6,,,14.0,calibrated
chapada-diamantina,Mai,5,18,26,51,2.0,6.2,7.7,rec,open-meteo,,,17.1,6.6,,,17.0,calibrated
chapada-diamantina,Juin,6,17,24,56,2.0,5.8,7.4,rec,open-meteo,,,15.9,5.7,,,18.0,calibrated
chapada-diamantina,Juillet,7,16,23,55,2.0,5.9,7.4,rec,open-meteo,,,14.9,6.0,,,21.0,calibrated
chapada-diamantina,Août,8,16,25,50,1.8,6.4,7.6,rec,open-meteo,,,14.8,6.7,,,23.0,calibrated
chapada-diamantina,Septembre,9,17,27,49,1.6,6.6,7.8,rec,open-meteo,,,15.1,8.3,,,25.0,calibrated
chapada-diamantina,Octobre,10,18,28,49,2.8,6.9,7.9,rec,open-meteo,,,16.2,8.7,,,24.0,calibrated
chapada-diamantina,Novembre,11,19,28,58,5.0,6.4,7.7,rec,open-meteo,,,17.3,8.1,,,23.0,calibrated
chapada-diamantina,Décembre,12,19,29,50,3.8,7.1,7.8,rec,open-meteo,,,17.3,8.9,,,25.0,calibrated
porto-alegre,Janvier,1,21,30,41,3.2,7.7,5.4,mid,open-meteo,,,20.0,8.2,,,23.0,observed
porto-alegre,Février,2,21,30,37,3.0,7.3,5.4,mid,open-meteo,,,19.6,7.9,,,24.0,observed
porto-alegre,Mars,3,20,28,37,3.9,6.7,8.2,rec,open-meteo,,,18.9,7.1,,,28.0,observed
porto-alegre,Avril,4,18,25,31,3.3,5.6,7.9,rec,open-meteo,,,16.8,4.4,,,21.0,observed
porto-alegre,Mai,5,13,21,38,5.6,4.6,7.4,rec,open-meteo,,,13.7,3.0,,,19.0,observed
porto-alegre,Juin,6,11,19,33,4.8,4.0,4.6,mid,open-meteo,,,11.7,3.5,,,23.0,observed
porto-alegre,Juillet,7,10,19,30,4.0,4.3,7.3,rec,open-meteo,,,11.3,3.3,,,26.0,observed
porto-alegre,Août,8,11,21,32,3.3,4.8,7.5,rec,open-meteo,,,12.2,4.6,,,35.0,observed
porto-alegre,Septembre,9,14,22,39,5.8,5.0,7.5,rec,open-meteo,,,14.1,6.2,,,43.0,observed
porto-alegre,Octobre,10,15,24,41,4.5,5.7,7.7,rec,open-meteo,,,15.3,7.0,,,26.0,observed
porto-alegre,Novembre,11,17,26,38,4.0,7.5,8.1,rec,open-meteo,,,16.4,7.6,,,28.0,observed
porto-alegre,Décembre,12,19,29,34,3.1,7.7,8.3,rec,open-meteo,,,18.2,8.5,,,25.0,observed
punta-del-este,Janvier,1,19,26,25,3.4,8.5,8.5,rec,open-meteo,22.5,7.3,17.2,8.7,1.18,7.5,18.0,observed
punta-del-este,Février,2,20,26,33,3.2,7.5,8.2,rec,open-meteo,23.8,7.2,17.4,7.9,1.34,7.3,19.0,observed
punta-del-este,Mars,3,18,24,34,3.0,7.8,8.0,rec,open-meteo,24.1,6.9,16.1,6.4,1.28,8.0,19.0,observed
punta-del-este,Avril,4,16,21,35,3.9,6.0,7.6,rec,open-meteo,20.7,5.2,14.1,4.1,1.56,8.2,18.0,observed
punta-del-este,Mai,5,12,17,32,2.8,4.7,4.5,mid,open-meteo,18.2,3.6,11.0,3.1,1.72,9.1,18.0,observed
punta-del-este,Juin,6,9,14,30,3.0,3.5,4.2,mid,open-meteo,15.1,3.3,9.0,2.7,1.39,8.8,20.0,observed
punta-del-este,Juillet,7,8,14,35,3.5,3.8,4.2,mid,open-meteo,13.1,3.3,8.0,3.3,1.25,9.0,20.0,observed
punta-del-este,Août,8,9,15,25,3.0,5.1,4.4,mid,open-meteo,12.4,2.9,8.7,3.6,1.86,8.8,23.0,observed
punta-del-este,Septembre,9,11,16,27,2.2,5.6,4.5,mid,open-meteo,12.8,3.5,9.8,5.4,1.25,7.7,25.0,observed
punta-del-este,Octobre,10,12,18,31,2.8,7.6,7.4,rec,open-meteo,15.2,4.2,11.2,7.1,1.3,7.7,24.0,observed
punta-del-este,Novembre,11,15,21,27,2.4,7.2,7.8,rec,open-meteo,18.0,5.3,13.5,8.2,1.38,7.2,23.0,observed
punta-del-este,Décembre,12,17,24,30,2.5,9.3,8.3,rec,open-meteo,20.2,6.1,15.2,8.4,1.56,7.9,21.0,observed
rosario,Janvier,1,21,31,28,3.5,9.6,5.8,mid,open-meteo,,,18.1,8.6,,,23.0,observed
rosario,Février,2,20,30,28,3.6,8.5,5.7,mid,open-meteo,,,17.9,7.6,,,22.0,observed
rosario,Mars,3,18,27,31,4.2,7.6,8.3,rec,open-meteo,,,16.7,6.6,,,21.0,observed
rosario,Avril,4,15,23,31,4.6,6.1,7.8,rec,open-meteo,,,14.2,3.9,,,15.0,observed
rosario,Mai,5,11,19,20,2.8,5.6,7.5,rec,open-meteo,,,10.7,3.5,,,14.0,observed
rosario,Juin,6,7,16,14,0.7,4.9,7.3,rec,open-meteo,,,8.3,3.1,,,15.0,observed
rosario,Juillet,7,7,16,18,1.2,5.6,7.3,rec,open-meteo,,,7.2,3.4,,,17.0,observed
rosario,Août,8,8,18,14,1.9,6.3,7.6,rec,open-meteo,,,7.7,3.6,,,19.0,observed
rosario,Septembre,9,10,21,18,1.8,6.5,7.9,rec,open-meteo,,,8.9,5.9,,,27.0,observed
rosario,Octobre,10,13,24,26,2.8,7.2,8.1,rec,open-meteo,,,11.1,6.9,,,23.0,observed
rosario,Novembre,11,16,27,23,2.7,8.9,8.7,rec,open-meteo,,,13.8,8.2,,,26.0,observed
rosario,Décembre,12,19,30,27,2.7,9.3,8.5,rec,open-meteo,,,15.7,8.7,,,25.0,observed
belem,Janvier,1,24,30,96,10.0,4.3,4.3,mid,open-meteo,,,23.5,7.9,,,17.0,observed
belem,Février,2,24,29,97,12.4,3.7,4.3,mid,open-meteo,,,23.5,8.0,,,22.0,observed
belem,Mars,3,24,29,99,14.7,3.8,4.3,mid,open-meteo,,,23.6,8.3,,,17.0,observed
belem,Avril,4,24,30,99,14.1,4.6,4.3,mid,open-meteo,,,23.8,8.0,,,17.0,observed
belem,Mai,5,24,30,90,10.1,6.0,4.5,mid,open-meteo,,,23.9,8.0,,,18.0,observed
belem,Juin,6,24,30,75,4.7,7.7,4.8,mid,open-meteo,,,23.5,7.7,,,19.0,observed
belem,Juillet,7,24,31,56,3.1,8.1,5.1,mid,open-meteo,,,23.0,8.0,,,22.0,observed
belem,Août,8,24,32,43,1.8,8.5,5.1,mid,open-meteo,,,22.8,8.6,,,25.0,observed
belem,Septembre,9,24,32,45,1.7,8.2,5.1,mid,open-meteo,,,22.8,9.0,,,24.0,observed
belem,Octobre,10,24,32,52,2.3,7.8,4.9,mid,open-meteo,,,22.9,8.8,,,22.0,observed
belem,Novembre,11,24,32,57,3.2,6.8,4.8,mid,open-meteo,,,23.0,8.4,,,24.0,observed
belem,Décembre,12,24,31,80,6.2,5.4,4.5,mid,open-meteo,,,23.5,7.6,,,21.0,observed
aarhus,Janvier,1,1,4,41,2.0,1.4,0.7,avoid,open-meteo,5.8,2.9,0.3,0.7,0.94,4.0,25.0,observed
aarhus,Février,2,1,6,37,2.0,2.5,0.8,avoid,open-meteo,4.3,3.3,0.2,1.1,0.75,3.7,23.0,observed
aarhus,Mars,3,1,7,35,1.6,3.8,1.0,avoid,open-meteo,4.1,3.7,0.9,2.5,0.69,3.6,28.0,observed
aarhus,Avril,4,4,10,34,1.9,6.1,4.2,mid,open-meteo,7.5,4.1,2.5,3.9,0.64,3.4,30.0,observed
aarhus,Mai,5,8,16,35,1.8,8.2,7.2,rec,open-meteo,11.0,4.3,7.1,5.2,0.57,3.3,32.0,observed
aarhus,Juin,6,12,19,40,2.5,8.4,7.4,rec,open-meteo,17.5,5.5,11.0,5.2,0.52,3.1,28.0,observed
aarhus,Juillet,7,13,20,46,2.8,8.5,7.5,rec,open-meteo,16.3,5.3,12.2,5.1,0.56,3.2,26.0,observed
aarhus,Août,8,13,20,44,2.5,7.4,7.4,rec,open-meteo,16.8,5.3,12.9,4.7,0.5,3.0,28.0,observed
aarhus,Septembre,9,12,17,35,2.1,5.0,4.5,mid,open-meteo,17.7,4.7,11.0,3.5,0.52,3.1,27.0,observed
aarhus,Octobre,10,8,13,46,2.7,3.2,4.1,mid,open-meteo,13.0,3.3,7.7,1.9,0.71,3.5,24.0,observed
aarhus,Novembre,11,5,8,40,1.8,2.0,0.9,avoid,open-meteo,8.1,3.1,4.2,0.9,0.61,3.2,25.0,observed
aarhus,Décembre,12,2,6,45,1.9,1.2,0.7,avoid,open-meteo,4.6,2.8,2.3,0.5,0.79,3.7,24.0,observed
alberobello,Janvier,1,4,11,35,2.4,5.1,4.2,mid,open-meteo,,,3.7,2.5,,,24.0,calibrated
alberobello,Février,2,6,13,29,1.9,6.1,4.3,mid,open-meteo,,,4.5,3.6,,,31.0,calibrated
alberobello,Mars,3,7,14,39,2.8,6.3,4.3,mid,open-meteo,,,5.2,5.0,,,34.0,calibrated
alberobello,Avril,4,10,18,35,2.2,7.3,7.3,rec,open-meteo,,,7.1,6.3,,,35.0,calibrated
alberobello,Mai,5,13,22,36,2.3,8.0,7.8,rec,open-meteo,,,10.7,7.3,,,37.0,calibrated
alberobello,Juin,6,19,28,27,1.5,8.8,8.7,rec,open-meteo,,,13.6,8.0,,,35.0,calibrated
alberobello,Juillet,7,21,31,12,0.7,9.5,8.9,rec,open-meteo,,,14.3,8.0,,,37.0,calibrated
alberobello,Août,8,21,30,24,1.1,8.3,8.5,rec,open-meteo,,,15.8,7.4,,,38.0,calibrated
alberobello,Septembre,9,18,26,30,1.9,7.1,8.2,rec,open-meteo,,,14.3,6.0,,,30.0,calibrated
alberobello,Octobre,10,14,20,30,1.8,6.3,7.5,rec,open-meteo,,,12.6,4.3,,,29.0,calibrated
alberobello,Novembre,11,10,16,36,3.1,5.2,4.4,mid,open-meteo,,,9.6,2.9,,,26.0,calibrated
alberobello,Décembre,12,6,12,31,2.1,5.2,4.2,mid,open-meteo,,,5.9,2.2,,,24.0,calibrated
alentejo,Janvier,1,6,14,26,2.1,5.8,4.4,mid,open-meteo,,,5.9,2.7,,,22.0,calibrated
alentejo,Février,2,7,16,24,2.0,6.4,7.3,rec,open-meteo,,,6.2,3.9,,,29.0,calibrated
alentejo,Mars,3,8,17,33,3.0,6.4,4.6,mid,open-meteo,,,6.8,5.0,,,31.0,calibrated
alentejo,Avril,4,10,20,35,2.2,7.3,7.5,rec,open-meteo,,,8.6,6.6,,,29.0,calibrated
alentejo,Mai,5,12,24,19,1.3,8.7,8.5,rec,open-meteo,,,9.9,7.4,,,29.0,calibrated
alentejo,Juin,6,15,28,13,0.6,9.6,9.2,rec,open-meteo,,,11.9,7.7,,,28.0,calibrated
alentejo,Juillet,7,17,33,3,0.1,9.9,8.5,rec,open-meteo,,,12.5,8.1,,,28.0,calibrated
alentejo,Août,8,17,33,2,0.1,9.3,8.5,rec,open-meteo,,,12.5,7.6,,,28.0,calibrated
alentejo,Septembre,9,16,28,13,0.8,7.8,8.9,rec,open-meteo,,,12.1,6.2,,,28.0,calibrated
alentejo,Octobre,10,14,24,25,2.5,6.5,8.1,rec,open-meteo,,,11.5,4.4,,,23.0,calibrated
alentejo,Novembre,11,10,18,34,2.6,5.5,7.3,rec,open-meteo,,,9.5,3.2,,,25.0,calibrated
alentejo,Décembre,12,7,15,27,2.3,5.3,4.4,mid,open-meteo,,,8.0,2.7,,,24.0,calibrated
asheville,Janvier,1,-3,8,31,3.0,5.7,4.1,mid,open-meteo,,,-2.9,2.9,,,22.0,observed
asheville,Février,2,0,12,44,3.7,6.4,4.2,mid,open-meteo,,,-0.1,4.1,,,27.0,observed
asheville,Mars,3,3,16,36,2.9,7.2,4.5,mid,open-meteo,,,2.3,5.1,,,33.0,observed
asheville,Avril,4,6,19,32,3.1,8.4,7.6,rec,open-meteo,,,6.0,6.3,,,33.0,observed
asheville,Mai,5,12,23,44,3.2,8.5,7.8,rec,open-meteo,,,11.9,7.1,,,32.0,observed
asheville,Juin,6,15,27,42,2.5,8.9,8.2,rec,open-meteo,,,15.5,7.9,,,37.0,observed
asheville,Juillet,7,18,29,53,2.6,8.3,7.9,rec,open-meteo,,,18.0,7.5,,,35.0,observed
asheville,Août,8,17,28,47,3.0,7.3,8.0,rec,open-meteo,,,17.5,7.3,,,35.0,observed
asheville,Septembre,9,14,26,31,3.4,6.9,8.2,rec,open-meteo,,,14.6,5.6,,,30.0,observed
asheville,Octobre,10,8,21,23,2.5,7.1,7.9,rec,open-meteo,,,9.0,5.2,,,29.0,observed
asheville,Novembre,11,2,14,23,1.8,6.0,4.4,mid,open-meteo,,,2.8,3.5,,,24.0,observed
asheville,Décembre,12,-1,10,29,2.8,5.4,4.2,mid,open-meteo,,,0.6,2.9,,,24.0,observed
gibraltar,Janvier,1,9,15,30,2.6,4.7,4.3,mid,open-meteo,16.6,4.2,8.1,3.1,0.78,8.1,25.0,observed
gibraltar,Février,2,10,16,28,1.8,5.1,4.5,mid,open-meteo,15.7,4.2,8.7,4.0,0.81,8.3,29.0,observed
gibraltar,Mars,3,11,17,41,4.4,6.6,4.5,mid,open-meteo,16.0,4.1,9.4,5.1,1.03,7.8,34.0,observed
gibraltar,Avril,4,13,19,29,2.0,7.8,7.6,rec,open-meteo,16.7,5.1,10.9,6.8,0.73,6.2,36.0,observed
gibraltar,Mai,5,15,22,13,0.9,9.3,8.5,rec,open-meteo,18.3,6.4,12.6,7.5,0.59,5.3,32.0,observed
gibraltar,Juin,6,18,26,8,0.3,10.6,9.3,rec,open-meteo,19.8,7.5,14.5,7.7,0.59,5.0,29.0,observed
gibraltar,Juillet,7,20,28,2,0.1,10.5,9.7,rec,open-meteo,21.1,8.1,16.8,7.9,0.51,5.1,34.0,observed
gibraltar,Août,8,22,28,4,0.2,10.0,9.6,rec,open-meteo,21.0,8.1,18.0,7.3,0.51,5.0,40.0,observed
gibraltar,Septembre,9,20,26,17,1.0,8.0,8.6,rec,open-meteo,21.8,7.5,16.8,6.5,0.62,5.5,30.0,observed
gibraltar,Octobre,10,17,23,28,2.4,6.4,7.9,rec,open-meteo,19.9,6.2,15.1,4.6,0.7,7.5,23.0,observed
gibraltar,Novembre,11,13,19,29,3.3,4.5,7.3,rec,open-meteo,18.1,5.1,11.5,3.4,0.77,7.1,32.0,observed
gibraltar,Décembre,12,11,16,31,2.9,4.3,4.4,mid,open-meteo,17.8,4.3,10.1,3.0,0.9,6.6,28.0,observed
outer-banks,Janvier,1,7,12,34,3.7,5.4,4.2,mid,open-meteo,11.0,3.3,5.0,3.2,1.21,8.5,27.0,calibrated
outer-banks,Février,2,8,13,38,3.9,5.8,4.2,mid,open-meteo,11.1,3.3,5.9,4.2,1.27,9.1,32.0,calibrated
outer-banks,Mars,3,10,15,31,3.2,6.8,4.4,mid,open-meteo,11.8,3.4,7.5,5.2,1.39,9.5,37.0,calibrated
outer-banks,Avril,4,14,18,28,3.1,7.7,7.5,rec,open-meteo,16.2,4.6,11.4,6.8,1.13,9.1,44.0,calibrated
outer-banks,Mai,5,19,21,36,3.7,7.9,7.7,rec,open-meteo,19.1,5.8,16.5,7.3,0.85,7.7,37.0,calibrated
outer-banks,Juin,6,24,25,31,3.5,8.6,8.3,rec,open-meteo,23.1,7.5,20.6,8.1,0.78,6.8,41.0,calibrated
outer-banks,Juillet,7,26,28,45,4.3,7.6,5.4,mid,open-meteo,28.2,8.4,23.3,7.4,0.92,7.2,39.0,calibrated
outer-banks,Août,8,25,27,44,4.9,7.1,5.3,mid,open-meteo,27.9,8.1,22.8,6.8,0.91,7.4,40.0,calibrated
outer-banks,Septembre,9,24,25,38,4.2,7.1,7.9,rec,open-meteo,25.5,7.3,20.5,5.7,1.27,7.8,35.0,calibrated
outer-banks,Octobre,10,19,22,24,2.9,6.9,8.0,rec,open-meteo,20.2,5.9,15.9,5.1,1.18,8.9,36.0,calibrated
outer-banks,Novembre,11,14,18,25,3.0,6.3,7.4,rec,open-meteo,15.9,4.4,10.9,3.7,1.04,9.5,30.0,calibrated
outer-banks,Décembre,12,10,14,28,3.5,5.7,4.3,mid,open-meteo,11.9,3.5,7.9,3.0,1.14,8.1,31.0,calibrated
santa-barbara,Janvier,1,8,18,21,4.1,6.5,7.5,rec,open-meteo,14.2,3.8,5.3,3.6,1.5,10.5,25.0,calibrated
santa-barbara,Février,2,8,18,20,3.7,6.9,7.5,rec,open-meteo,13.2,3.6,4.3,4.5,1.7,10.9,30.0,calibrated
santa-barbara,Mars,3,9,19,28,3.6,7.4,7.5,rec,open-meteo,12.8,4.1,6.3,6.0,1.42,10.5,32.0,calibrated
santa-barbara,Avril,4,11,22,10,0.9,8.6,8.5,rec,open-meteo,13.7,5.2,7.6,7.2,1.18,8.5,35.0,calibrated
santa-barbara,Mai,5,13,22,8,0.4,9.6,8.7,rec,open-meteo,15.7,5.9,10.3,7.5,0.97,7.6,31.0,calibrated
santa-barbara,Juin,6,16,25,2,0.1,10.1,9.3,rec,open-meteo,17.0,6.6,12.8,7.7,1.05,7.2,30.0,calibrated
santa-barbara,Juillet,7,18,28,0,0.0,10.1,9.7,rec,open-meteo,18.2,7.5,14.9,7.7,0.88,7.0,41.0,calibrated
santa-barbara,Août,8,19,29,2,0.1,9.4,9.4,rec,open-meteo,20.3,8.0,14.4,7.5,0.8,5.9,29.0,calibrated
santa-barbara,Septembre,9,17,28,6,0.2,8.5,9.3,rec,open-meteo,19.8,7.5,12.5,6.6,0.88,6.8,31.0,calibrated
santa-barbara,Octobre,10,15,26,5,0.5,7.7,8.9,rec,open-meteo,18.2,6.7,7.6,5.3,0.99,8.9,30.0,calibrated
santa-barbara,Novembre,11,11,22,11,1.5,6.8,8.3,rec,open-meteo,17.0,5.4,4.1,3.9,1.18,10.0,28.0,calibrated
santa-barbara,Décembre,12,9,19,19,3.6,6.5,7.6,rec,open-meteo,15.9,4.1,4.1,3.5,1.64,11.6,26.0,calibrated
andorre,Janvier,1,-2,8,24,1.8,3.9,4.1,mid,open-meteo,,,-4.8,2.5,,,25.0,observed
andorre,Février,2,0,10,26,1.8,5.5,4.2,mid,open-meteo,,,-3.3,3.4,,,27.0,observed
andorre,Mars,3,0,10,40,3.2,6.0,4.1,mid,open-meteo,,,-0.8,4.9,,,31.0,observed
andorre,Avril,4,3,14,41,3.6,5.7,4.2,mid,open-meteo,,,1.5,6.2,,,33.0,observed
andorre,Mai,5,6,17,44,3.5,6.1,4.4,mid,open-meteo,,,5.3,7.0,,,28.0,observed
andorre,Juin,6,11,23,42,3.0,7.4,7.7,rec,open-meteo,,,9.6,7.3,,,28.0,observed
andorre,Juillet,7,14,26,29,1.9,8.2,8.3,rec,open-meteo,,,11.3,7.9,,,27.0,observed
andorre,Août,8,14,26,27,2.1,7.4,8.3,rec,open-meteo,,,11.0,7.1,,,28.0,observed
andorre,Septembre,9,10,21,28,1.8,6.4,7.7,rec,open-meteo,,,8.6,5.1,,,26.0,observed
andorre,Octobre,10,7,17,29,2.9,5.1,4.5,mid,open-meteo,,,5.8,3.9,,,23.0,observed
andorre,Novembre,11,2,11,30,2.1,4.4,4.2,mid,open-meteo,,,0.8,2.7,,,25.0,observed
andorre,Décembre,12,0,9,24,1.7,3.2,4.1,mid,open-meteo,,,-2.5,2.2,,,27.0,observed
astana,Janvier,1,-16,-9,23,0.8,3.3,1.1,avoid,open-meteo,,,-16.1,1.7,,,25.0,observed
astana,Février,2,-15,-7,21,0.7,5.2,4.1,mid,open-meteo,,,-13.8,2.9,,,29.0,observed
astana,Mars,3,-9,0,22,0.8,6.2,4.1,mid,open-meteo,,,-7.7,4.5,,,38.0,observed
astana,Avril,4,1,14,22,1.0,7.9,4.5,mid,open-meteo,,,-1.2,4.9,,,28.0,observed
astana,Mai,5,8,21,21,1.0,9.7,8.2,rec,open-meteo,,,3.0,5.7,,,28.0,observed
astana,Juin,6,14,24,32,1.8,11.2,8.4,rec,open-meteo,,,8.5,6.8,,,27.0,observed
astana,Juillet,7,16,26,34,1.7,10.8,8.5,rec,open-meteo,,,11.7,6.2,,,25.0,observed
astana,Août,8,14,25,26,1.2,9.5,8.5,rec,open-meteo,,,9.4,5.3,,,24.0,observed
astana,Septembre,9,8,17,22,1.1,7.7,7.4,rec,open-meteo,,,4.1,3.9,,,22.0,observed
astana,Octobre,10,0,9,24,1.0,4.4,4.2,mid,open-meteo,,,-1.6,2.6,,,21.0,observed
astana,Novembre,11,-7,-1,32,1.4,3.3,0.9,avoid,open-meteo,,,-9.0,1.9,,,31.0,observed
astana,Décembre,12,-14,-7,30,0.9,3.0,0.9,avoid,open-meteo,,,-13.3,1.4,,,30.0,observed
bay-of-islands,Janvier,1,17,24,39,3.1,8.0,7.9,rec,open-meteo,21.4,6.6,15.6,8.3,1.1,8.6,14.0,calibrated
bay-of-islands,Février,2,18,24,45,3.5,7.4,7.8,rec,open-meteo,22.0,6.6,16.3,7.9,0.99,8.4,14.0,calibrated
bay-of-islands,Mars,3,17,23,39,2.5,6.8,7.7,rec,open-meteo,21.4,6.4,15.1,6.6,0.8,9.5,15.0,calibrated
bay-of-islands,Avril,4,15,21,41,4.6,6.2,7.5,rec,open-meteo,20.1,5.5,13.7,5.0,1.09,8.8,16.0,calibrated
bay-of-islands,Mai,5,13,19,34,3.5,5.8,7.4,rec,open-meteo,18.4,4.9,11.8,3.7,0.97,8.4,18.0,calibrated
bay-of-islands,Juin,6,11,17,42,4.8,5.2,4.4,mid,open-meteo,17.1,4.0,10.4,2.7,1.1,7.5,20.0,calibrated
bay-of-islands,Juillet,7,10,16,37,4.4,5.5,4.4,mid,open-meteo,15.6,3.7,9.3,3.1,1.12,7.9,22.0,calibrated
bay-of-islands,Août,8,10,16,43,3.6,6.0,4.3,mid,open-meteo,14.9,3.6,9.2,3.7,1.15,8.1,23.0,calibrated
bay-of-islands,Septembre,9,11,17,42,3.4,6.5,4.5,mid,open-meteo,15.6,4.2,9.8,5.7,0.81,7.9,25.0,calibrated
bay-of-islands,Octobre,10,12,18,41,3.1,7.1,7.3,rec,open-meteo,15.8,4.3,11.1,6.9,1.16,7.6,23.0,calibrated
bay-of-islands,Novembre,11,14,20,51,3.1,7.1,7.3,rec,open-meteo,17.3,5.1,12.8,7.5,0.82,8.0,18.0,calibrated
bay-of-islands,Décembre,12,16,22,40,2.3,8.1,7.8,rec,open-meteo,19.2,6.0,14.3,8.5,0.87,7.9,16.0,calibrated
cape-cod,Janvier,1,-2,4,36,4.0,4.7,1.0,avoid,open-meteo,5.1,3.3,-3.5,2.0,1.09,7.8,25.0,calibrated
cape-cod,Février,2,-1,5,39,3.8,4.9,0.9,avoid,open-meteo,3.7,3.5,-3.2,3.1,0.95,8.7,29.0,calibrated
cape-cod,Mars,3,2,7,35,3.9,6.0,4.1,mid,open-meteo,5.2,3.5,-1.7,4.0,1.12,8.0,31.0,calibrated
cape-cod,Avril,4,5,11,39,3.7,6.4,4.2,mid,open-meteo,9.7,3.7,3.2,5.5,0.89,8.0,33.0,calibrated
cape-cod,Mai,5,10,16,42,3.5,6.9,4.4,mid,open-meteo,14.2,3.9,8.8,6.1,0.71,6.1,32.0,calibrated
cape-cod,Juin,6,16,22,33,2.6,8.2,7.9,rec,open-meteo,17.6,5.9,14.4,7.3,0.68,5.4,38.0,calibrated
cape-cod,Juillet,7,20,26,31,2.7,8.1,8.3,rec,open-meteo,24.9,8.0,18.9,7.2,0.71,5.6,39.0,calibrated
cape-cod,Août,8,20,25,28,2.4,8.0,8.3,rec,open-meteo,24.9,7.9,18.6,7.0,0.66,6.5,41.0,calibrated
cape-cod,Septembre,9,17,22,34,3.9,6.7,7.8,rec,open-meteo,22.2,6.5,15.2,5.0,0.74,7.9,30.0,calibrated
cape-cod,Octobre,10,12,17,34,4.5,6.0,4.5,mid,open-meteo,17.0,4.5,10.0,4.3,0.77,8.3,27.0,calibrated
cape-cod,Novembre,11,5,11,30,2.9,5.3,4.2,mid,open-meteo,10.6,3.7,3.2,2.8,0.91,7.4,26.0,calibrated
cape-cod,Décembre,12,1,6,36,4.0,4.4,1.0,avoid,open-meteo,6.4,3.4,-0.5,2.0,0.93,8.1,27.0,calibrated
cayman-islands,Janvier,1,25,27,40,1.1,7.8,8.1,rec,open-meteo-archive,27.3,7.3,20.0,6.4,1.64,6.5,31.0,observed
cayman-islands,Février,2,25,28,53,1.4,7.9,7.9,rec,open-meteo-archive,27.0,7.6,20.1,7.3,1.48,6.1,36.0,observed
cayman-islands,Mars,3,25,28,56,1.7,9.0,8.0,rec,open-meteo-archive,27.1,7.8,20.5,8.6,1.2,5.9,30.0,observed
cayman-islands,Avril,4,25,29,47,1.6,10.0,8.2,rec,open-meteo-archive,28.0,8.0,21.6,8.9,1.42,5.9,30.0,observed
cayman-islands,Mai,5,26,30,65,3.6,9.0,5.0,mid,open-meteo-archive,29.2,8.3,22.9,9.0,1.02,5.8,28.0,observed
cayman-islands,Juin,6,27,30,68,5.1,8.0,4.9,mid,open-meteo-archive,29.6,7.9,23.9,7.6,1.47,6.4,33.0,observed
cayman-islands,Juillet,7,27,31,60,2.0,10.4,5.2,mid,open-meteo-archive,30.2,7.9,24.1,8.6,1.52,6.4,37.0,observed
cayman-islands,Août,8,27,31,55,3.2,8.0,5.1,mid,open-meteo-archive,30.8,8.2,24.1,8.6,0.97,5.5,29.0,observed
cayman-islands,Septembre,9,27,31,74,3.9,8.0,4.8,mid,open-meteo-archive,30.6,7.7,24.1,7.8,1.3,6.0,26.0,observed
cayman-islands,Octobre,10,26,30,70,4.9,8.0,4.9,mid,open-meteo-archive,30.8,7.7,23.5,7.3,1.24,6.1,26.0,observed
cayman-islands,Novembre,11,26,28,58,4.1,7.0,5.1,mid,open-meteo-archive,29.5,7.6,22.2,6.2,1.46,6.1,30.0,observed
cayman-islands,Décembre,12,26,28,45,1.7,7.0,8.0,rec,open-meteo-archive,28.3,7.5,21.2,5.4,1.58,6.2,32.0,observed
natal-bresil,Janvier,1,25,30,57,2.9,8.3,5.1,mid,open-meteo-archive,28.5,8.4,22.3,8.9,0.87,5.9,21.0,observed
natal-bresil,Février,2,25,30,69,4.3,8.1,4.9,mid,open-meteo-archive,28.7,8.4,22.8,9.3,0.9,6.2,21.0,observed
natal-bresil,Mars,3,24,30,77,6.3,7.8,4.8,mid,open-meteo-archive,29.0,8.1,23.3,9.1,0.83,6.9,18.0,observed
natal-bresil,Avril,4,24,29,80,5.8,7.3,4.7,mid,open-meteo-archive,29.1,8.0,23.3,8.1,0.84,7.3,17.0,observed
natal-bresil,Mai,5,24,29,67,4.8,7.5,4.9,mid,open-meteo-archive,29.0,7.9,22.9,7.7,1.14,6.6,21.0,observed
natal-bresil,Juin,6,23,28,67,4.8,6.6,7.6,rec,open-meteo-archive,27.7,7.5,21.9,7.3,1.31,6.7,24.0,observed
natal-bresil,Juillet,7,23,27,67,5.5,7.0,7.5,rec,open-meteo-archive,26.9,7.2,21.1,7.4,1.32,6.5,27.0,observed
natal-bresil,Août,8,22,28,40,1.3,8.2,8.3,rec,open-meteo-archive,27.0,7.9,20.5,8.2,1.27,6.5,29.0,observed
natal-bresil,Septembre,9,23,28,39,1.2,8.9,8.4,rec,open-meteo-archive,27.3,8.0,20.5,8.6,1.29,6.7,27.0,observed
natal-bresil,Octobre,10,24,29,34,0.9,9.5,8.5,rec,open-meteo-archive,27.6,8.4,21.0,8.9,1.08,6.3,25.0,observed
natal-bresil,Novembre,11,25,30,33,0.9,9.5,5.7,mid,open-meteo-archive,28.3,8.7,21.4,8.7,1.06,5.9,23.0,observed
natal-bresil,Décembre,12,25,30,53,1.7,9.2,5.3,mid,open-meteo-archive,28.5,8.5,21.9,8.7,1.03,5.9,20.0,observed
providencia,Janvier,1,24,25,46,1.9,6.7,7.7,rec,open-meteo-archive,27.4,6.4,20.3,7.5,2.04,7.2,28.0,calibrated
providencia,Février,2,24,25,36,1.0,7.7,8.0,rec,open-meteo-archive,27.0,7.1,20.0,8.2,1.68,6.6,34.0,calibrated
providencia,Mars,3,24,25,27,0.7,7.7,8.2,rec,open-meteo-archive,26.9,7.6,20.3,8.9,1.29,6.4,27.0,calibrated
providencia,Avril,4,24,25,23,0.8,8.4,8.4,rec,open-meteo-archive,27.7,7.7,21.1,9.1,1.37,6.1,27.0,calibrated
providencia,Mai,5,25,26,53,3.3,6.8,5.1,mid,open-meteo-archive,28.7,7.5,22.1,8.3,1.27,6.2,36.0,calibrated
providencia,Juin,6,25,26,74,6.2,5.8,4.7,mid,open-meteo-archive,29.4,7.2,22.4,7.6,1.26,6.3,30.0,calibrated
providencia,Juillet,7,25,26,69,4.5,6.2,4.8,mid,open-meteo-archive,29.0,6.6,22.5,8.1,1.92,7.5,44.0,calibrated
providencia,Août,8,25,26,67,4.5,6.1,4.8,mid,open-meteo-archive,29.4,7.3,22.6,8.8,1.25,5.9,32.0,calibrated
providencia,Septembre,9,25,27,72,5.1,5.8,4.7,mid,open-meteo-archive,30.1,7.7,22.5,8.0,0.94,5.6,22.0,calibrated
providencia,Octobre,10,24,26,84,7.8,4.9,4.5,mid,open-meteo-archive,30.7,7.1,22.1,7.1,0.93,6.7,23.0,calibrated
providencia,Novembre,11,24,26,84,9.0,4.9,4.5,mid,open-meteo-archive,29.5,7.2,21.8,7.3,0.97,6.1,24.0,calibrated
providencia,Décembre,12,24,26,69,4.4,5.7,7.4,rec,open-meteo-archive,28.4,6.5,21.2,6.3,1.85,6.7,27.0,calibrated
monterey,Janvier,1,9,15,32,3.9,4.9,4.3,mid,open-meteo-archive,12.9,2.2,7.8,3.0,2.72,10.8,23.0,calibrated
monterey,Février,2,9,15,29,2.9,6.3,4.4,mid,open-meteo-archive,12.0,2.4,7.0,4.1,3.01,10.8,27.0,calibrated
monterey,Mars,3,9,15,38,3.3,5.8,4.3,mid,open-meteo-archive,11.6,2.3,8.0,5.6,2.77,11.2,31.0,calibrated
monterey,Avril,4,10,14,16,1.1,7.8,7.3,rec,open-meteo-archive,11.2,2.9,8.7,6.9,2.23,8.8,31.0,calibrated
monterey,Mai,5,11,15,11,0.7,8.4,7.4,rec,open-meteo-archive,12.8,3.1,9.7,7.6,2.01,7.7,28.0,calibrated
monterey,Juin,6,12,17,3,0.1,9.4,7.9,rec,open-meteo-archive,14.3,3.6,11.3,8.1,2.04,7.5,23.0,calibrated
monterey,Juillet,7,12,17,1,0.1,9.0,7.9,rec,open-meteo-archive,13.9,4.1,12.4,8.1,1.5,7.8,21.0,calibrated
monterey,Août,8,14,18,0,0.0,8.5,8.0,rec,open-meteo-archive,15.6,4.7,13.4,7.6,1.25,7.3,20.0,calibrated
monterey,Septembre,9,14,19,3,0.2,8.1,8.1,rec,open-meteo-archive,16.4,4.6,13.1,6.5,1.62,8.4,23.0,calibrated
monterey,Octobre,10,13,19,9,0.6,6.9,7.8,rec,open-meteo-archive,15.4,3.7,11.0,5.2,2.04,9.3,24.0,calibrated
monterey,Novembre,11,10,17,20,1.9,6.0,7.4,rec,open-meteo-archive,14.3,2.8,8.4,3.7,2.52,11.0,25.0,calibrated
monterey,Décembre,12,9,14,30,3.4,4.8,4.3,mid,open-meteo-archive,13.7,2.0,7.2,2.9,3.05,12.0,26.0,calibrated
matera,Janvier,1,3,12,27,1.7,4.6,4.2,mid,open-meteo-archive,,,3.1,2.5,,,23.0,calibrated
matera,Février,2,4,14,26,1.7,5.8,4.4,mid,open-meteo-archive,,,4.0,3.5,,,29.0,calibrated
matera,Mars,3,5,15,32,2.4,5.8,4.4,mid,open-meteo-archive,,,4.9,5.1,,,31.0,calibrated
matera,Avril,4,8,19,29,1.4,6.9,7.5,rec,open-meteo-archive,,,6.9,6.3,,,34.0,calibrated
matera,Mai,5,12,23,34,2.2,7.2,7.9,rec,open-meteo-archive,,,10.3,7.2,,,35.0,calibrated
matera,Juin,6,17,29,25,1.6,8.6,8.6,rec,open-meteo-archive,,,12.9,8.0,,,35.0,calibrated
matera,Juillet,7,21,34,11,0.5,9.2,5.4,mid,open-meteo-archive,,,13.3,8.0,,,36.0,calibrated
matera,Août,8,20,33,18,0.9,8.3,8.0,rec,open-meteo-archive,,,14.7,7.4,,,35.0,calibrated
matera,Septembre,9,17,28,23,1.4,7.1,8.6,rec,open-meteo-archive,,,13.4,6.0,,,29.0,calibrated
matera,Octobre,10,13,23,23,1.8,5.9,8.0,rec,open-meteo-archive,,,11.9,4.4,,,27.0,calibrated
matera,Novembre,11,9,17,32,2.8,4.6,4.5,mid,open-meteo-archive,,,9.0,3.0,,,25.0,calibrated
matera,Décembre,12,4,13,21,1.2,4.8,4.3,mid,open-meteo-archive,,,5.1,2.2,,,24.0,calibrated
tropea,Janvier,1,8,14,49,3.4,4.4,4.1,mid,open-meteo-archive,16.5,3.5,7.2,2.8,1.18,5.5,28.0,calibrated
tropea,Février,2,9,14,42,3.2,5.6,4.2,mid,open-meteo-archive,15.0,3.8,7.6,3.8,0.83,5.7,32.0,calibrated
tropea,Mars,3,10,15,47,3.8,5.6,4.2,mid,open-meteo-archive,15.0,3.6,8.7,5.5,0.98,5.8,38.0,calibrated
tropea,Avril,4,12,18,34,1.8,6.9,7.3,rec,open-meteo-archive,16.1,4.5,10.7,6.7,0.87,6.1,39.0,calibrated
tropea,Mai,5,15,21,33,2.1,7.5,7.7,rec,open-meteo-archive,18.9,5.9,13.9,7.2,0.57,5.2,42.0,calibrated
tropea,Juin,6,20,26,25,1.4,8.6,8.5,rec,open-meteo-archive,24.0,8.1,17.9,8.1,0.51,5.1,37.0,calibrated
tropea,Juillet,7,22,29,20,1.0,8.9,8.8,rec,open-meteo-archive,28.0,9.3,21.1,8.1,0.41,4.7,41.0,calibrated
tropea,Août,8,23,29,29,1.4,7.8,8.4,rec,open-meteo-archive,27.2,9.0,21.3,7.5,0.38,4.6,40.0,calibrated
tropea,Septembre,9,21,26,42,2.8,6.5,7.9,rec,open-meteo-archive,25.3,7.8,18.6,6.1,0.82,5.4,35.0,calibrated
tropea,Octobre,10,17,23,37,2.7,5.7,7.7,rec,open-meteo-archive,24.2,7.0,16.0,4.6,0.54,5.5,31.0,calibrated
tropea,Novembre,11,14,19,47,4.8,4.6,4.5,mid,open-meteo-archive,21.1,5.2,12.8,3.4,0.8,5.4,30.0,calibrated
tropea,Décembre,12,11,16,40,3.6,4.5,4.3,mid,open-meteo-archive,18.3,3.5,9.3,2.4,1.52,5.8,28.0,calibrated
samos,Janvier,1,9,14,46,6.8,4.2,4.1,mid,open-meteo-archive,17.6,4.0,6.2,2.6,0.69,4.8,26.0,calibrated
samos,Février,2,10,15,36,4.0,5.9,4.3,mid,open-meteo-archive,15.8,4.2,7.2,4.0,0.54,4.3,30.0,calibrated
samos,Mars,3,11,16,35,2.9,6.1,4.4,mid,open-meteo-archive,15.8,4.2,7.9,5.3,0.48,4.4,36.0,calibrated
samos,Avril,4,13,19,20,1.4,7.7,7.7,rec,open-meteo-archive,16.8,5.3,10.3,6.7,0.5,4.2,42.0,calibrated
samos,Mai,5,17,23,15,0.8,8.6,8.5,rec,open-meteo-archive,19.0,6.6,13.7,7.3,0.32,3.7,40.0,calibrated
samos,Juin,6,21,28,10,0.5,9.6,9.3,rec,open-meteo-archive,22.5,8.3,16.6,7.9,0.35,3.8,44.0,calibrated
samos,Juillet,7,24,32,1,0.0,9.8,6.2,mid,open-meteo-archive,22.9,8.6,16.9,7.9,0.42,3.8,41.0,calibrated
samos,Août,8,25,32,2,0.1,9.1,6.1,mid,open-meteo-archive,26.3,9.2,18.3,7.4,0.35,3.6,43.0,calibrated
samos,Septembre,9,22,28,6,0.7,8.3,9.2,rec,open-meteo-archive,25.4,8.9,16.7,6.2,0.34,3.8,36.0,calibrated
samos,Octobre,10,18,24,11,1.7,6.9,8.5,rec,open-meteo-archive,23.7,7.5,14.3,4.8,0.34,3.9,31.0,calibrated
samos,Novembre,11,15,19,35,4.9,5.3,7.3,rec,open-meteo-archive,21.9,5.7,11.6,3.3,0.36,3.8,28.0,calibrated
samos,Décembre,12,11,16,39,5.3,4.5,4.3,mid,open-meteo-archive,19.6,4.6,8.4,2.2,0.55,4.3,28.0,calibrated
kalamata,Janvier,1,6,14,40,5.0,4.6,4.2,mid,open-meteo-archive,18.0,4.2,5.0,3.1,0.62,5.1,26.0,observed
kalamata,Février,2,7,15,36,3.1,5.0,4.3,mid,open-meteo-archive,16.7,4.3,5.8,4.2,0.64,4.8,29.0,observed
kalamata,Mars,3,8,17,36,2.7,6.0,4.5,mid,open-meteo-archive,16.7,4.5,6.9,5.6,0.56,4.8,34.0,observed
kalamata,Avril,4,10,20,16,1.0,7.1,7.9,rec,open-meteo-archive,17.0,5.6,9.0,7.0,0.38,4.5,39.0,observed
kalamata,Mai,5,15,24,19,1.2,9.2,8.5,rec,open-meteo-archive,19.2,6.7,11.8,7.5,0.31,4.3,41.0,observed
kalamata,Juin,6,19,29,15,1.2,11.3,9.3,rec,open-meteo-archive,23.2,8.6,15.3,8.3,0.22,3.8,42.0,observed
kalamata,Juillet,7,22,33,5,0.2,11.9,6.0,mid,open-meteo-archive,27.2,9.1,16.6,8.2,0.2,3.6,36.0,observed
kalamata,Août,8,22,33,7,0.3,11.2,5.9,mid,open-meteo-archive,27.8,9.1,16.6,7.8,0.16,3.3,36.0,observed
kalamata,Septembre,9,20,29,17,1.6,9.0,8.9,rec,open-meteo-archive,26.6,9.0,15.3,6.6,0.26,4.3,30.0,observed
kalamata,Octobre,10,15,24,18,2.3,6.6,8.2,rec,open-meteo-archive,24.7,7.6,12.9,5.2,0.24,4.1,29.0,observed
kalamata,Novembre,11,12,20,35,5.6,5.0,7.4,rec,open-meteo-archive,22.1,5.9,10.5,3.6,0.36,4.3,27.0,observed
kalamata,Décembre,12,8,16,35,3.9,4.2,4.3,mid,open-meteo-archive,19.0,4.5,7.2,2.7,0.57,5.0,25.0,observed
valletta,Janvier,1,11,15,25,1.2,5.5,4.4,mid,open-meteo-archive,17.3,3.4,8.4,3.5,1.74,6.4,30.0,observed
valletta,Février,2,12,15,20,1.6,6.3,4.5,mid,open-meteo-archive,15.9,3.6,8.9,4.5,1.61,6.3,36.0,observed
valletta,Mars,3,13,16,22,1.1,7.3,7.3,rec,open-meteo-archive,15.7,3.7,9.9,6.2,1.45,6.0,43.0,observed
valletta,Avril,4,14,18,10,0.4,8.5,7.8,rec,open-meteo-archive,16.3,4.3,11.8,7.1,1.61,6.5,44.0,observed
valletta,Mai,5,17,22,10,0.5,10.0,8.7,rec,open-meteo-archive,17.9,6.0,14.6,7.6,1.0,5.5,43.0,observed
valletta,Juin,6,21,26,3,0.1,11.2,9.5,rec,open-meteo-archive,22.6,7.9,17.9,8.3,0.85,5.0,41.0,observed
valletta,Juillet,7,24,29,1,0.0,12.2,9.9,rec,open-meteo-archive,27.4,9.3,20.3,8.4,0.78,5.7,39.0,observed
valletta,Août,8,25,30,5,0.2,11.4,6.7,mid,open-meteo-archive,26.6,9.4,21.3,7.9,0.5,5.2,41.0,observed
valletta,Septembre,9,24,27,15,1.1,9.0,8.9,rec,open-meteo-archive,26.5,8.3,19.7,6.7,1.07,5.7,35.0,observed
valletta,Octobre,10,20,24,22,1.7,7.2,8.2,rec,open-meteo-archive,25.7,7.3,17.2,5.3,1.12,5.6,35.0,observed
valletta,Novembre,11,17,21,37,2.5,6.5,7.6,rec,open-meteo-archive,22.5,6.0,13.7,3.8,1.01,6.1,32.0,observed
valletta,Décembre,12,14,17,24,1.2,5.2,7.3,rec,open-meteo-archive,19.0,3.7,10.3,3.0,1.83,6.7,31.0,observed
wroclaw,Janvier,1,-1,4,40,1.5,1.9,0.7,avoid,open-meteo-archive,,,-2.0,1.1,,,43.0,observed
wroclaw,Février,2,-1,7,38,1.7,2.9,0.9,avoid,open-meteo-archive,,,-1.0,1.5,,,44.0,observed
wroclaw,Mars,3,1,10,36,1.3,4.2,4.1,mid,open-meteo-archive,,,0.3,3.3,,,50.0,observed
wroclaw,Avril,4,4,14,37,1.5,6.8,4.3,mid,open-meteo-archive,,,3.2,4.5,,,31.0,observed
wroclaw,Mai,5,9,19,35,2.0,7.9,7.5,rec,open-meteo-archive,,,7.8,6.0,,,31.0,observed
wroclaw,Juin,6,14,24,37,2.5,8.3,8.0,rec,open-meteo-archive,,,12.4,6.0,,,30.0,observed
wroclaw,Juillet,7,16,25,37,2.6,8.3,8.1,rec,open-meteo-archive,,,13.2,6.2,,,29.0,observed
wroclaw,Août,8,16,25,35,2.7,8.1,8.1,rec,open-meteo-archive,,,14.1,5.3,,,31.0,observed
wroclaw,Septembre,9,12,20,31,2.2,5.7,7.5,rec,open-meteo-archive,,,10.7,3.7,,,28.0,observed
wroclaw,Octobre,10,8,15,36,2.1,3.8,4.2,mid,open-meteo-archive,,,7.3,2.4,,,35.0,observed
wroclaw,Novembre,11,4,9,34,1.6,2.2,1.1,avoid,open-meteo-archive,,,3.1,1.4,,,48.0,observed
wroclaw,Décembre,12,0,5,37,1.4,1.7,0.7,avoid,open-meteo-archive,,,0.3,0.8,,,56.0,observed
malacca,Janvier,1,24,30,66,5.5,6.2,4.8,mid,open-meteo-archive,28.8,8.4,22.8,7.5,0.21,3.7,24.0,observed
malacca,Février,2,24,30,54,3.4,7.2,5.1,mid,open-meteo-archive,28.3,8.8,22.4,8.6,0.25,3.2,30.0,observed
malacca,Mars,3,24,31,76,6.1,6.9,4.7,mid,open-meteo-archive,28.4,8.2,23.4,8.8,0.22,3.3,40.0,observed
malacca,Avril,4,25,30,93,8.6,6.9,4.5,mid,open-meteo-archive,30.0,8.1,24.4,8.3,0.16,3.0,37.0,observed
malacca,Mai,5,25,30,88,8.3,6.8,4.5,mid,open-meteo-archive,30.9,7.9,24.8,7.0,0.25,3.6,33.0,observed
malacca,Juin,6,25,30,75,6.1,6.5,4.7,mid,open-meteo-archive,31.0,8.1,24.4,7.1,0.24,5.2,38.0,observed
malacca,Juillet,7,25,29,72,5.4,6.5,4.8,mid,open-meteo-archive,30.7,8.0,24.1,7.8,0.4,3.8,37.0,observed
malacca,Août,8,25,29,75,6.7,6.2,4.7,mid,open-meteo-archive,30.3,8.0,24.1,8.3,0.31,4.2,30.0,observed
malacca,Septembre,9,24,29,77,6.8,5.7,4.7,mid,open-meteo-archive,30.2,8.1,23.9,8.5,0.29,6.1,38.0,observed
malacca,Octobre,10,24,29,76,6.7,5.8,4.7,mid,open-meteo-archive,30.9,7.8,23.9,8.2,0.26,4.3,35.0,observed
malacca,Novembre,11,24,29,92,10.2,5.2,4.4,mid,open-meteo-archive,30.5,7.6,23.9,7.2,0.24,3.3,26.0,observed
malacca,Décembre,12,24,29,83,7.3,5.4,4.6,mid,open-meteo-archive,29.6,7.9,23.5,7.0,0.25,3.8,33.0,observed
kota-kinabalu,Janvier,1,24,28,67,7.8,6.1,4.9,mid,open-meteo-archive,28.9,7.6,23.4,8.1,1.01,6.0,22.0,observed
kota-kinabalu,Février,2,23,28,50,3.3,6.9,5.3,mid,open-meteo-archive,28.9,8.2,23.0,8.9,0.88,4.9,23.0,observed
kota-kinabalu,Mars,3,24,29,55,3.5,7.5,5.2,mid,open-meteo-archive,28.4,8.2,23.3,9.4,0.81,5.0,34.0,observed
kota-kinabalu,Avril,4,25,30,65,4.5,8.2,5.0,mid,open-meteo-archive,30.1,8.6,23.8,9.1,0.44,4.5,32.0,observed
kota-kinabalu,Mai,5,25,30,73,7.9,7.4,4.8,mid,open-meteo-archive,30.7,8.2,24.2,8.5,0.36,6.1,31.0,observed
kota-kinabalu,Juin,6,25,30,68,7.3,6.6,4.8,mid,open-meteo-archive,30.8,8.3,23.5,7.2,0.49,5.5,24.0,observed
kota-kinabalu,Juillet,7,24,30,65,7.1,6.6,4.9,mid,open-meteo-archive,30.3,8.3,23.2,7.5,0.58,5.6,29.0,observed
kota-kinabalu,Août,8,25,30,67,7.7,6.3,4.8,mid,open-meteo-archive,30.8,8.2,23.1,8.0,0.43,5.4,23.0,observed
kota-kinabalu,Septembre,9,24,29,72,9.4,6.0,4.8,mid,open-meteo-archive,30.4,7.9,23.2,8.5,0.84,5.7,29.0,observed
kota-kinabalu,Octobre,10,24,29,85,11.4,6.2,4.6,mid,open-meteo-archive,30.3,7.7,23.5,8.0,0.76,6.5,25.0,observed
kota-kinabalu,Novembre,11,24,29,82,8.2,6.4,4.6,mid,open-meteo-archive,30.4,7.7,23.7,7.7,0.79,7.2,28.0,observed
kota-kinabalu,Décembre,12,24,29,81,8.7,6.4,4.7,mid,open-meteo-archive,29.8,7.7,23.6,6.9,1.02,7.1,26.0,observed
puerto-escondido,Janvier,1,21,30,4,0.2,8.2,6.3,mid,open-meteo-archive,27.4,9.0,18.5,7.1,0.99,11.2,22.0,calibrated
puerto-escondido,Février,2,21,31,4,0.1,8.7,6.2,mid,open-meteo-archive,27.8,8.9,18.5,8.0,1.2,12.3,24.0,calibrated
puerto-escondido,Mars,3,22,32,3,0.2,8.6,6.0,mid,open-meteo-archive,27.3,8.6,19.2,9.0,1.2,12.0,27.0,calibrated
puerto-escondido,Avril,4,23,32,1,0.1,9.3,6.1,mid,open-meteo-archive,27.9,8.7,20.3,9.3,1.26,11.9,28.0,calibrated
puerto-escondido,Mai,5,24,32,32,3.1,7.8,5.3,mid,open-meteo-archive,29.4,8.1,22.5,9.0,1.4,12.0,26.0,calibrated
puerto-escondido,Juin,6,24,30,72,8.1,5.6,4.7,mid,open-meteo-archive,31.2,7.2,23.8,7.4,1.61,10.7,22.0,calibrated
puerto-escondido,Juillet,7,23,31,62,4.7,6.3,4.8,mid,open-meteo-archive,31.3,7.5,23.6,8.5,1.46,11.1,23.0,calibrated
puerto-escondido,Août,8,24,31,69,7.3,5.5,4.7,mid,open-meteo-archive,31.1,7.4,23.7,8.7,1.38,10.3,26.0,calibrated
puerto-escondido,Septembre,9,23,30,79,8.8,4.7,4.5,mid,open-meteo-archive,30.9,6.9,23.7,6.8,1.72,9.9,17.0,calibrated
puerto-escondido,Octobre,10,23,30,61,6.2,5.6,4.8,mid,open-meteo-archive,30.5,7.8,23.1,7.1,1.32,11.3,20.0,calibrated
puerto-escondido,Novembre,11,22,30,25,1.3,7.5,5.7,mid,open-meteo-archive,29.8,8.6,21.3,7.1,1.38,11.4,21.0,calibrated
puerto-escondido,Décembre,12,21,30,6,0.3,8.1,6.2,mid,open-meteo-archive,28.5,9.1,19.2,6.3,0.99,11.6,25.0,calibrated
mui-ne,Janvier,1,22,30,8,0.6,8.1,6.2,mid,open-meteo-archive,26.4,8.3,19.4,7.6,1.56,8.2,37.0,calibrated
mui-ne,Février,2,22,30,2,0.1,9.1,6.4,mid,open-meteo-archive,25.9,8.9,19.1,8.6,1.2,6.0,35.0,calibrated
mui-ne,Mars,3,23,31,5,0.2,8.9,6.2,mid,open-meteo-archive,26.0,8.8,20.9,9.2,1.08,5.6,38.0,calibrated
mui-ne,Avril,4,25,32,19,1.0,8.6,5.6,mid,open-meteo-archive,29.7,9.1,22.8,9.3,0.52,4.6,28.0,calibrated
mui-ne,Mai,5,26,32,67,4.1,6.2,4.6,mid,open-meteo-archive,30.7,8.0,24.3,8.8,0.6,4.5,31.0,calibrated
mui-ne,Juin,6,25,31,69,4.7,6.2,4.7,mid,open-meteo-archive,28.8,8.1,24.2,8.1,0.84,4.6,42.0,calibrated
mui-ne,Juillet,7,25,31,80,5.1,5.5,4.5,mid,open-meteo-archive,28.9,7.8,23.9,8.2,1.04,5.1,38.0,calibrated
mui-ne,Août,8,25,31,75,4.6,5.8,4.6,mid,open-meteo-archive,28.0,8.0,23.9,8.9,0.79,5.0,37.0,calibrated
mui-ne,Septembre,9,24,30,77,6.2,5.4,4.6,mid,open-meteo-archive,29.0,8.0,23.9,8.3,1.02,5.1,33.0,calibrated
mui-ne,Octobre,10,24,30,66,6.3,5.4,4.7,mid,open-meteo-archive,30.2,8.3,23.5,7.7,0.69,4.5,40.0,calibrated
mui-ne,Novembre,11,24,30,28,3.9,7.1,5.6,mid,open-meteo-archive,28.5,8.5,22.5,7.4,1.15,6.4,38.0,calibrated
mui-ne,Décembre,12,23,30,20,1.8,7.1,5.8,mid,open-meteo-archive,27.1,8.3,20.6,5.9,1.35,7.4,36.0,calibrated
ischia,Janvier,1,5,9,38,3.1,4.3,4.1,mid,open-meteo-archive,16.7,3.4,1.6,2.4,1.35,5.7,28.0,calibrated
ischia,Février,2,6,10,35,2.9,5.6,4.1,mid,open-meteo-archive,14.9,3.5,2.5,3.6,1.25,6.0,33.0,calibrated
ischia,Mars,3,6,10,37,2.2,5.8,4.1,mid,open-meteo-archive,14.8,3.3,3.2,5.0,1.42,5.9,37.0,calibrated
ischia,Avril,4,8,12,28,1.6,7.1,4.3,mid,open-meteo-archive,15.7,4.1,5.4,6.6,1.04,5.4,40.0,calibrated
ischia,Mai,5,12,16,26,1.7,7.8,7.3,rec,open-meteo-archive,18.9,5.0,9.2,7.2,0.75,5.1,40.0,calibrated
ischia,Juin,6,17,21,10,0.6,9.4,8.4,rec,open-meteo-archive,24.1,7.3,12.9,7.6,0.74,4.7,41.0,calibrated
ischia,Juillet,7,20,24,5,0.2,9.6,9.0,rec,open-meteo-archive,27.0,8.4,15.7,7.9,0.62,4.3,42.0,calibrated
ischia,Août,8,20,24,10,0.6,8.6,8.7,rec,open-meteo-archive,25.6,8.2,15.8,7.3,0.54,4.1,42.0,calibrated
ischia,Septembre,9,18,21,28,2.3,7.0,7.8,rec,open-meteo-archive,24.9,6.8,12.5,5.8,1.1,5.1,36.0,calibrated
ischia,Octobre,10,14,18,35,3.4,5.5,4.6,mid,open-meteo-archive,23.8,5.9,10.5,4.3,0.86,5.2,32.0,calibrated
ischia,Novembre,11,10,14,48,5.4,4.3,4.1,mid,open-meteo-archive,20.4,4.2,7.0,3.0,1.14,5.0,30.0,calibrated
ischia,Décembre,12,7,11,31,2.9,4.4,4.2,mid,open-meteo-archive,17.8,3.6,3.6,2.4,1.38,5.8,28.0,calibrated
salamanque,Janvier,1,0,9,24,1.4,3.9,4.1,mid,open-meteo-archive,,,1.0,2.4,,,22.0,observed
salamanque,Février,2,1,11,25,1.4,5.9,4.3,mid,open-meteo-archive,,,1.4,3.3,,,27.0,observed
salamanque,Mars,3,3,13,28,1.6,6.9,4.4,mid,open-meteo-archive,,,2.1,4.8,,,30.0,observed
salamanque,Avril,4,6,16,34,1.8,7.9,7.2,rec,open-meteo-archive,,,3.5,6.4,,,28.0,observed
salamanque,Mai,5,9,21,24,1.1,9.2,8.1,rec,open-meteo-archive,,,5.7,7.1,,,27.0,observed
salamanque,Juin,6,12,26,24,1.1,11.0,8.8,rec,open-meteo-archive,,,8.4,7.6,,,27.0,observed
salamanque,Juillet,7,16,30,7,0.3,12.0,9.5,rec,open-meteo-archive,,,8.5,8.1,,,26.0,observed
salamanque,Août,8,15,30,5,0.2,11.1,9.4,rec,open-meteo-archive,,,8.2,7.5,,,27.0,observed
salamanque,Septembre,9,12,25,13,0.7,8.9,8.8,rec,open-meteo-archive,,,7.7,5.9,,,25.0,observed
salamanque,Octobre,10,9,20,28,2.2,6.4,7.6,rec,open-meteo-archive,,,6.9,3.9,,,20.0,observed
salamanque,Novembre,11,4,13,33,1.8,4.4,4.2,mid,open-meteo-archive,,,5.0,3.0,,,23.0,observed
salamanque,Décembre,12,2,10,23,1.4,3.7,4.2,mid,open-meteo-archive,,,3.2,2.5,,,23.0,observed
elba,Janvier,1,8,12,25,1.3,4.3,4.2,mid,open-meteo,15.6,4.1,5.2,2.3,0.81,4.8,26.0,observed
elba,Février,2,8,14,30,2.2,4.2,4.3,mid,open-meteo,14.3,3.9,6.1,3.2,0.8,4.8,30.0,observed
elba,Mars,3,9,15,29,1.6,5.0,4.4,mid,open-meteo,14.6,4.0,6.6,4.6,0.95,5.1,36.0,observed
elba,Avril,4,11,17,27,1.7,6.1,7.3,rec,open-meteo,15.5,4.6,8.8,6.3,0.71,4.5,40.0,observed
elba,Mai,5,15,21,31,1.9,6.3,7.6,rec,open-meteo,18.6,6.0,12.8,6.9,0.54,4.5,39.0,observed
elba,Juin,6,19,26,16,0.8,7.9,8.6,rec,open-meteo,23.6,8.2,16.8,7.6,0.57,4.4,40.0,observed
elba,Juillet,7,22,29,8,0.6,8.9,9.1,rec,open-meteo,27.2,9.5,19.3,7.6,0.39,4.0,43.0,observed
elba,Août,8,23,30,15,1.0,8.3,6.0,mid,open-meteo,26.8,9.4,19.2,7.0,0.32,3.5,44.0,observed
elba,Septembre,9,19,25,29,2.5,6.7,8.1,rec,open-meteo,24.4,7.6,16.2,5.5,0.78,4.4,36.0,observed
elba,Octobre,10,16,21,33,2.9,4.9,7.5,rec,open-meteo,23.0,6.3,14.1,3.5,0.86,4.8,31.0,observed
elba,Novembre,11,12,17,38,3.6,3.9,4.4,mid,open-meteo,19.5,4.7,10.0,2.6,0.83,4.9,29.0,observed
elba,Décembre,12,9,14,33,2.6,3.7,4.2,mid,open-meteo,16.7,4.0,7.4,2.0,0.89,4.6,26.0,observed
pantelleria,Janvier,1,13,15,35,2.0,5.0,4.3,mid,open-meteo-archive,16.8,2.9,8.8,3.1,1.91,6.8,31.0,observed
pantelleria,Février,2,13,14,30,1.9,6.2,4.3,mid,open-meteo-archive,15.9,3.5,9.3,4.4,1.56,6.5,36.0,observed
pantelleria,Mars,3,14,15,29,1.9,7.3,4.5,mid,open-meteo-archive,15.4,3.4,10.2,6.0,1.57,6.5,42.0,observed
pantelleria,Avril,4,15,16,13,0.6,8.6,7.5,rec,open-meteo-archive,16.5,3.7,12.1,7.0,1.76,6.7,45.0,observed
pantelleria,Mai,5,17,19,14,0.7,9.3,8.0,rec,open-meteo-archive,18.3,5.4,15.2,7.6,1.03,5.6,43.0,observed
pantelleria,Juin,6,21,22,4,0.2,10.6,8.9,rec,open-meteo-archive,22.3,7.1,19.2,8.2,0.91,5.1,37.0,observed
pantelleria,Juillet,7,24,26,0,0.0,11.3,6.8,mid,open-meteo-archive,26.4,8.5,22.0,8.3,1.12,5.4,36.0,observed
pantelleria,Août,8,25,26,5,0.2,10.9,6.6,mid,open-meteo-archive,25.5,8.4,22.5,7.7,0.79,5.2,38.0,observed
pantelleria,Septembre,9,24,26,17,1.0,9.4,8.8,rec,open-meteo-archive,24.2,7.4,20.4,6.5,1.35,6.1,37.0,observed
pantelleria,Octobre,10,21,23,26,2.5,7.3,8.1,rec,open-meteo-archive,24.5,6.7,17.6,5.0,1.25,5.5,34.0,observed
pantelleria,Novembre,11,18,20,37,3.0,6.0,7.4,rec,open-meteo-archive,20.9,5.3,13.9,3.6,1.17,6.4,33.0,observed
pantelleria,Décembre,12,15,16,30,1.8,5.0,4.4,mid,open-meteo-archive,18.0,3.0,10.8,2.9,2.44,7.7,32.0,observed
matsuyama,Janvier,1,4,10,29,2.4,4.2,4.1,mid,open-meteo-archive,13.6,3.8,1.0,3.1,0.47,3.2,24.0,observed
matsuyama,Février,2,3,10,31,2.5,5.0,4.2,mid,open-meteo-archive,12.5,3.9,1.4,4.1,0.43,3.4,26.0,observed
matsuyama,Mars,3,6,14,37,3.9,5.6,4.3,mid,open-meteo-archive,15.2,4.0,5.2,5.2,0.42,3.4,35.0,observed
matsuyama,Avril,4,11,18,34,5.0,6.4,7.3,rec,open-meteo-archive,17.2,4.8,9.7,5.8,0.21,3.4,39.0,observed
matsuyama,Mai,5,15,22,33,5.4,6.6,7.8,rec,open-meteo-archive,18.0,5.7,14.0,6.8,0.28,3.1,38.0,observed
matsuyama,Juin,6,19,25,48,8.7,5.0,7.6,rec,open-meteo-archive,21.3,6.5,18.7,6.6,0.23,3.4,36.0,observed
matsuyama,Juillet,7,24,29,52,8.2,6.1,5.1,mid,open-meteo-archive,26.1,8.2,23.3,7.6,0.22,3.2,25.0,observed
matsuyama,Août,8,25,30,38,5.0,7.0,5.4,mid,open-meteo-archive,28.7,8.8,23.4,7.2,0.18,2.8,31.0,observed
matsuyama,Septembre,9,22,27,42,6.3,5.5,7.9,rec,open-meteo-archive,28.0,8.1,20.6,6.7,0.18,3.3,28.0,observed
matsuyama,Octobre,10,16,22,27,3.8,5.6,7.8,rec,open-meteo-archive,24.3,6.9,13.9,4.8,0.31,2.9,25.0,observed
matsuyama,Novembre,11,11,18,29,3.2,4.8,7.3,rec,open-meteo-archive,20.7,5.4,9.0,3.6,0.43,3.1,26.0,observed
matsuyama,Décembre,12,6,12,30,2.4,4.2,4.2,mid,open-meteo-archive,17.0,4.2,3.1,3.2,0.55,3.4,27.0,observed
taupo,Janvier,1,13,22,36,2.8,7.2,7.8,rec,open-meteo-archive,,,12.6,7.8,,,13.0,observed
taupo,Février,2,14,21,41,3.7,7.2,7.6,rec,open-meteo-archive,,,12.8,7.4,,,13.0,observed
taupo,Mars,3,12,19,35,3.3,5.8,7.3,rec,open-meteo-archive,,,11.4,6.0,,,14.0,observed
taupo,Avril,4,9,16,34,3.1,5.2,4.4,mid,open-meteo-archive,,,9.8,4.1,,,15.0,observed
taupo,Mai,5,7,13,35,3.4,4.1,4.2,mid,open-meteo-archive,,,7.9,3.1,,,17.0,observed
taupo,Juin,6,6,11,41,3.4,3.2,4.1,mid,open-meteo-archive,,,6.4,2.2,,,18.0,observed
taupo,Juillet,7,5,10,45,4.1,3.8,1.1,avoid,open-meteo-archive,,,5.2,2.5,,,18.0,observed
taupo,Août,8,4,11,45,3.8,4.3,4.1,mid,open-meteo-archive,,,5.2,3.2,,,21.0,observed
taupo,Septembre,9,6,12,49,4.3,4.7,4.1,mid,open-meteo-archive,,,6.1,5.1,,,23.0,observed
taupo,Octobre,10,8,15,48,3.3,5.8,4.2,mid,open-meteo-archive,,,7.6,6.5,,,21.0,observed
taupo,Novembre,11,9,17,49,4.1,6.3,4.4,mid,open-meteo-archive,,,9.5,7.4,,,17.0,observed
taupo,Décembre,12,12,20,45,3.6,6.6,7.4,rec,open-meteo-archive,,,11.5,7.5,,,15.0,observed
loreto-mexique,Janvier,1,16,23,2,6.6,7.7,8.7,rec,open-meteo-archive,18.9,6.5,7.5,5.3,0.53,5.0,30.0,observed
loreto-mexique,Février,2,16,24,4,5.2,9.0,8.9,rec,open-meteo-archive,17.8,6.6,7.5,6.3,0.33,5.1,30.0,observed
loreto-mexique,Mars,3,17,25,3,6.2,9.2,9.1,rec,open-meteo-archive,19.4,7.0,7.3,7.6,0.35,5.1,32.0,observed
loreto-mexique,Avril,4,19,28,1,1.2,9.2,9.5,rec,open-meteo-archive,20.9,8.0,8.3,8.6,0.43,6.3,35.0,observed
loreto-mexique,Mai,5,21,30,1,0.5,9.8,9.4,rec,open-meteo-archive,23.2,8.9,11.0,8.9,0.19,7.5,31.0,observed
loreto-mexique,Juin,6,26,33,1,9.5,10.8,8.7,rec,open-meteo-archive,26.9,9.1,15.1,8.9,0.32,5.3,26.0,observed
loreto-mexique,Juillet,7,28,34,5,7.5,11.2,5.7,mid,open-meteo-archive,29.8,9.1,19.5,8.9,0.33,5.3,27.0,observed
loreto-mexique,Août,8,29,34,13,24.4,11.4,5.5,mid,open-meteo-archive,31.2,8.6,21.9,8.8,0.35,4.4,27.0,observed
loreto-mexique,Septembre,9,27,33,17,92.5,10.4,3.9,avoid,open-meteo-archive,31.2,8.6,21.3,8.1,0.32,6.0,30.0,observed
loreto-mexique,Octobre,10,24,31,5,17.6,9.4,6.3,mid,open-meteo-archive,29.6,9.3,16.6,7.0,0.29,5.5,29.0,observed
loreto-mexique,Novembre,11,20,27,2,13.6,7.9,9.2,rec,open-meteo-archive,26.2,8.6,12.4,5.7,0.62,5.3,33.0,observed
loreto-mexique,Décembre,12,16,24,4,5.6,8.1,8.8,rec,open-meteo-archive,22.3,7.3,8.8,5.0,0.51,4.5,32.0,observed
ipoh,Janvier,1,23,30,74,6.6,5.8,4.7,mid,open-meteo,,,22.9,7.9,,,19.0,calibrated
ipoh,Février,2,22,30,65,4.9,6.6,4.9,mid,open-meteo,,,22.8,8.9,,,24.0,calibrated
ipoh,Mars,3,23,31,74,6.6,6.2,4.6,mid,open-meteo,,,23.5,9.0,,,32.0,calibrated
ipoh,Avril,4,24,31,92,10.3,4.8,4.3,mid,open-meteo,,,24.0,8.9,,,27.0,calibrated
ipoh,Mai,5,24,31,85,10.7,5.0,4.4,mid,open-meteo,,,24.4,7.5,,,29.0,calibrated
ipoh,Juin,6,24,31,71,7.4,5.7,4.6,mid,open-meteo,,,23.8,7.4,,,28.0,calibrated
ipoh,Juillet,7,24,31,65,5.6,6.2,4.8,mid,open-meteo,,,23.5,7.3,,,38.0,calibrated
ipoh,Août,8,23,31,74,7.8,5.6,4.6,mid,open-meteo,,,23.4,8.1,,,28.0,calibrated
ipoh,Septembre,9,23,30,79,9.5,5.0,4.5,mid,open-meteo,,,23.4,7.4,,,25.0,calibrated
ipoh,Octobre,10,23,30,81,11.2,4.9,4.5,mid,open-meteo,,,23.5,8.3,,,24.0,calibrated
ipoh,Novembre,11,23,29,97,13.3,3.9,4.3,mid,open-meteo,,,23.6,7.2,,,20.0,calibrated
ipoh,Décembre,12,23,29,83,8.8,4.9,4.5,mid,open-meteo,,,23.3,6.4,,,23.0,calibrated
saint-thomas,Janvier,1,25,26,35,1.0,7.0,8.1,rec,open-meteo-archive,26.5,7.5,20.7,6.8,1.36,7.1,27.0,calibrated
saint-thomas,Février,2,24,26,41,1.7,7.2,8.0,rec,open-meteo-archive,26.0,7.6,20.5,7.4,1.3,7.6,29.0,calibrated
saint-thomas,Mars,3,24,26,27,0.9,7.5,8.3,rec,open-meteo-archive,26.3,7.8,20.4,8.7,1.23,7.3,25.0,calibrated
saint-thomas,Avril,4,25,26,36,1.6,7.8,8.1,rec,open-meteo-archive,26.9,7.8,21.2,9.1,1.27,6.9,30.0,calibrated
saint-thomas,Mai,5,26,27,39,2.0,7.5,5.5,mid,open-meteo-archive,28.3,8.2,22.6,8.9,0.97,5.5,24.0,calibrated
saint-thomas,Juin,6,26,28,43,1.9,7.8,5.5,mid,open-meteo-archive,29.1,8.4,23.4,8.6,1.09,5.1,30.0,calibrated
saint-thomas,Juillet,7,27,28,48,2.8,7.3,5.3,mid,open-meteo-archive,29.3,8.0,23.7,8.7,1.3,5.5,34.0,calibrated
saint-thomas,Août,8,27,28,54,3.6,6.7,5.2,mid,open-meteo-archive,29.7,7.9,24.0,8.9,1.26,5.5,25.0,calibrated
saint-thomas,Septembre,9,27,29,56,4.4,6.5,5.1,mid,open-meteo-archive,30.2,8.3,24.1,8.7,0.97,5.7,18.0,calibrated
saint-thomas,Octobre,10,27,28,59,4.2,6.0,5.0,mid,open-meteo-archive,29.9,8.0,23.6,7.4,1.01,7.5,27.0,calibrated
saint-thomas,Novembre,11,26,28,57,4.4,5.9,5.1,mid,open-meteo-archive,28.8,7.7,22.7,6.1,1.29,7.4,25.0,calibrated
saint-thomas,Décembre,12,26,27,45,1.5,6.5,7.9,rec,open-meteo-archive,27.5,7.7,21.5,6.2,1.31,6.7,29.0,calibrated
saint-vincent,Janvier,1,24,27,51,1.8,6.6,7.8,rec,open-meteo-archive,26.9,7.2,20.8,7.3,1.61,7.2,29.0,calibrated
saint-vincent,Février,2,24,27,42,1.5,7.5,8.1,rec,open-meteo-archive,26.5,7.7,20.4,8.0,1.33,7.1,38.0,calibrated
saint-vincent,Mars,3,24,28,49,1.4,7.1,7.9,rec,open-meteo-archive,26.8,7.9,20.7,8.9,1.3,8.1,24.0,calibrated
saint-vincent,Avril,4,25,28,43,1.3,7.6,8.1,rec,open-meteo-archive,27.3,8.0,21.4,9.2,1.3,7.1,34.0,calibrated
saint-vincent,Mai,5,25,29,48,1.7,7.2,5.3,mid,open-meteo-archive,27.9,8.1,22.3,8.9,1.34,7.0,40.0,calibrated
saint-vincent,Juin,6,26,29,68,3.2,6.3,4.8,mid,open-meteo-archive,28.7,7.8,22.9,8.6,1.37,6.5,42.0,calibrated
saint-vincent,Juillet,7,25,29,76,3.8,6.0,4.7,mid,open-meteo-archive,28.9,7.6,23.3,8.3,1.43,6.7,44.0,calibrated
saint-vincent,Août,8,26,29,74,4.1,5.9,4.7,mid,open-meteo-archive,29.7,8.0,23.7,8.6,1.05,6.7,26.0,calibrated
saint-vincent,Septembre,9,26,29,66,3.8,6.4,4.9,mid,open-meteo-archive,30.2,8.2,23.8,8.5,0.88,7.2,19.0,calibrated
saint-vincent,Octobre,10,26,29,69,3.6,5.9,4.8,mid,open-meteo-archive,30.0,8.0,23.6,8.2,1.11,7.7,27.0,calibrated
saint-vincent,Novembre,11,25,28,76,4.4,5.7,4.7,mid,open-meteo-archive,28.8,7.5,23.0,7.1,1.26,7.9,21.0,calibrated
saint-vincent,Décembre,12,25,28,54,1.9,6.4,7.8,rec,open-meteo-archive,27.9,7.6,21.7,6.7,1.44,7.8,31.0,calibrated
santa-fe,Janvier,1,-6,3,15,24.4,6.0,1.6,avoid,open-meteo-archive,,,-9.4,3.6,,,31.0,calibrated
santa-fe,Février,2,-4,6,19,22.6,7.0,1.7,avoid,open-meteo-archive,,,-7.9,4.7,,,35.0,calibrated
santa-fe,Mars,3,-1,12,19,25.5,7.1,4.4,mid,open-meteo-archive,,,-6.8,6.2,,,37.0,calibrated
santa-fe,Avril,4,3,17,13,19.3,8.3,7.6,rec,open-meteo-archive,,,-7.6,7.6,,,42.0,calibrated
santa-fe,Mai,5,8,22,20,26.1,8.6,8.2,rec,open-meteo-archive,,,-4.0,8.4,,,46.0,calibrated
santa-fe,Juin,6,14,28,14,23.8,9.2,9.1,rec,open-meteo-archive,,,0.9,8.4,,,38.0,calibrated
santa-fe,Juillet,7,16,29,28,37.2,8.3,5.8,mid,open-meteo-archive,,,6.7,8.7,,,40.0,calibrated
santa-fe,Août,8,15,27,23,31.1,8.0,8.6,rec,open-meteo-archive,,,7.1,8.2,,,36.0,calibrated
santa-fe,Septembre,9,13,24,16,28.9,7.8,8.4,rec,open-meteo-archive,,,3.6,7.2,,,32.0,calibrated
santa-fe,Octobre,10,6,17,16,29.0,6.9,4.8,mid,open-meteo-archive,,,-1.7,5.7,,,31.0,calibrated
santa-fe,Novembre,11,0,10,15,24.9,6.5,4.4,mid,open-meteo-archive,,,-6.3,4.1,,,33.0,calibrated
santa-fe,Décembre,12,-4,5,17,24.8,5.8,1.5,avoid,open-meteo-archive,,,-9.5,3.6,,,28.0,calibrated
saint-augustine,Janvier,1,11,18,23,1.9,5.6,7.4,rec,open-meteo-archive,18.2,4.9,10.2,4.1,0.67,7.8,29.0,calibrated
saint-augustine,Février,2,14,20,27,2.0,6.3,7.6,rec,open-meteo-archive,18.8,5.3,12.5,5.2,0.83,8.8,36.0,calibrated
saint-augustine,Mars,3,16,22,26,1.7,6.5,7.9,rec,open-meteo-archive,20.7,6.2,14.1,6.4,0.75,8.4,36.0,calibrated
saint-augustine,Avril,4,18,24,30,2.9,7.3,8.0,rec,open-meteo-archive,22.5,7.0,16.2,7.7,0.62,8.0,40.0,calibrated
saint-augustine,Mai,5,21,27,31,2.4,7.5,8.3,rec,open-meteo-archive,24.9,8.2,19.2,8.0,0.48,7.1,37.0,calibrated
saint-augustine,Juin,6,24,29,59,4.1,6.2,5.0,mid,open-meteo-archive,26.9,8.3,22.8,8.4,0.63,6.3,34.0,calibrated
saint-augustine,Juillet,7,25,30,69,4.5,5.8,4.7,mid,open-meteo-archive,29.3,8.5,24.1,8.2,0.45,7.1,36.0,calibrated
saint-augustine,Août,8,25,30,74,4.9,5.4,4.6,mid,open-meteo-archive,29.5,8.4,24.2,7.9,0.6,7.2,32.0,calibrated
saint-augustine,Septembre,9,24,28,64,6.6,5.3,4.9,mid,open-meteo-archive,29.0,7.9,22.7,6.6,0.87,7.5,30.0,calibrated
saint-augustine,Octobre,10,22,26,39,4.0,6.0,7.9,rec,open-meteo-archive,25.2,7.5,19.1,5.3,1.0,8.3,38.0,calibrated
saint-augustine,Novembre,11,18,22,30,2.8,5.5,7.7,rec,open-meteo-archive,21.5,6.1,15.7,4.8,0.8,7.9,33.0,calibrated
saint-augustine,Décembre,12,15,20,23,1.7,5.4,7.6,rec,open-meteo-archive,18.8,5.2,13.3,3.9,0.9,7.3,32.0,calibrated
procida,Janvier,1,8,13,38,3.1,4.3,4.2,mid,open-meteo-archive,16.6,3.6,5.7,2.4,1.12,5.5,28.0,calibrated
procida,Février,2,9,14,35,3.1,5.6,4.3,mid,open-meteo-archive,14.7,3.6,6.6,3.6,1.06,5.7,34.0,calibrated
procida,Mars,3,10,15,38,2.3,5.7,4.3,mid,open-meteo-archive,14.8,3.5,7.3,4.9,1.21,5.6,37.0,calibrated
procida,Avril,4,12,17,29,1.8,7.1,7.3,rec,open-meteo-archive,15.7,4.4,9.5,6.4,0.89,5.3,38.0,calibrated
procida,Mai,5,16,21,27,1.8,7.7,7.8,rec,open-meteo-archive,19.0,6.0,13.4,7.2,0.66,4.9,39.0,calibrated
procida,Juin,6,20,26,11,0.6,9.3,9.0,rec,open-meteo-archive,24.5,8.3,17.0,7.7,0.65,4.7,40.0,calibrated
procida,Juillet,7,23,29,6,0.2,9.5,9.3,rec,open-meteo-archive,27.2,9.3,19.7,7.8,0.54,4.3,40.0,calibrated
procida,Août,8,24,29,10,0.6,8.6,9.0,rec,open-meteo-archive,25.7,9.1,19.9,7.3,0.46,4.1,40.0,calibrated
procida,Septembre,9,21,26,29,2.4,6.9,8.2,rec,open-meteo-archive,25.0,7.8,16.7,5.7,0.94,5.0,35.0,calibrated
procida,Octobre,10,17,22,36,3.6,5.4,7.6,rec,open-meteo-archive,23.9,6.7,14.7,4.3,0.74,5.1,31.0,calibrated
procida,Novembre,11,14,18,48,5.4,4.2,4.4,mid,open-meteo-archive,20.3,4.7,11.1,3.0,0.93,5.0,29.0,calibrated
procida,Décembre,12,10,15,30,2.8,4.5,4.3,mid,open-meteo-archive,17.8,3.9,7.7,2.4,1.13,5.6,27.0,calibrated
merida,Janvier,1,19,28,17,0.8,6.7,8.7,rec,open-meteo-archive,,,17.7,5.6,,,22.0,observed
merida,Février,2,20,31,12,0.7,7.3,5.9,mid,open-meteo-archive,,,17.6,7.1,,,27.0,observed
merida,Mars,3,22,33,10,0.5,7.8,5.5,mid,open-meteo-archive,,,18.3,8.1,,,25.0,observed
merida,Avril,4,23,36,12,0.7,8.5,4.8,mid,open-meteo-archive,,,19.4,8.9,,,31.0,observed
merida,Mai,5,24,36,19,1.4,8.8,4.7,mid,open-meteo-archive,,,20.8,9.0,,,31.0,observed
merida,Juin,6,24,34,54,5.0,7.7,4.5,mid,open-meteo-archive,,,22.9,7.8,,,22.0,observed
merida,Juillet,7,24,34,41,2.2,7.9,4.7,mid,open-meteo-archive,,,23.0,8.6,,,36.0,observed
merida,Août,8,24,34,55,3.5,8.0,4.5,mid,open-meteo-archive,,,23.6,8.6,,,30.0,observed
merida,Septembre,9,24,33,61,3.4,7.0,4.6,mid,open-meteo-archive,,,23.6,8.2,,,23.0,observed
merida,Octobre,10,23,32,49,3.6,7.0,4.9,mid,open-meteo-archive,,,22.4,6.8,,,23.0,observed
merida,Novembre,11,21,30,31,1.6,7.1,5.5,mid,open-meteo-archive,,,20.5,6.0,,,25.0,observed
merida,Décembre,12,20,30,20,1.0,6.5,5.7,mid,open-meteo-archive,,,19.1,5.3,,,28.0,observed
palau,Janvier,1,25,28,80,278.3,6.4,6.4,avoid,open-meteo-archive,29.1,6.6,23.5,7.7,1.82,7.4,23.0,observed
palau,Février,2,25,28,73,243.8,6.9,6.7,avoid,open-meteo-archive,28.9,6.8,23.1,8.5,1.88,7.1,24.0,observed
palau,Mars,3,25,28,68,190.3,7.9,6.9,avoid,open-meteo-archive,29.1,7.1,23.1,9.2,1.64,7.1,22.0,observed
palau,Avril,4,25,29,82,265.1,7.8,6.4,avoid,open-meteo-archive,29.9,7.4,23.8,8.9,1.44,6.7,19.0,observed
palau,Mai,5,25,29,90,349.5,6.8,6.0,avoid,open-meteo-archive,29.9,7.4,24.3,8.2,1.2,6.4,16.0,observed
palau,Juin,6,25,28,97,421.0,5.6,5.7,avoid,open-meteo-archive,29.4,7.4,24.2,7.6,0.87,6.9,12.0,observed
palau,Juillet,7,25,28,90,479.6,6.0,6.0,avoid,open-meteo-archive,29.4,7.3,24.0,6.9,0.91,7.9,13.0,observed
palau,Août,8,25,28,86,408.4,5.7,6.1,avoid,open-meteo-archive,28.8,7.5,24.0,8.4,0.78,8.2,12.0,observed
palau,Septembre,9,25,28,89,384.5,6.6,6.1,avoid,open-meteo-archive,29.1,7.4,24.0,7.6,0.96,7.6,16.0,observed
palau,Octobre,10,25,29,89,395.7,5.8,5.9,avoid,open-meteo-archive,29.4,7.5,24.1,8.2,1.0,8.9,15.0,observed
palau,Novembre,11,25,28,91,337.6,6.1,6.0,avoid,open-meteo-archive,29.8,7.3,24.1,7.6,1.16,7.3,15.0,observed
palau,Décembre,12,25,28,85,311.3,5.9,6.1,avoid,open-meteo-archive,29.7,7.1,24.0,6.7,1.36,7.0,17.0,observed
douchanbé,Janvier,1,-3,9,34,2.1,3.9,4.1,mid,open-meteo-archive,,,-3.7,2.4,,,31.0,observed
douchanbé,Février,2,-1,12,37,2.6,4.3,4.1,mid,open-meteo-archive,,,-1.6,3.3,,,32.0,observed
douchanbé,Mars,3,5,16,44,3.1,5.0,4.3,mid,open-meteo-archive,,,3.5,4.7,,,37.0,observed
douchanbé,Avril,4,9,22,36,3.1,6.6,7.7,rec,open-meteo-archive,,,7.1,5.4,,,36.0,observed
douchanbé,Mai,5,13,26,30,2.3,9.1,8.4,rec,open-meteo-archive,,,10.5,7.2,,,40.0,observed
douchanbé,Juin,6,17,32,7,0.3,11.2,8.9,rec,open-meteo-archive,,,9.9,7.9,,,39.0,observed
douchanbé,Juillet,7,21,36,2,0.1,11.4,5.2,mid,open-meteo-archive,,,10.4,7.9,,,43.0,observed
douchanbé,Août,8,18,34,2,0.1,10.9,5.7,mid,open-meteo-archive,,,6.8,7.5,,,44.0,observed
douchanbé,Septembre,9,14,30,3,0.1,9.6,9.3,rec,open-meteo-archive,,,4.0,6.3,,,36.0,observed
douchanbé,Octobre,10,8,22,15,1.1,7.2,8.2,rec,open-meteo-archive,,,3.0,4.4,,,37.0,observed
douchanbé,Novembre,11,3,14,25,1.9,5.5,4.4,mid,open-meteo-archive,,,0.9,3.1,,,31.0,observed
douchanbé,Décembre,12,0,10,25,1.3,3.8,4.2,mid,open-meteo-archive,,,-2.5,2.7,,,45.0,observed
poznan,Janvier,1,-1,3,45,1.6,1.6,0.6,avoid,open-meteo-archive,,,-1.6,1.0,,,40.0,observed
poznan,Février,2,0,6,39,1.6,2.5,0.8,avoid,open-meteo-archive,,,-0.9,1.3,,,42.0,observed
poznan,Mars,3,1,9,35,1.2,4.0,4.1,mid,open-meteo-archive,,,0.3,2.8,,,50.0,observed
poznan,Avril,4,4,13,32,1.2,7.0,4.3,mid,open-meteo-archive,,,3.0,4.4,,,32.0,observed
poznan,Mai,5,9,18,32,1.8,8.2,7.4,rec,open-meteo-archive,,,7.3,5.9,,,30.0,observed
poznan,Juin,6,14,24,36,2.2,8.6,8.1,rec,open-meteo-archive,,,11.6,6.1,,,29.0,observed
poznan,Juillet,7,15,25,37,2.4,8.7,8.1,rec,open-meteo-archive,,,12.7,6.2,,,29.0,observed
poznan,Août,8,15,25,33,2.0,8.2,8.2,rec,open-meteo-archive,,,13.1,5.3,,,30.0,observed
poznan,Septembre,9,12,20,26,1.6,5.5,7.5,rec,open-meteo-archive,,,10.3,3.8,,,28.0,observed
poznan,Octobre,10,7,14,34,1.8,3.6,4.2,mid,open-meteo-archive,,,7.3,2.4,,,32.0,observed
poznan,Novembre,11,3,8,30,1.3,1.8,1.0,avoid,open-meteo-archive,,,3.3,1.2,,,45.0,observed
poznan,Décembre,12,0,4,34,1.4,1.2,0.7,avoid,open-meteo-archive,,,0.6,0.7,,,52.0,observed
palm-springs,Janvier,1,10,19,12,41.4,6.2,5.1,mid,open-meteo-archive,,,-0.7,3.8,,,23.0,calibrated
palm-springs,Février,2,11,22,8,32.6,7.5,8.4,rec,open-meteo-archive,,,-2.1,4.7,,,27.0,calibrated
palm-springs,Mars,3,12,24,10,24.7,7.7,8.6,rec,open-meteo-archive,,,0.7,6.4,,,34.0,calibrated
palm-springs,Avril,4,16,30,5,9.2,8.8,9.1,rec,open-meteo-archive,,,0.5,7.9,,,40.0,calibrated
palm-springs,Mai,5,19,33,3,2.9,9.4,8.5,rec,open-meteo-archive,,,4.2,8.5,,,48.0,calibrated
palm-springs,Juin,6,24,39,1,0.9,10.1,3.1,avoid,open-meteo-archive,,,5.4,8.8,,,50.0,calibrated
palm-springs,Juillet,7,28,41,4,5.8,9.6,2.4,avoid,open-meteo-archive,,,9.4,8.8,,,53.0,calibrated
palm-springs,Août,8,28,40,4,10.3,9.0,2.5,avoid,open-meteo-archive,,,9.5,8.4,,,41.0,calibrated
palm-springs,Septembre,9,24,37,5,10.8,8.4,4.7,mid,open-meteo-archive,,,7.0,7.4,,,44.0,calibrated
palm-springs,Octobre,10,18,31,3,4.9,7.6,8.9,rec,open-meteo-archive,,,1.4,6.0,,,35.0,calibrated
palm-springs,Novembre,11,13,24,4,11.3,7.1,8.7,rec,open-meteo-archive,,,-3.3,4.6,,,28.0,calibrated
palm-springs,Décembre,12,9,18,12,35.8,5.9,4.9,mid,open-meteo-archive,,,-2.7,3.8,,,27.0,calibrated
lake-tahoe,Janvier,1,-2,4,33,4.3,4.8,1.0,avoid,open-meteo-archive,,,-3.6,2.8,,,33.0,calibrated
lake-tahoe,Février,2,-3,4,34,4.1,5.9,1.1,avoid,open-meteo-archive,,,-5.0,4.1,,,38.0,calibrated
lake-tahoe,Mars,3,-2,5,37,3.7,6.0,1.1,avoid,open-meteo-archive,,,-3.7,5.8,,,42.0,calibrated
lake-tahoe,Avril,4,1,10,24,1.6,7.7,4.3,mid,open-meteo-archive,,,-1.7,7.4,,,44.0,calibrated
lake-tahoe,Mai,5,5,15,27,1.4,8.1,7.2,rec,open-meteo-archive,,,1.2,8.2,,,46.0,calibrated
lake-tahoe,Juin,6,10,22,9,0.3,9.5,8.6,rec,open-meteo-archive,,,3.3,8.6,,,41.0,calibrated
lake-tahoe,Juillet,7,15,27,6,0.3,9.5,9.3,rec,open-meteo-archive,,,5.1,8.4,,,45.0,calibrated
lake-tahoe,Août,8,15,26,6,0.3,8.9,9.1,rec,open-meteo-archive,,,5.4,7.8,,,40.0,calibrated
lake-tahoe,Septembre,9,12,22,11,0.7,8.0,8.4,rec,open-meteo-archive,,,3.4,6.7,,,38.0,calibrated
lake-tahoe,Octobre,10,6,16,14,1.7,6.8,7.4,rec,open-meteo-archive,,,0.3,5.1,,,32.0,calibrated
lake-tahoe,Novembre,11,1,8,27,2.3,5.6,4.2,mid,open-meteo-archive,,,-2.3,3.4,,,36.0,calibrated
lake-tahoe,Décembre,12,-3,4,33,4.4,4.4,1.0,avoid,open-meteo-archive,,,-3.8,2.6,,,36.0,calibrated
skiathos,Janvier,1,10,13,41,3.9,4.1,4.1,mid,open-meteo-archive,15.2,3.4,5.6,2.5,1.04,5.1,28.0,calibrated
skiathos,Février,2,11,14,34,2.8,5.2,4.3,mid,open-meteo-archive,15.0,3.9,6.9,3.8,0.63,4.5,31.0,calibrated
skiathos,Mars,3,12,14,30,2.5,5.8,4.3,mid,open-meteo-archive,14.9,4.0,7.6,5.1,0.46,4.2,36.0,calibrated
skiathos,Avril,4,14,16,17,1.5,7.6,7.4,rec,open-meteo-archive,15.6,4.6,10.3,6.6,0.48,4.1,39.0,calibrated
skiathos,Mai,5,18,20,16,1.2,8.2,8.0,rec,open-meteo-archive,17.3,5.7,14.2,6.9,0.48,3.8,36.0,calibrated
skiathos,Juin,6,22,24,11,1.0,9.4,8.8,rec,open-meteo-archive,22.7,7.7,18.6,8.1,0.35,3.9,38.0,calibrated
skiathos,Juillet,7,25,27,6,0.8,9.4,9.3,rec,open-meteo-archive,26.6,9.0,20.3,8.0,0.44,4.0,40.0,calibrated
skiathos,Août,8,26,27,10,0.7,8.7,9.0,rec,open-meteo-archive,26.6,8.9,20.4,7.5,0.39,3.9,39.0,calibrated
skiathos,Septembre,9,23,25,21,3.3,7.2,8.3,rec,open-meteo-archive,24.7,7.9,17.6,6.2,0.41,3.7,35.0,calibrated
skiathos,Octobre,10,19,21,20,1.6,5.9,7.8,rec,open-meteo-archive,23.2,6.5,14.3,4.6,0.54,4.2,33.0,calibrated
skiathos,Novembre,11,16,18,25,2.4,5.1,7.3,rec,open-meteo-archive,19.9,5.0,11.3,2.8,0.81,4.6,29.0,calibrated
skiathos,Décembre,12,13,15,34,3.3,4.3,4.3,mid,open-meteo-archive,17.0,3.9,7.7,2.1,0.89,4.9,27.0,calibrated
san-miguel-de-allende,Janvier,1,8,22,5,0.2,7.6,8.5,rec,open-meteo-archive,,,3.0,6.2,,,27.0,calibrated
san-miguel-de-allende,Février,2,9,25,6,0.2,8.4,8.9,rec,open-meteo-archive,,,2.9,7.6,,,34.0,calibrated
san-miguel-de-allende,Mars,3,11,27,9,0.6,8.3,9.0,rec,open-meteo-archive,,,3.3,9.0,,,36.0,calibrated
san-miguel-de-allende,Avril,4,14,29,9,0.4,8.9,9.1,rec,open-meteo-archive,,,3.8,9.4,,,40.0,calibrated
san-miguel-de-allende,Mai,5,14,29,24,1.2,8.3,8.6,rec,open-meteo-archive,,,7.4,9.6,,,47.0,calibrated
san-miguel-de-allende,Juin,6,14,26,42,3.5,7.4,8.0,rec,open-meteo-archive,,,11.4,9.2,,,35.0,calibrated
san-miguel-de-allende,Juillet,7,14,25,54,3.5,6.7,7.6,rec,open-meteo-archive,,,12.9,8.4,,,28.0,calibrated
san-miguel-de-allende,Août,8,14,25,48,3.7,6.7,7.7,rec,open-meteo-archive,,,12.9,8.6,,,27.0,calibrated
san-miguel-de-allende,Septembre,9,14,24,45,3.6,6.6,7.7,rec,open-meteo-archive,,,12.6,8.2,,,27.0,calibrated
san-miguel-de-allende,Octobre,10,13,24,24,1.4,7.0,8.1,rec,open-meteo-archive,,,10.3,7.8,,,31.0,calibrated
san-miguel-de-allende,Novembre,11,10,23,8,0.5,7.6,8.5,rec,open-meteo-archive,,,7.5,6.9,,,35.0,calibrated
san-miguel-de-allende,Décembre,12,9,22,6,0.3,7.4,8.4,rec,open-meteo-archive,,,4.8,6.2,,,37.0,calibrated
quy-nhon,Janvier,1,22,25,57,3.4,5.0,7.4,rec,open-meteo-archive,23.9,6.2,20.0,6.6,1.47,6.4,35.0,observed
quy-nhon,Février,2,21,25,42,1.8,6.6,7.8,rec,open-meteo-archive,24.5,7.2,20.3,7.8,0.98,6.0,32.0,observed
quy-nhon,Mars,3,23,27,30,1.3,7.7,5.7,mid,open-meteo-archive,25.2,8.0,22.1,8.8,0.94,6.0,36.0,observed
quy-nhon,Avril,4,25,29,28,1.5,8.7,5.8,mid,open-meteo-archive,27.4,8.7,23.7,9.2,0.81,5.0,33.0,observed
quy-nhon,Mai,5,26,31,47,2.4,8.8,5.3,mid,open-meteo-archive,28.6,8.6,25.0,8.2,0.62,6.1,31.0,observed
quy-nhon,Juin,6,27,33,35,2.1,8.3,5.0,mid,open-meteo-archive,29.1,8.6,24.4,8.4,0.59,4.5,36.0,observed
quy-nhon,Juillet,7,27,33,47,3.0,8.0,4.8,mid,open-meteo-archive,27.7,8.2,23.7,7.9,0.57,5.0,29.0,observed
quy-nhon,Août,8,27,33,44,3.0,7.6,4.8,mid,open-meteo-archive,28.0,8.3,23.8,8.9,0.54,4.8,42.0,observed
quy-nhon,Septembre,9,26,31,76,7.1,6.6,4.6,mid,open-meteo-archive,29.9,8.2,24.2,8.0,0.61,6.8,27.0,observed
quy-nhon,Octobre,10,25,28,85,11.2,5.3,4.6,mid,open-meteo-archive,29.8,7.2,23.5,6.4,1.23,7.4,34.0,observed
quy-nhon,Novembre,11,24,27,82,11.7,4.1,4.5,mid,open-meteo-archive,27.9,6.4,22.8,6.6,1.67,7.8,38.0,observed
quy-nhon,Décembre,12,23,26,80,8.2,3.6,4.5,mid,open-meteo-archive,26.1,5.7,20.9,3.9,2.19,7.5,36.0,observed
tolede,Janvier,1,2,11,19,1.2,4.9,4.3,mid,open-meteo-archive,,,2.2,2.6,,,24.0,observed
tolede,Février,2,3,14,18,0.9,6.5,4.5,mid,open-meteo-archive,,,2.7,3.7,,,30.0,observed
tolede,Mars,3,6,16,30,1.9,7.4,7.2,rec,open-meteo-archive,,,3.4,5.1,,,30.0,observed
tolede,Avril,4,9,19,31,1.7,8.7,7.6,rec,open-meteo-archive,,,4.9,6.8,,,29.0,observed
tolede,Mai,5,13,25,18,1.1,9.6,8.7,rec,open-meteo-archive,,,6.5,7.5,,,29.0,observed
tolede,Juin,6,17,30,15,0.7,11.7,9.2,rec,open-meteo-archive,,,8.3,7.6,,,29.0,observed
tolede,Juillet,7,21,35,3,0.2,12.6,5.6,mid,open-meteo-archive,,,7.7,8.1,,,31.0,observed
tolede,Août,8,21,34,5,0.3,11.6,5.7,mid,open-meteo-archive,,,8.6,7.5,,,31.0,observed
tolede,Septembre,9,16,28,12,1.2,9.1,9.2,rec,open-meteo-archive,,,9.5,6.1,,,26.0,observed
tolede,Octobre,10,12,22,25,2.0,7.0,8.0,rec,open-meteo-archive,,,8.6,4.2,,,22.0,observed
tolede,Novembre,11,6,15,28,1.6,5.4,4.4,mid,open-meteo-archive,,,6.4,2.9,,,25.0,observed
tolede,Décembre,12,4,12,21,1.4,4.4,4.3,mid,open-meteo-archive,,,4.4,2.6,,,23.0,observed
trinidad-cuba,Janvier,1,20,28,16,0.7,7.3,8.8,rec,open-meteo-archive,,,17.4,6.0,,,24.0,calibrated
trinidad-cuba,Février,2,20,29,18,1.0,7.9,8.7,rec,open-meteo-archive,,,17.5,7.1,,,29.0,calibrated
trinidad-cuba,Mars,3,20,30,18,1.0,7.7,5.9,mid,open-meteo-archive,,,17.7,8.2,,,26.0,calibrated
trinidad-cuba,Avril,4,22,31,34,1.5,7.8,5.5,mid,open-meteo-archive,,,19.1,8.8,,,29.0,calibrated
trinidad-cuba,Mai,5,23,31,64,5.3,6.2,4.8,mid,open-meteo-archive,,,21.2,8.8,,,23.0,calibrated
trinidad-cuba,Juin,6,24,31,63,4.6,6.4,4.8,mid,open-meteo-archive,,,22.6,7.9,,,21.0,calibrated
trinidad-cuba,Juillet,7,24,33,51,2.6,7.2,4.7,mid,open-meteo-archive,,,22.7,8.8,,,24.0,calibrated
trinidad-cuba,Août,8,24,33,63,4.2,6.3,4.5,mid,open-meteo-archive,,,22.9,8.5,,,19.0,calibrated
trinidad-cuba,Septembre,9,24,32,65,5.8,6.0,4.6,mid,open-meteo-archive,,,23.1,7.9,,,17.0,calibrated
trinidad-cuba,Octobre,10,23,30,60,5.2,5.7,4.9,mid,open-meteo-archive,,,22.2,7.1,,,21.0,calibrated
trinidad-cuba,Novembre,11,22,29,32,1.8,6.6,8.2,rec,open-meteo-archive,,,20.3,5.6,,,25.0,calibrated
trinidad-cuba,Décembre,12,20,29,10,1.0,7.3,8.8,rec,open-meteo-archive,,,18.9,5.2,,,26.0,calibrated
courchevel,Janvier,1,-9,-1,46,5.7,4.3,0.8,avoid,open-meteo,,,-11.0,2.1,,,25.0,calibrated
courchevel,Février,2,-7,2,42,3.8,5.2,0.9,avoid,open-meteo,,,-9.3,3.1,,,26.0,calibrated
courchevel,Mars,3,-6,3,46,4.6,5.6,0.9,avoid,open-meteo,,,-6.5,4.1,,,29.0,calibrated
courchevel,Avril,4,-3,6,44,3.4,6.5,1.0,avoid,open-meteo,,,-3.4,5.8,,,31.0,calibrated
courchevel,Mai,5,0,10,67,5.1,5.7,0.8,avoid,open-meteo,,,1.6,6.0,,,28.0,calibrated
courchevel,Juin,6,6,16,67,4.6,6.5,4.2,mid,open-meteo,,,6.9,6.1,,,27.0,calibrated
courchevel,Juillet,7,8,19,54,3.9,7.4,4.5,mid,open-meteo,,,8.3,7.3,,,26.0,calibrated
courchevel,Août,8,8,19,45,3.6,7.3,7.3,rec,open-meteo,,,7.8,6.6,,,27.0,calibrated
courchevel,Septembre,9,4,14,46,3.7,6.1,4.2,mid,open-meteo,,,4.8,4.5,,,25.0,calibrated
courchevel,Octobre,10,1,11,40,3.8,5.6,4.1,mid,open-meteo,,,1.1,3.1,,,22.0,calibrated
courchevel,Novembre,11,-6,3,47,5.0,4.4,0.8,avoid,open-meteo,,,-5.4,2.4,,,26.0,calibrated
courchevel,Décembre,12,-8,0,45,6.2,4.0,0.8,avoid,open-meteo,,,-9.5,1.9,,,28.0,calibrated
meribel,Janvier,1,-8,1,43,6.0,4.4,0.8,avoid,open-meteo,,,-8.4,2.1,,,25.0,calibrated
meribel,Février,2,-5,4,39,3.8,5.3,1.0,avoid,open-meteo,,,-6.2,3.1,,,26.0,calibrated
meribel,Mars,3,-4,5,43,4.6,5.7,0.9,avoid,open-meteo,,,-3.7,4.1,,,29.0,calibrated
meribel,Avril,4,-1,8,43,3.7,6.6,4.1,mid,open-meteo,,,-1.0,5.8,,,31.0,calibrated
meribel,Mai,5,2,12,66,5.3,5.9,1.0,avoid,open-meteo,,,4.0,6.0,,,28.0,calibrated
meribel,Juin,6,8,18,66,4.8,6.6,4.3,mid,open-meteo,,,9.2,6.1,,,26.0,calibrated
meribel,Juillet,7,10,21,47,3.5,7.8,7.5,rec,open-meteo,,,10.3,7.3,,,26.0,calibrated
meribel,Août,8,10,21,44,3.6,7.3,7.5,rec,open-meteo,,,9.9,6.6,,,27.0,calibrated
meribel,Septembre,9,6,16,46,3.8,6.1,4.3,mid,open-meteo,,,6.8,4.5,,,25.0,calibrated
meribel,Octobre,10,2,13,39,3.6,5.6,4.2,mid,open-meteo,,,3.2,3.1,,,22.0,calibrated
meribel,Novembre,11,-4,5,45,5.0,4.5,0.8,avoid,open-meteo,,,-3.2,2.4,,,26.0,calibrated
meribel,Décembre,12,-7,2,42,6.3,4.4,0.8,avoid,open-meteo,,,-7.2,1.9,,,27.0,calibrated
tignes,Janvier,1,-11,-4,45,5.6,4.5,0.8,avoid,open-meteo,,,-13.3,2.3,,,25.0,calibrated
tignes,Février,2,-9,-2,43,3.6,5.2,0.9,avoid,open-meteo,,,-11.9,3.5,,,26.0,calibrated
tignes,Mars,3,-9,-1,45,4.5,5.8,0.9,avoid,open-meteo,,,-9.3,4.7,,,29.0,calibrated
tignes,Avril,4,-5,2,45,3.7,6.7,1.0,avoid,open-meteo,,,-5.7,6.4,,,30.0,calibrated
tignes,Mai,5,-1,5,49,3.8,6.8,0.9,avoid,open-meteo,,,-0.4,6.3,,,29.0,calibrated
tignes,Juin,6,4,12,52,2.7,7.4,4.1,mid,open-meteo,,,4.7,6.7,,,28.0,calibrated
tignes,Juillet,7,7,16,42,2.3,8.2,4.5,mid,open-meteo,,,6.2,7.4,,,27.0,calibrated
tignes,Août,8,7,16,41,2.5,7.4,4.4,mid,open-meteo,,,6.0,6.8,,,28.0,calibrated
tignes,Septembre,9,3,12,42,2.8,6.3,4.2,mid,open-meteo,,,3.1,4.5,,,26.0,calibrated
tignes,Octobre,10,0,7,38,3.6,5.7,1.2,avoid,open-meteo,,,-0.8,3.1,,,22.0,calibrated
tignes,Novembre,11,-7,0,44,5.3,4.5,0.8,avoid,open-meteo,,,-7.4,2.7,,,26.0,calibrated
tignes,Décembre,12,-9,-2,46,6.1,4.2,0.8,avoid,open-meteo,,,-11.6,2.0,,,28.0,calibrated
alpe-dhuez,Janvier,1,-8,0,42,5.0,4.5,0.8,avoid,open-meteo,,,-9.6,2.2,,,25.0,calibrated
alpe-dhuez,Février,2,-6,2,37,3.5,5.4,1.0,avoid,open-meteo,,,-7.7,3.3,,,26.0,calibrated
alpe-dhuez,Mars,3,-5,3,45,4.4,5.7,0.9,avoid,open-meteo,,,-5.0,4.6,,,29.0,calibrated
alpe-dhuez,Avril,4,-2,6,48,3.9,6.6,1.0,avoid,open-meteo,,,-2.4,6.1,,,31.0,calibrated
alpe-dhuez,Mai,5,1,10,60,5.3,6.3,1.0,avoid,open-meteo,,,2.5,5.9,,,28.0,calibrated
alpe-dhuez,Juin,6,7,16,59,4.4,7.1,4.2,mid,open-meteo,,,7.3,6.7,,,28.0,calibrated
alpe-dhuez,Juillet,7,9,19,38,2.9,8.3,7.5,rec,open-meteo,,,8.4,7.5,,,27.0,calibrated
alpe-dhuez,Août,8,8,19,35,3.2,7.7,7.5,rec,open-meteo,,,7.9,6.6,,,27.0,calibrated
alpe-dhuez,Septembre,9,5,14,44,3.7,6.2,4.2,mid,open-meteo,,,5.4,4.9,,,25.0,calibrated
alpe-dhuez,Octobre,10,2,11,39,4.4,5.6,4.1,mid,open-meteo,,,1.8,3.3,,,22.0,calibrated
alpe-dhuez,Novembre,11,-4,4,44,5.0,4.5,0.8,avoid,open-meteo,,,-4.3,2.5,,,26.0,calibrated
alpe-dhuez,Décembre,12,-6,2,44,6.2,4.4,0.8,avoid,open-meteo,,,-7.9,2.0,,,28.0,calibrated
les-arcs,Janvier,1,-11,-3,46,6.4,4.3,0.8,avoid,open-meteo,,,-12.5,2.2,,,25.0,calibrated
les-arcs,Février,2,-10,0,43,4.0,5.2,0.9,avoid,open-meteo,,,-10.7,3.2,,,26.0,calibrated
les-arcs,Mars,3,-8,1,45,4.9,5.8,0.9,avoid,open-meteo,,,-8.2,4.5,,,29.0,calibrated
les-arcs,Avril,4,-4,4,43,3.5,6.7,1.0,avoid,open-meteo,,,-5.2,6.2,,,31.0,calibrated
les-arcs,Mai,5,-2,8,57,4.4,6.4,0.9,avoid,open-meteo,,,-0.3,6.2,,,29.0,calibrated
les-arcs,Juin,6,4,14,57,3.4,7.0,4.1,mid,open-meteo,,,4.8,6.5,,,27.0,calibrated
les-arcs,Juillet,7,6,17,49,2.7,7.7,4.4,mid,open-meteo,,,6.1,7.3,,,27.0,calibrated
les-arcs,Août,8,6,18,42,2.7,7.4,7.3,rec,open-meteo,,,5.9,6.6,,,27.0,calibrated
les-arcs,Septembre,9,3,13,44,3.3,6.3,4.2,mid,open-meteo,,,3.0,4.4,,,25.0,calibrated
les-arcs,Octobre,10,-1,9,39,3.8,5.6,4.1,mid,open-meteo,,,-0.7,3.0,,,22.0,calibrated
les-arcs,Novembre,11,-8,1,45,5.4,4.4,0.8,avoid,open-meteo,,,-7.1,2.5,,,26.0,calibrated
les-arcs,Décembre,12,-10,-2,45,6.8,4.2,0.8,avoid,open-meteo,,,-11.1,1.9,,,28.0,calibrated
megeve,Janvier,1,-5,4,46,5.5,4.2,0.8,avoid,open-meteo,,,-5.4,1.9,,,24.0,calibrated
megeve,Février,2,-4,6,42,4.0,5.1,1.0,avoid,open-meteo,,,-3.9,2.7,,,25.0,calibrated
megeve,Mars,3,-2,8,45,4.6,5.9,1.1,avoid,open-meteo,,,-1.5,3.9,,,29.0,calibrated
megeve,Avril,4,1,12,49,4.3,6.5,4.1,mid,open-meteo,,,1.3,5.4,,,31.0,calibrated
megeve,Mai,5,4,15,65,6.3,6.3,4.1,mid,open-meteo,,,6.2,5.6,,,28.0,calibrated
megeve,Juin,6,10,20,63,5.5,6.9,4.5,mid,open-meteo,,,11.0,6.2,,,27.0,calibrated
megeve,Juillet,7,11,23,55,5.3,7.5,7.5,rec,open-meteo,,,12.2,7.0,,,26.0,calibrated
megeve,Août,8,11,23,45,4.7,7.2,7.7,rec,open-meteo,,,12.1,6.3,,,27.0,calibrated
megeve,Septembre,9,8,18,48,4.6,6.0,4.4,mid,open-meteo,,,9.0,4.3,,,25.0,calibrated
megeve,Octobre,10,4,15,40,4.5,5.6,4.3,mid,open-meteo,,,5.3,3.0,,,21.0,calibrated
megeve,Novembre,11,-1,8,48,5.5,4.4,0.9,avoid,open-meteo,,,0.1,2.3,,,25.0,calibrated
megeve,Décembre,12,-4,5,46,6.4,4.2,0.8,avoid,open-meteo,,,-4.2,1.6,,,26.0,calibrated
morzine,Janvier,1,-4,4,47,5.7,4.0,0.7,avoid,open-meteo,,,-5.2,1.7,,,25.0,calibrated
morzine,Février,2,-3,6,42,4.2,5.1,1.0,avoid,open-meteo,,,-3.7,2.5,,,26.0,calibrated
morzine,Mars,3,-1,8,44,4.7,5.9,1.1,avoid,open-meteo,,,-1.2,3.7,,,30.0,calibrated
morzine,Avril,4,1,13,45,4.4,6.7,4.2,mid,open-meteo,,,1.4,5.3,,,32.0,calibrated
morzine,Mai,5,5,16,58,6.0,6.6,4.2,mid,open-meteo,,,6.4,5.2,,,29.0,calibrated
morzine,Juin,6,11,21,56,6.1,7.2,7.3,rec,open-meteo,,,11.2,6.0,,,28.0,calibrated
morzine,Juillet,7,12,22,47,5.5,7.8,7.6,rec,open-meteo,,,12.1,6.7,,,27.0,calibrated
morzine,Août,8,13,23,40,4.2,7.5,7.8,rec,open-meteo,,,11.9,6.1,,,29.0,calibrated
morzine,Septembre,9,10,18,45,4.7,6.2,4.5,mid,open-meteo,,,9.2,4.1,,,26.0,calibrated
morzine,Octobre,10,5,14,39,4.9,5.6,4.2,mid,open-meteo,,,5.6,2.7,,,22.0,calibrated
morzine,Novembre,11,0,8,47,5.4,4.3,0.9,avoid,open-meteo,,,0.3,2.2,,,26.0,calibrated
morzine,Décembre,12,-3,6,45,5.9,4.1,0.8,avoid,open-meteo,,,-3.9,1.5,,,27.0,calibrated
verbier,Janvier,1,-8,1,47,5.1,4.3,0.8,avoid,open-meteo,,,-10.5,2.0,,,22.0,calibrated
verbier,Février,2,-6,4,43,4.0,5.1,0.9,avoid,open-meteo,,,-8.6,2.8,,,24.0,calibrated
verbier,Mars,3,-4,5,47,4.4,5.6,0.9,avoid,open-meteo,,,-6.2,4.0,,,27.0,calibrated
verbier,Avril,4,-2,8,44,4.3,6.7,4.1,mid,open-meteo,,,-3.2,5.8,,,30.0,calibrated
verbier,Mai,5,2,12,60,5.9,6.2,1.1,avoid,open-meteo,,,2.2,6.0,,,28.0,calibrated
verbier,Juin,6,7,18,58,5.4,7.0,4.4,mid,open-meteo,,,7.6,6.5,,,26.0,calibrated
verbier,Juillet,7,9,20,52,4.9,7.5,7.3,rec,open-meteo,,,9.0,7.2,,,26.0,calibrated
verbier,Août,8,9,20,44,4.2,7.3,7.4,rec,open-meteo,,,8.7,6.6,,,27.0,calibrated
verbier,Septembre,9,6,16,45,4.6,6.2,4.3,mid,open-meteo,,,5.6,4.5,,,24.0,calibrated
verbier,Octobre,10,2,12,40,4.4,5.6,4.2,mid,open-meteo,,,1.4,3.1,,,20.0,calibrated
verbier,Novembre,11,-3,5,48,5.2,4.3,0.8,avoid,open-meteo,,,-4.7,2.3,,,23.0,calibrated
verbier,Décembre,12,-6,2,43,5.2,4.3,0.8,avoid,open-meteo,,,-9.1,1.7,,,25.0,calibrated
zermatt,Janvier,1,-7,-1,42,3.7,2.7,0.7,avoid,open-meteo,,,-9.8,2.4,,,26.0,observed
zermatt,Février,2,-5,2,37,2.5,3.9,0.9,avoid,open-meteo,,,-8.2,3.5,,,26.0,observed
zermatt,Mars,3,-5,2,40,3.6,4.9,0.9,avoid,open-meteo,,,-6.0,4.6,,,29.0,observed
zermatt,Avril,4,-2,6,39,4.0,4.9,1.0,avoid,open-meteo,,,-2.3,6.5,,,30.0,observed
zermatt,Mai,5,3,9,41,4.1,5.0,1.2,avoid,open-meteo,,,3.5,6.2,,,28.0,observed
zermatt,Juin,6,7,15,39,2.1,5.7,4.3,mid,open-meteo,,,8.9,6.8,,,27.0,observed
zermatt,Juillet,7,9,19,36,1.8,6.0,7.3,rec,open-meteo,,,10.7,7.5,,,27.0,observed
zermatt,Août,8,9,19,33,2.0,5.7,7.4,rec,open-meteo,,,10.5,6.7,,,28.0,observed
zermatt,Septembre,9,6,15,37,2.2,5.2,4.3,mid,open-meteo,,,7.3,4.5,,,26.0,observed
zermatt,Octobre,10,2,10,35,4.2,4.3,4.1,mid,open-meteo,,,2.5,3.1,,,23.0,observed
zermatt,Novembre,11,-3,3,43,4.4,3.0,0.7,avoid,open-meteo,,,-4.2,2.8,,,27.0,observed
zermatt,Décembre,12,-5,1,41,3.6,2.7,0.7,avoid,open-meteo,,,-8.2,2.1,,,28.0,observed
davos,Janvier,1,-9,0,45,3.5,3.6,0.7,avoid,open-meteo,,,-9.1,2.1,,,25.0,observed
davos,Février,2,-6,3,41,2.8,4.2,0.8,avoid,open-meteo,,,-7.0,3.1,,,26.0,observed
davos,Mars,3,-5,5,47,3.0,5.0,0.8,avoid,open-meteo,,,-4.6,4.4,,,29.0,observed
davos,Avril,4,-1,9,50,3.5,5.1,1.0,avoid,open-meteo,,,-1.7,6.1,,,31.0,observed
davos,Mai,5,2,12,69,5.4,5.0,0.9,avoid,open-meteo,,,3.4,5.5,,,28.0,observed
davos,Juin,6,7,18,61,4.7,5.6,4.3,mid,open-meteo,,,8.1,5.6,,,27.0,observed
davos,Juillet,7,9,19,61,4.6,6.0,4.4,mid,open-meteo,,,10.0,6.2,,,26.0,observed
davos,Août,8,9,20,53,5.2,5.8,4.5,mid,open-meteo,,,9.9,5.9,,,27.0,observed
davos,Septembre,9,6,16,49,4.1,5.3,4.3,mid,open-meteo,,,6.3,4.1,,,25.0,observed
davos,Octobre,10,2,12,40,3.7,4.7,4.1,mid,open-meteo,,,2.4,2.7,,,22.0,observed
davos,Novembre,11,-4,5,42,3.1,3.4,0.8,avoid,open-meteo,,,-3.4,2.4,,,26.0,observed
davos,Décembre,12,-7,3,41,3.3,3.0,0.8,avoid,open-meteo,,,-7.3,1.9,,,27.0,observed
grindelwald,Janvier,1,-1,4,55,6.2,3.8,0.6,avoid,open-meteo,,,-1.7,1.9,,,25.0,calibrated
grindelwald,Février,2,0,6,47,4.9,4.7,0.8,avoid,open-meteo,,,-2.0,2.5,,,26.0,calibrated
grindelwald,Mars,3,1,8,50,5.2,5.4,1.0,avoid,open-meteo,,,-0.5,3.7,,,29.0,calibrated
grindelwald,Avril,4,3,12,50,5.6,6.4,4.1,mid,open-meteo,,,2.0,5.2,,,31.0,calibrated
grindelwald,Mai,5,6,15,71,7.9,5.4,1.1,avoid,open-meteo,,,7.1,5.2,,,29.0,calibrated
grindelwald,Juin,6,11,20,69,8.1,6.2,4.4,mid,open-meteo,,,11.9,5.9,,,27.0,calibrated
grindelwald,Juillet,7,13,22,69,8.4,6.4,4.6,mid,open-meteo,,,13.7,6.3,,,26.0,calibrated
grindelwald,Août,8,13,23,59,7.7,6.4,7.4,rec,open-meteo,,,13.8,5.8,,,28.0,calibrated
grindelwald,Septembre,9,11,19,60,6.2,5.4,4.4,mid,open-meteo,,,11.2,4.2,,,26.0,calibrated
grindelwald,Octobre,10,8,15,47,5.4,5.2,4.2,mid,open-meteo,,,7.6,2.8,,,23.0,calibrated
grindelwald,Novembre,11,3,9,51,5.6,4.0,0.9,avoid,open-meteo,,,3.3,2.2,,,27.0,calibrated
grindelwald,Décembre,12,1,6,49,5.7,3.8,0.8,avoid,open-meteo,,,0.1,1.7,,,28.0,calibrated
crans-montana,Janvier,1,-8,-1,43,4.1,4.4,0.8,avoid,open-meteo,,,-10.1,1.9,,,24.0,calibrated
crans-montana,Février,2,-6,2,37,2.8,5.3,1.0,avoid,open-meteo,,,-7.8,2.9,,,26.0,calibrated
crans-montana,Mars,3,-5,4,42,3.3,5.9,1.0,avoid,open-meteo,,,-5.6,4.1,,,28.0,calibrated
crans-montana,Avril,4,-2,7,37,2.8,7.1,4.1,mid,open-meteo,,,-2.8,5.8,,,31.0,calibrated
crans-montana,Mai,5,2,12,57,4.1,6.4,4.1,mid,open-meteo,,,2.7,5.8,,,29.0,calibrated
crans-montana,Juin,6,8,18,51,3.2,7.4,4.5,mid,open-meteo,,,7.6,6.4,,,27.0,calibrated
crans-montana,Juillet,7,10,20,47,3.0,7.7,7.4,rec,open-meteo,,,8.7,7.0,,,26.0,calibrated
crans-montana,Août,8,10,21,34,2.7,7.7,7.7,rec,open-meteo,,,8.6,6.4,,,27.0,calibrated
crans-montana,Septembre,9,6,16,39,2.5,6.4,4.4,mid,open-meteo,,,5.6,4.4,,,26.0,calibrated
crans-montana,Octobre,10,1,11,38,3.3,5.6,4.2,mid,open-meteo,,,1.6,3.0,,,22.0,calibrated
crans-montana,Novembre,11,-4,3,42,3.8,4.5,0.8,avoid,open-meteo,,,-4.3,2.2,,,26.0,calibrated
crans-montana,Décembre,12,-7,0,39,4.4,4.3,0.9,avoid,open-meteo,,,-8.5,1.7,,,27.0,calibrated
kitzbuhel,Janvier,1,-6,3,47,4.2,3.6,0.7,avoid,open-meteo,,,-4.8,1.6,,,23.0,calibrated
kitzbuhel,Février,2,-3,6,44,3.6,4.3,0.9,avoid,open-meteo,,,-3.3,2.2,,,23.0,calibrated
kitzbuhel,Mars,3,-1,9,50,3.3,4.9,1.0,avoid,open-meteo,,,-0.9,3.7,,,27.0,calibrated
kitzbuhel,Avril,4,2,14,52,3.7,6.0,4.2,mid,open-meteo,,,1.9,4.8,,,29.0,calibrated
kitzbuhel,Mai,5,6,17,69,6.4,5.1,4.2,mid,open-meteo,,,7.5,5.3,,,27.0,calibrated
kitzbuhel,Juin,6,11,22,60,5.7,6.5,7.3,rec,open-meteo,,,12.2,5.8,,,27.0,calibrated
kitzbuhel,Juillet,7,12,23,66,6.6,5.9,7.3,rec,open-meteo,,,13.8,5.9,,,26.0,calibrated
kitzbuhel,Août,8,13,24,57,6.6,6.4,7.5,rec,open-meteo,,,14.0,5.6,,,26.0,calibrated
kitzbuhel,Septembre,9,9,20,50,5.2,5.8,4.6,mid,open-meteo,,,10.1,3.9,,,24.0,calibrated
kitzbuhel,Octobre,10,5,16,41,3.8,5.2,4.3,mid,open-meteo,,,6.5,2.7,,,19.0,calibrated
kitzbuhel,Novembre,11,0,9,41,3.4,4.1,1.1,avoid,open-meteo,,,0.5,2.0,,,24.0,calibrated
kitzbuhel,Décembre,12,-4,6,46,3.7,3.4,0.8,avoid,open-meteo,,,-3.3,1.4,,,25.0,calibrated
st-anton,Janvier,1,-6,3,49,5.1,3.9,0.7,avoid,open-meteo,,,-7.4,2.0,,,26.0,calibrated
st-anton,Février,2,-4,5,46,4.0,4.7,0.8,avoid,open-meteo,,,-5.6,3.0,,,26.0,calibrated
st-anton,Mars,3,-3,6,49,3.9,5.4,0.9,avoid,open-meteo,,,-3.1,4.3,,,29.0,calibrated
st-anton,Avril,4,1,10,48,3.7,6.4,4.1,mid,open-meteo,,,0.1,5.9,,,31.0,calibrated
st-anton,Mai,5,4,13,69,5.6,5.1,1.0,avoid,open-meteo,,,5.0,5.9,,,28.0,calibrated
st-anton,Juin,6,9,20,66,5.4,6.4,4.4,mid,open-meteo,,,9.9,5.7,,,28.0,calibrated
st-anton,Juillet,7,11,20,70,6.2,6.3,4.4,mid,open-meteo,,,12.0,6.2,,,26.0,calibrated
st-anton,Août,8,12,21,66,6.3,6.1,4.5,mid,open-meteo,,,12.0,5.9,,,27.0,calibrated
st-anton,Septembre,9,8,17,54,4.8,5.7,4.3,mid,open-meteo,,,8.1,4.4,,,26.0,calibrated
st-anton,Octobre,10,4,13,44,3.9,5.3,4.2,mid,open-meteo,,,4.3,2.9,,,23.0,calibrated
st-anton,Novembre,11,-2,7,43,4.0,4.2,0.9,avoid,open-meteo,,,-1.5,2.3,,,26.0,calibrated
st-anton,Décembre,12,-4,5,48,4.7,3.8,0.7,avoid,open-meteo,,,-5.4,1.8,,,28.0,calibrated
ischgl,Janvier,1,-8,1,45,3.5,4.2,0.8,avoid,open-meteo,,,-8.3,2.1,,,26.0,calibrated
ischgl,Février,2,-5,4,42,2.7,4.9,0.9,avoid,open-meteo,,,-6.3,3.1,,,27.0,calibrated
ischgl,Mars,3,-4,6,47,2.8,5.7,0.9,avoid,open-meteo,,,-3.9,4.6,,,30.0,calibrated
ischgl,Avril,4,0,10,42,2.6,6.9,4.1,mid,open-meteo,,,-0.6,6.0,,,31.0,calibrated
ischgl,Mai,5,4,13,64,4.2,5.8,1.1,avoid,open-meteo,,,4.4,6.0,,,29.0,calibrated
ischgl,Juin,6,9,20,63,4.4,6.7,4.5,mid,open-meteo,,,9.3,5.8,,,28.0,calibrated
ischgl,Juillet,7,10,21,65,5.3,6.7,4.5,mid,open-meteo,,,11.4,6.2,,,27.0,calibrated
ischgl,Août,8,10,22,58,5.2,6.6,7.4,rec,open-meteo,,,11.4,6.0,,,27.0,calibrated
ischgl,Septembre,9,7,17,46,3.7,6.1,4.4,mid,open-meteo,,,7.5,4.5,,,26.0,calibrated
ischgl,Octobre,10,3,13,38,3.2,5.5,4.2,mid,open-meteo,,,3.8,2.9,,,24.0,calibrated
ischgl,Novembre,11,-3,6,40,3.1,4.5,0.9,avoid,open-meteo,,,-2.3,2.4,,,26.0,calibrated
ischgl,Décembre,12,-6,3,45,3.6,4.0,0.8,avoid,open-meteo,,,-6.3,1.8,,,28.0,calibrated
saalbach,Janvier,1,-6,2,49,3.8,3.6,0.7,avoid,open-meteo,,,-6.3,1.7,,,24.0,calibrated
saalbach,Février,2,-4,5,42,3.2,4.5,0.8,avoid,open-meteo,,,-4.7,2.4,,,24.0,calibrated
saalbach,Mars,3,-1,8,46,3.1,5.2,1.0,avoid,open-meteo,,,-2.3,3.8,,,27.0,calibrated
saalbach,Avril,4,2,12,49,3.2,6.0,4.1,mid,open-meteo,,,0.7,5.1,,,30.0,calibrated
saalbach,Mai,5,5,16,65,5.4,5.3,4.1,mid,open-meteo,,,6.1,5.6,,,27.0,calibrated
saalbach,Juin,6,10,21,59,4.8,6.6,7.3,rec,open-meteo,,,10.8,5.8,,,27.0,calibrated
saalbach,Juillet,7,12,22,64,5.7,6.1,4.6,mid,open-meteo,,,12.5,6.0,,,26.0,calibrated
saalbach,Août,8,12,23,53,5.3,6.5,7.5,rec,open-meteo,,,12.7,5.9,,,26.0,calibrated
saalbach,Septembre,9,9,19,45,4.5,6.1,4.6,mid,open-meteo,,,8.8,4.0,,,25.0,calibrated
saalbach,Octobre,10,5,15,42,3.6,5.1,4.2,mid,open-meteo,,,5.2,2.7,,,20.0,calibrated
saalbach,Novembre,11,0,8,39,3.3,4.1,1.1,avoid,open-meteo,,,-0.7,2.1,,,24.0,calibrated
saalbach,Décembre,12,-3,4,46,3.4,3.4,0.7,avoid,open-meteo,,,-4.3,1.5,,,26.0,calibrated
livigno,Janvier,1,-12,-3,39,2.1,4.6,0.9,avoid,open-meteo,,,-12.3,2.3,,,25.0,calibrated
livigno,Février,2,-9,0,33,2.0,5.4,1.1,avoid,open-meteo,,,-9.9,3.2,,,26.0,calibrated
livigno,Mars,3,-8,2,33,2.0,6.3,4.1,mid,open-meteo,,,-7.2,4.5,,,29.0,calibrated
livigno,Avril,4,-4,5,36,2.3,7.1,4.1,mid,open-meteo,,,-3.5,6.3,,,31.0,calibrated
livigno,Mai,5,1,9,52,3.0,6.3,1.1,avoid,open-meteo,,,2.0,5.9,,,28.0,calibrated
livigno,Juin,6,6,16,48,2.6,7.5,4.4,mid,open-meteo,,,6.8,6.3,,,28.0,calibrated
livigno,Juillet,7,8,19,47,2.5,7.6,7.3,rec,open-meteo,,,8.4,6.8,,,27.0,calibrated
livigno,Août,8,8,19,44,3.1,7.1,7.3,rec,open-meteo,,,8.6,6.2,,,27.0,calibrated
livigno,Septembre,9,4,14,38,2.5,6.4,4.3,mid,open-meteo,,,4.9,4.4,,,25.0,calibrated
livigno,Octobre,10,0,9,33,3.5,5.6,4.1,mid,open-meteo,,,1.2,3.0,,,22.0,calibrated
livigno,Novembre,11,-7,2,38,2.9,4.4,0.9,avoid,open-meteo,,,-5.4,2.5,,,26.0,calibrated
livigno,Décembre,12,-10,-1,37,2.7,4.3,0.9,avoid,open-meteo,,,-9.7,2.0,,,28.0,calibrated
madonna-di-campiglio,Janvier,1,-11,0,26,1.8,5.3,4.1,mid,open-meteo,,,-13.1,2.0,,,25.0,calibrated
madonna-di-campiglio,Février,2,-9,2,29,2.6,5.6,4.1,mid,open-meteo,,,-10.3,2.6,,,26.0,calibrated
madonna-di-campiglio,Mars,3,-7,4,35,2.9,6.5,1.1,avoid,open-meteo,,,-7.1,3.7,,,29.0,calibrated
madonna-di-campiglio,Avril,4,-2,7,44,3.9,7.0,1.2,avoid,open-meteo,,,-3.0,5.2,,,31.0,calibrated
madonna-di-campiglio,Mai,5,2,11,75,5.8,5.6,0.8,avoid,open-meteo,,,3.0,4.7,,,28.0,calibrated
madonna-di-campiglio,Juin,6,7,17,75,5.3,6.4,4.2,mid,open-meteo,,,8.0,6.0,,,28.0,calibrated
madonna-di-campiglio,Juillet,7,9,19,85,6.7,6.0,4.2,mid,open-meteo,,,10.1,6.7,,,26.0,calibrated
madonna-di-campiglio,Août,8,9,19,70,5.7,6.1,4.3,mid,open-meteo,,,9.6,6.2,,,27.0,calibrated
madonna-di-campiglio,Septembre,9,5,14,51,4.2,6.2,4.2,mid,open-meteo,,,5.8,4.1,,,25.0,calibrated
madonna-di-campiglio,Octobre,10,1,10,38,4.7,5.8,4.1,mid,open-meteo,,,1.7,2.5,,,21.0,calibrated
madonna-di-campiglio,Novembre,11,-4,4,38,4.2,4.8,0.9,avoid,open-meteo,,,-5.0,2.3,,,24.0,calibrated
madonna-di-campiglio,Décembre,12,-9,1,27,2.9,4.9,1.1,avoid,open-meteo,,,-10.7,1.8,,,27.0,calibrated
sestriere,Janvier,1,-11,-3,35,2.8,5.1,1.0,avoid,open-meteo,,,-13.2,2.4,,,25.0,calibrated
sestriere,Février,2,-9,-1,31,2.3,5.9,4.1,mid,open-meteo,,,-11.4,3.2,,,26.0,calibrated
sestriere,Mars,3,-9,0,35,3.0,6.5,1.1,avoid,open-meteo,,,-8.6,4.5,,,29.0,calibrated
sestriere,Avril,4,-5,3,36,2.8,7.4,4.1,mid,open-meteo,,,-5.0,5.8,,,31.0,calibrated
sestriere,Mai,5,-1,7,46,3.6,7.3,1.2,avoid,open-meteo,,,-0.4,6.1,,,28.0,calibrated
sestriere,Juin,6,4,15,49,2.5,7.9,4.3,mid,open-meteo,,,4.5,6.8,,,28.0,calibrated
sestriere,Juillet,7,6,18,30,1.3,8.9,7.5,rec,open-meteo,,,5.2,7.5,,,27.0,calibrated
sestriere,Août,8,6,19,26,1.6,8.1,7.6,rec,open-meteo,,,4.9,6.7,,,27.0,calibrated
sestriere,Septembre,9,3,14,31,1.8,6.9,4.4,mid,open-meteo,,,2.4,4.5,,,25.0,calibrated
sestriere,Octobre,10,-1,9,29,2.8,6.1,4.2,mid,open-meteo,,,-0.7,3.1,,,22.0,calibrated
sestriere,Novembre,11,-6,1,39,4.0,5.1,0.9,avoid,open-meteo,,,-6.8,2.6,,,26.0,calibrated
sestriere,Décembre,12,-10,-2,36,3.1,5.0,1.0,avoid,open-meteo,,,-11.4,2.1,,,28.0,calibrated
aspen,Janvier,1,-13,0,37,1.7,5.4,1.0,avoid,open-meteo,,,-11.6,3.3,,,37.0,calibrated
aspen,Février,2,-12,2,45,2.3,5.6,0.9,avoid,open-meteo,,,-11.0,4.7,,,44.0,calibrated
aspen,Mars,3,-8,5,45,2.3,6.3,0.9,avoid,open-meteo,,,-8.0,6.2,,,47.0,calibrated
aspen,Avril,4,-4,9,42,2.2,7.1,4.1,mid,open-meteo,,,-5.2,7.4,,,51.0,calibrated
aspen,Mai,5,-1,14,34,1.9,8.3,4.4,mid,open-meteo,,,-1.6,8.1,,,55.0,calibrated
aspen,Juin,6,4,23,24,1.1,9.1,8.3,rec,open-meteo,,,2.4,8.3,,,45.0,calibrated
aspen,Juillet,7,8,26,25,0.9,8.9,8.5,rec,open-meteo,,,5.7,8.5,,,45.0,calibrated
aspen,Août,8,8,25,27,1.2,8.2,8.3,rec,open-meteo,,,4.7,7.7,,,38.0,calibrated
aspen,Septembre,9,4,22,23,1.1,7.7,8.1,rec,open-meteo,,,1.2,6.7,,,39.0,calibrated
aspen,Octobre,10,-1,15,28,1.8,6.6,4.5,mid,open-meteo,,,-3.7,5.4,,,36.0,calibrated
aspen,Novembre,11,-9,6,30,1.8,6.0,4.1,mid,open-meteo,,,-9.1,3.7,,,42.0,calibrated
aspen,Décembre,12,-13,2,36,2.1,5.2,1.0,avoid,open-meteo,,,-12.1,3.2,,,43.0,calibrated
vail,Janvier,1,-12,-1,42,2.2,5.2,0.9,avoid,open-meteo,,,-14.6,3.2,,,35.0,calibrated
vail,Février,2,-11,0,52,2.6,5.3,0.8,avoid,open-meteo,,,-14.3,4.7,,,42.0,calibrated
vail,Mars,3,-8,4,49,2.5,6.2,0.9,avoid,open-meteo,,,-11.5,6.3,,,45.0,calibrated
vail,Avril,4,-4,8,47,2.7,6.9,4.1,mid,open-meteo,,,-8.5,7.7,,,49.0,calibrated
vail,Mai,5,0,13,41,2.0,8.0,4.3,mid,open-meteo,,,-4.1,8.2,,,52.0,calibrated
vail,Juin,6,3,20,26,1.1,8.9,7.8,rec,open-meteo,,,-0.1,8.5,,,43.0,calibrated
vail,Juillet,7,7,24,41,1.9,8.2,7.9,rec,open-meteo,,,4.2,8.6,,,45.0,calibrated
vail,Août,8,7,23,37,1.7,7.7,7.9,rec,open-meteo,,,3.5,7.7,,,37.0,calibrated
vail,Septembre,9,4,20,27,1.2,7.5,7.7,rec,open-meteo,,,-0.3,6.6,,,38.0,calibrated
vail,Octobre,10,-2,12,29,1.8,6.6,4.3,mid,open-meteo,,,-5.7,5.3,,,34.0,calibrated
vail,Novembre,11,-10,5,32,1.8,5.8,4.1,mid,open-meteo,,,-12.0,3.7,,,39.0,calibrated
vail,Décembre,12,-12,0,40,2.2,5.1,0.9,avoid,open-meteo,,,-15.0,3.1,,,39.0,calibrated
breckenridge,Janvier,1,-16,-4,40,1.7,5.3,0.9,avoid,open-meteo,,,-14.6,3.4,,,36.0,calibrated
breckenridge,Février,2,-14,-2,45,1.9,5.7,0.9,avoid,open-meteo,,,-14.3,4.8,,,44.0,calibrated
breckenridge,Mars,3,-11,2,46,2.0,6.3,0.9,avoid,open-meteo,,,-11.5,6.3,,,45.0,calibrated
breckenridge,Avril,4,-8,5,45,2.2,7.0,1.0,avoid,open-meteo,,,-8.5,7.8,,,51.0,calibrated
breckenridge,Mai,5,-3,10,44,2.0,7.9,4.2,mid,open-meteo,,,-4.1,8.3,,,55.0,calibrated
breckenridge,Juin,6,1,17,27,1.2,8.9,7.5,rec,open-meteo,,,-0.1,8.5,,,44.0,calibrated
breckenridge,Juillet,7,5,21,47,1.9,7.9,7.5,rec,open-meteo,,,4.2,8.4,,,46.0,calibrated
breckenridge,Août,8,5,20,42,1.9,7.6,7.5,rec,open-meteo,,,3.5,7.6,,,38.0,calibrated
breckenridge,Septembre,9,2,17,28,1.3,7.5,7.4,rec,open-meteo,,,-0.3,6.7,,,39.0,calibrated
breckenridge,Octobre,10,-3,10,27,1.3,6.7,4.3,mid,open-meteo,,,-5.7,5.3,,,35.0,calibrated
breckenridge,Novembre,11,-12,3,30,1.4,5.9,4.1,mid,open-meteo,,,-12.0,3.8,,,41.0,calibrated
breckenridge,Décembre,12,-16,-2,39,1.6,5.2,1.0,avoid,open-meteo,,,-15.0,3.3,,,42.0,calibrated
saas-fee,Janvier,1,-9,-1,40,4.2,4.7,0.9,avoid,open-meteo,,,-12.5,2.1,,,26.0,calibrated
saas-fee,Février,2,-6,1,40,3.0,5.3,0.9,avoid,open-meteo,,,-10.3,2.8,,,27.0,calibrated
saas-fee,Mars,3,-6,2,43,4.1,6.0,0.9,avoid,open-meteo,,,-7.6,3.5,,,29.0,calibrated
saas-fee,Avril,4,-2,5,41,4.3,7.1,1.1,avoid,open-meteo,,,-3.7,5.0,,,31.0,calibrated
saas-fee,Mai,5,1,9,52,4.5,7.0,1.2,avoid,open-meteo,,,1.4,4.4,,,29.0,calibrated
saas-fee,Juin,6,6,16,59,4.0,7.1,4.2,mid,open-meteo,,,6.9,6.1,,,27.0,calibrated
saas-fee,Juillet,7,9,19,54,3.5,7.5,4.5,mid,open-meteo,,,8.5,6.5,,,27.0,calibrated
saas-fee,Août,8,9,19,45,3.6,7.2,7.3,rec,open-meteo,,,8.2,6.4,,,28.0,calibrated
saas-fee,Septembre,9,6,15,45,3.1,6.3,4.3,mid,open-meteo,,,5.1,4.1,,,26.0,calibrated
saas-fee,Octobre,10,1,10,39,4.3,5.7,4.1,mid,open-meteo,,,0.8,2.5,,,23.0,calibrated
saas-fee,Novembre,11,-5,2,44,4.8,4.6,0.8,avoid,open-meteo,,,-6.0,2.5,,,27.0,calibrated
saas-fee,Décembre,12,-7,0,43,4.2,4.4,0.8,avoid,open-meteo,,,-10.6,1.8,,,29.0,calibrated
cervinia,Janvier,1,-10,-2,39,3.2,4.8,0.9,avoid,open-meteo,,,-14.6,2.4,,,26.0,calibrated
cervinia,Février,2,-8,0,36,2.4,5.5,1.0,avoid,open-meteo,,,-13.1,3.4,,,26.0,calibrated
cervinia,Mars,3,-8,0,40,3.2,6.2,1.0,avoid,open-meteo,,,-10.6,4.4,,,29.0,calibrated
cervinia,Avril,4,-4,3,39,3.4,7.2,1.1,avoid,open-meteo,,,-6.3,6.2,,,30.0,calibrated
cervinia,Mai,5,0,7,50,3.8,7.0,1.0,avoid,open-meteo,,,-0.6,5.7,,,29.0,calibrated
cervinia,Juin,6,5,14,58,3.0,7.2,4.1,mid,open-meteo,,,5.2,6.7,,,28.0,calibrated
cervinia,Juillet,7,8,17,40,2.2,8.2,7.2,rec,open-meteo,,,6.4,7.3,,,28.0,calibrated
cervinia,Août,8,7,17,39,2.3,7.5,7.2,rec,open-meteo,,,6.2,6.6,,,29.0,calibrated
cervinia,Septembre,9,4,13,38,2.3,6.5,4.2,mid,open-meteo,,,3.5,4.4,,,27.0,calibrated
cervinia,Octobre,10,1,8,34,3.6,5.9,4.1,mid,open-meteo,,,-1.0,2.9,,,23.0,calibrated
cervinia,Novembre,11,-6,1,41,4.0,4.7,0.9,avoid,open-meteo,,,-8.1,2.6,,,27.0,calibrated
cervinia,Décembre,12,-8,-1,38,3.2,4.6,0.9,avoid,open-meteo,,,-12.8,2.0,,,28.0,calibrated
park-city,Janvier,1,-11,-1,39,2.3,5.0,0.9,avoid,open-meteo,,,-10.0,3.1,,,30.0,calibrated
park-city,Février,2,-10,1,36,2.3,5.7,1.0,avoid,open-meteo,,,-10.0,4.5,,,37.0,calibrated
park-city,Mars,3,-6,4,42,2.4,6.2,1.0,avoid,open-meteo,,,-6.8,5.8,,,43.0,calibrated
park-city,Avril,4,-3,8,34,1.9,7.6,4.2,mid,open-meteo,,,-4.0,6.9,,,47.0,calibrated
park-city,Mai,5,1,15,36,1.7,8.0,4.4,mid,open-meteo,,,0.8,7.7,,,41.0,calibrated
park-city,Juin,6,8,24,21,0.9,9.5,8.5,rec,open-meteo,,,3.2,8.5,,,37.0,calibrated
park-city,Juillet,7,12,28,12,0.4,9.7,9.2,rec,open-meteo,,,5.2,8.2,,,41.0,calibrated
park-city,Août,8,11,26,20,0.8,8.5,8.6,rec,open-meteo,,,5.6,7.6,,,36.0,calibrated
park-city,Septembre,9,7,22,20,1.1,7.7,8.1,rec,open-meteo,,,2.3,6.6,,,33.0,calibrated
park-city,Octobre,10,0,13,25,1.5,6.6,4.4,mid,open-meteo,,,-1.4,4.8,,,32.0,calibrated
park-city,Novembre,11,-5,6,22,1.6,6.0,4.1,mid,open-meteo,,,-6.3,3.6,,,34.0,calibrated
park-city,Décembre,12,-9,1,32,2.1,5.1,1.1,avoid,open-meteo,,,-10.1,2.8,,,34.0,calibrated
telluride,Janvier,1,-12,-1,39,2.0,5.4,1.0,avoid,open-meteo,,,-11.6,3.6,,,37.0,calibrated
telluride,Février,2,-11,0,37,2.0,6.1,1.1,avoid,open-meteo,,,-11.0,4.9,,,44.0,calibrated
telluride,Mars,3,-8,3,45,2.6,6.4,0.9,avoid,open-meteo,,,-8.0,6.1,,,47.0,calibrated
telluride,Avril,4,-4,7,34,1.8,7.7,4.1,mid,open-meteo,,,-5.2,7.6,,,50.0,calibrated
telluride,Mai,5,-1,12,32,1.5,8.5,4.4,mid,open-meteo,,,-1.6,8.2,,,54.0,calibrated
telluride,Juin,6,3,20,30,1.3,8.9,7.8,rec,open-meteo,,,2.4,8.4,,,41.0,calibrated
telluride,Juillet,7,7,22,51,2.5,7.7,7.5,rec,open-meteo,,,5.7,8.5,,,45.0,calibrated
telluride,Août,8,7,22,46,2.4,7.4,7.6,rec,open-meteo,,,4.7,7.4,,,37.0,calibrated
telluride,Septembre,9,4,18,33,1.5,7.4,7.4,rec,open-meteo,,,1.2,6.8,,,36.0,calibrated
telluride,Octobre,10,-1,12,28,1.4,6.7,4.3,mid,open-meteo,,,-3.7,5.4,,,35.0,calibrated
telluride,Novembre,11,-8,5,25,1.5,6.3,4.1,mid,open-meteo,,,-9.1,4.0,,,42.0,calibrated
telluride,Décembre,12,-12,1,32,1.7,5.6,4.1,mid,open-meteo,,,-12.1,3.2,,,42.0,calibrated
steamboat-springs,Janvier,1,-10,-1,45,2.3,4.6,0.8,avoid,open-meteo,,,-10.3,3.2,,,34.0,calibrated
steamboat-springs,Février,2,-10,1,50,2.5,5.1,0.8,avoid,open-meteo,,,-9.8,4.5,,,41.0,calibrated
steamboat-springs,Mars,3,-6,5,45,2.4,5.9,0.9,avoid,open-meteo,,,-6.6,5.9,,,44.0,calibrated
steamboat-springs,Avril,4,-2,9,39,1.9,7.1,4.1,mid,open-meteo,,,-3.9,7.1,,,48.0,calibrated
steamboat-springs,Mai,5,1,16,32,1.8,8.4,7.3,rec,open-meteo,,,0.6,7.7,,,49.0,calibrated
steamboat-springs,Juin,6,8,25,19,0.9,9.3,8.6,rec,open-meteo,,,4.1,8.4,,,37.0,calibrated
steamboat-springs,Juillet,7,12,29,11,0.5,9.6,9.1,rec,open-meteo,,,5.9,8.2,,,42.0,calibrated
steamboat-springs,Août,8,12,28,20,0.9,8.5,8.8,rec,open-meteo,,,5.1,7.6,,,35.0,calibrated
steamboat-springs,Septembre,9,8,24,18,0.8,7.9,8.4,rec,open-meteo,,,1.5,6.6,,,34.0,calibrated
steamboat-springs,Octobre,10,1,15,29,1.7,6.4,4.4,mid,open-meteo,,,-2.4,5.1,,,31.0,calibrated
steamboat-springs,Novembre,11,-6,5,33,1.9,5.7,1.1,avoid,open-meteo,,,-7.2,3.4,,,37.0,calibrated
steamboat-springs,Décembre,12,-10,1,41,2.4,4.6,0.9,avoid,open-meteo,,,-10.8,3.0,,,37.0,calibrated
banff,Janvier,1,-12,-3,17,0.6,1.9,1.1,avoid,open-meteo,,,-13.1,1.4,,,30.0,observed
banff,Février,2,-14,-3,25,1.0,3.3,1.0,avoid,open-meteo,,,-13.7,2.4,,,34.0,observed
banff,Mars,3,-9,2,34,1.1,4.1,0.9,avoid,open-meteo,,,-9.0,4.1,,,38.0,observed
banff,Avril,4,-4,7,35,1.2,5.3,4.1,mid,open-meteo,,,-5.1,5.4,,,42.0,observed
banff,Mai,5,1,12,35,1.8,6.5,4.2,mid,open-meteo,,,0.4,6.1,,,41.0,observed
banff,Juin,6,4,18,43,2.8,6.9,7.2,rec,open-meteo,,,4.7,6.7,,,36.0,observed
banff,Juillet,7,8,22,37,2.2,8.2,7.8,rec,open-meteo,,,8.0,7.0,,,37.0,observed
banff,Août,8,8,22,32,1.7,6.9,7.8,rec,open-meteo,,,7.5,5.9,,,34.0,observed
banff,Septembre,9,4,17,31,1.5,5.7,7.2,rec,open-meteo,,,3.6,4.7,,,29.0,observed
banff,Octobre,10,-3,6,28,1.4,4.2,4.1,mid,open-meteo,,,-2.4,3.1,,,31.0,observed
banff,Novembre,11,-9,-1,32,1.3,2.7,0.9,avoid,open-meteo,,,-9.1,1.7,,,31.0,observed
banff,Décembre,12,-13,-5,30,1.3,1.4,0.8,avoid,open-meteo,,,-14.2,1.3,,,32.0,observed
mont-tremblant,Janvier,1,-15,-5,41,2.4,2.9,0.8,avoid,open-meteo,,,-13.3,1.6,,,28.0,calibrated
mont-tremblant,Février,2,-14,-3,47,3.1,3.7,0.7,avoid,open-meteo,,,-13.0,2.6,,,30.0,calibrated
mont-tremblant,Mars,3,-7,2,42,3.0,4.9,0.9,avoid,open-meteo,,,-8.2,3.8,,,34.0,calibrated
mont-tremblant,Avril,4,-1,9,43,3.6,5.4,4.1,mid,open-meteo,,,-2.5,4.6,,,34.0,calibrated
mont-tremblant,Mai,5,6,18,37,2.9,6.7,7.3,rec,open-meteo,,,5.5,5.3,,,30.0,calibrated
mont-tremblant,Juin,6,12,22,46,4.6,7.0,7.6,rec,open-meteo,,,11.8,5.7,,,29.0,calibrated
mont-tremblant,Juillet,7,16,25,49,4.1,7.1,7.7,rec,open-meteo,,,15.6,6.2,,,27.0,calibrated
mont-tremblant,Août,8,15,24,47,4.3,6.7,7.7,rec,open-meteo,,,15.2,5.7,,,27.0,calibrated
mont-tremblant,Septembre,9,11,20,32,2.6,6.7,7.5,rec,open-meteo,,,11.5,4.4,,,25.0,calibrated
mont-tremblant,Octobre,10,5,13,39,3.6,4.3,4.2,mid,open-meteo,,,4.6,3.1,,,25.0,calibrated
mont-tremblant,Novembre,11,-2,3,45,2.8,2.5,0.7,avoid,open-meteo,,,-3.0,1.9,,,26.0,calibrated
mont-tremblant,Décembre,12,-11,-2,45,3.0,2.4,0.7,avoid,open-meteo,,,-8.5,1.3,,,26.0,calibrated
hakuba,Janvier,1,-6,2,73,7.1,2.3,0.5,avoid,open-meteo,,,-6.1,3.0,,,29.0,observed
hakuba,Février,2,-6,4,61,6.3,3.4,0.6,avoid,open-meteo,,,-5.8,3.6,,,31.0,observed
hakuba,Mars,3,-1,8,51,5.5,4.4,0.9,avoid,open-meteo,,,-1.7,5.0,,,39.0,observed
hakuba,Avril,4,3,15,50,5.9,5.7,4.2,mid,open-meteo,,,3.6,5.8,,,46.0,observed
hakuba,Mai,5,9,20,50,6.0,6.3,7.3,rec,open-meteo,,,9.4,6.0,,,35.0,observed
hakuba,Juin,6,14,23,58,7.0,4.9,7.3,rec,open-meteo,,,14.5,6.8,,,39.0,observed
hakuba,Juillet,7,18,27,73,9.5,4.5,7.3,rec,open-meteo,,,19.7,6.9,,,28.0,observed
hakuba,Août,8,20,29,70,6.5,5.5,7.4,rec,open-meteo,,,20.5,7.0,,,27.0,observed
hakuba,Septembre,9,16,24,62,7.8,4.0,4.6,mid,open-meteo,,,16.8,6.2,,,26.0,observed
hakuba,Octobre,10,9,17,54,6.4,4.1,4.2,mid,open-meteo,,,9.9,4.0,,,25.0,observed
hakuba,Novembre,11,3,12,47,5.0,3.7,1.2,avoid,open-meteo,,,3.7,3.3,,,27.0,observed
hakuba,Décembre,12,-2,6,67,7.9,2.4,0.5,avoid,open-meteo,,,-3.1,2.7,,,30.0,observed
hemsedal,Janvier,1,-11,-5,44,2.4,1.5,0.6,avoid,open-meteo,,,-10.7,0.6,,,27.0,calibrated
hemsedal,Février,2,-10,-4,43,2.3,3.3,0.8,avoid,open-meteo,,,-9.9,1.5,,,26.0,calibrated
hemsedal,Mars,3,-7,-1,37,2.1,4.8,1.0,avoid,open-meteo,,,-8.1,2.8,,,27.0,calibrated
hemsedal,Avril,4,-5,2,31,1.6,7.1,4.1,mid,open-meteo,,,-5.8,4.8,,,30.0,calibrated
hemsedal,Mai,5,0,8,35,2.1,7.9,4.2,mid,open-meteo,,,-0.1,5.0,,,30.0,calibrated
hemsedal,Juin,6,6,14,47,3.5,7.4,4.2,mid,open-meteo,,,4.8,5.0,,,26.0,calibrated
hemsedal,Juillet,7,8,15,56,4.4,6.7,4.2,mid,open-meteo,,,6.5,4.2,,,23.0,calibrated
hemsedal,Août,8,6,14,53,4.1,5.3,4.1,mid,open-meteo,,,6.6,3.4,,,23.0,calibrated
hemsedal,Septembre,9,4,10,50,4.7,4.0,1.0,avoid,open-meteo,,,4.3,2.7,,,22.0,calibrated
hemsedal,Octobre,10,-1,4,49,3.4,2.5,0.6,avoid,open-meteo,,,-0.6,1.3,,,22.0,calibrated
hemsedal,Novembre,11,-6,-1,45,2.8,1.1,0.6,avoid,open-meteo,,,-5.7,0.7,,,24.0,calibrated
hemsedal,Décembre,12,-9,-3,51,2.9,0.4,0.6,avoid,open-meteo,,,-8.5,0.4,,,27.0,calibrated
nozawa-onsen,Janvier,1,-3,3,79,8.9,2.8,0.5,avoid,open-meteo,,,-3.8,2.6,,,25.0,calibrated
nozawa-onsen,Février,2,-4,3,74,7.5,3.3,0.5,avoid,open-meteo,,,-3.9,3.4,,,28.0,calibrated
nozawa-onsen,Mars,3,-1,7,55,5.3,5.0,0.8,avoid,open-meteo,,,-1.2,4.6,,,38.0,calibrated
nozawa-onsen,Avril,4,4,15,49,4.9,5.8,4.2,mid,open-meteo,,,4.1,6.0,,,46.0,calibrated
nozawa-onsen,Mai,5,10,20,45,4.5,6.6,7.4,rec,open-meteo,,,9.4,5.8,,,34.0,calibrated
nozawa-onsen,Juin,6,15,23,50,4.7,6.3,7.5,rec,open-meteo,,,14.4,6.5,,,40.0,calibrated
nozawa-onsen,Juillet,7,20,27,59,7.1,6.2,7.6,rec,open-meteo,,,19.7,6.5,,,30.0,calibrated
nozawa-onsen,Août,8,21,28,53,5.4,6.6,7.8,rec,open-meteo,,,20.4,6.7,,,30.0,calibrated
nozawa-onsen,Septembre,9,17,24,55,5.8,5.1,7.4,rec,open-meteo,,,16.8,5.8,,,26.0,calibrated
nozawa-onsen,Octobre,10,10,17,54,6.3,4.5,4.2,mid,open-meteo,,,10.0,3.8,,,24.0,calibrated
nozawa-onsen,Novembre,11,4,12,59,6.3,4.1,1.0,avoid,open-meteo,,,4.4,2.9,,,25.0,calibrated
nozawa-onsen,Décembre,12,-2,6,73,9.5,3.0,0.5,avoid,open-meteo,,,-1.2,2.1,,,26.0,calibrated
are,Janvier,1,-8,-3,53,2.8,0.1,0.5,avoid,open-meteo,,,-7.7,0.3,,,26.0,calibrated
are,Février,2,-8,-2,44,1.7,1.7,0.7,avoid,open-meteo,,,-7.2,1.0,,,27.0,calibrated
are,Mars,3,-5,1,48,2.4,3.1,0.7,avoid,open-meteo,,,-5.5,2.0,,,27.0,calibrated
are,Avril,4,-2,4,42,1.8,5.6,0.9,avoid,open-meteo,,,-3.0,3.4,,,30.0,calibrated
are,Mai,5,2,10,36,1.6,6.9,4.2,mid,open-meteo,,,1.8,4.5,,,29.0,calibrated
are,Juin,6,8,16,50,2.8,6.1,4.3,mid,open-meteo,,,6.9,4.5,,,25.0,calibrated
are,Juillet,7,9,17,54,3.2,5.9,4.3,mid,open-meteo,,,9.3,3.9,,,22.0,calibrated
are,Août,8,9,16,54,3.3,4.8,4.2,mid,open-meteo,,,9.2,3.7,,,22.0,calibrated
are,Septembre,9,6,12,52,2.9,3.4,1.0,avoid,open-meteo,,,6.6,2.2,,,23.0,calibrated
are,Octobre,10,1,6,53,2.8,1.7,0.6,avoid,open-meteo,,,1.9,0.9,,,23.0,calibrated
are,Novembre,11,-3,1,45,2.2,0.2,0.6,avoid,open-meteo,,,-2.9,0.4,,,26.0,calibrated
are,Décembre,12,-6,-1,49,2.5,0.0,0.6,avoid,open-meteo,,,-5.8,0.1,,,28.0,calibrated
levi,Janvier,1,-14,-7,37,1.3,0.1,0.7,avoid,open-meteo,,,-13.3,0.1,,,25.0,calibrated
levi,Février,2,-12,-6,34,1.2,0.6,0.7,avoid,open-meteo,,,-11.4,0.5,,,25.0,calibrated
levi,Mars,3,-9,-2,30,1.0,4.1,1.0,avoid,open-meteo,,,-8.8,1.6,,,28.0,calibrated
levi,Avril,4,-5,2,31,1.3,5.9,4.1,mid,open-meteo,,,-4.8,2.7,,,29.0,calibrated
levi,Mai,5,0,9,29,1.6,7.5,4.2,mid,open-meteo,,,-0.4,3.7,,,27.0,calibrated
levi,Juin,6,8,16,40,2.6,7.7,4.5,mid,open-meteo,,,5.3,4.4,,,23.0,calibrated
levi,Juillet,7,11,19,42,3.0,7.4,7.3,rec,open-meteo,,,9.6,4.1,,,21.0,calibrated
levi,Août,8,9,16,50,3.3,4.4,4.2,mid,open-meteo,,,9.1,3.3,,,22.0,calibrated
levi,Septembre,9,5,11,39,2.3,3.0,4.1,mid,open-meteo,,,5.2,1.9,,,22.0,calibrated
levi,Octobre,10,-2,3,40,2.1,0.5,0.6,avoid,open-meteo,,,-1.1,0.8,,,20.0,calibrated
levi,Novembre,11,-7,-2,35,1.5,0.2,0.7,avoid,open-meteo,,,-6.1,0.2,,,25.0,calibrated
levi,Décembre,12,-11,-5,47,1.7,0.0,0.6,avoid,open-meteo,,,-9.9,0.0,,,26.0,calibrated
geilo,Janvier,1,-10,-4,45,2.3,1.4,0.6,avoid,open-meteo,,,-9.2,0.6,,,27.0,calibrated
geilo,Février,2,-8,-2,42,2.2,3.2,0.8,avoid,open-meteo,,,-8.3,1.5,,,26.0,calibrated
geilo,Mars,3,-7,1,36,2.0,4.6,1.0,avoid,open-meteo,,,-6.8,2.8,,,27.0,calibrated
geilo,Avril,4,-4,4,32,1.6,7.0,4.1,mid,open-meteo,,,-4.7,4.9,,,30.0,calibrated
geilo,Mai,5,1,10,35,1.8,7.9,4.2,mid,open-meteo,,,0.9,5.0,,,29.0,calibrated
geilo,Juin,6,7,16,44,3.0,7.6,4.4,mid,open-meteo,,,5.6,5.1,,,26.0,calibrated
geilo,Juillet,7,8,17,48,3.3,7.3,4.4,mid,open-meteo,,,7.2,4.6,,,23.0,calibrated
geilo,Août,8,7,15,45,3.2,5.9,4.3,mid,open-meteo,,,7.3,3.9,,,23.0,calibrated
geilo,Septembre,9,5,12,47,3.8,4.2,4.1,mid,open-meteo,,,5.1,2.8,,,22.0,calibrated
geilo,Octobre,10,0,6,47,3.1,2.5,0.7,avoid,open-meteo,,,0.4,1.3,,,22.0,calibrated
geilo,Novembre,11,-4,1,44,2.6,1.4,0.6,avoid,open-meteo,,,-4.2,0.7,,,25.0,calibrated
geilo,Décembre,12,-7,-2,49,2.7,0.4,0.6,avoid,open-meteo,,,-7.1,0.4,,,27.0,calibrated
gudauri,Janvier,1,-14,-3,33,2.1,5.2,1.1,avoid,open-meteo,,,-14.8,3.0,,,27.0,calibrated
gudauri,Février,2,-12,-2,36,2.3,5.6,1.0,avoid,open-meteo,,,-12.5,4.3,,,27.0,calibrated
gudauri,Mars,3,-8,1,52,4.3,5.4,0.8,avoid,open-meteo,,,-8.5,5.6,,,30.0,calibrated
gudauri,Avril,4,-3,5,47,5.0,6.5,0.9,avoid,open-meteo,,,-3.5,7.0,,,31.0,calibrated
gudauri,Mai,5,0,9,63,6.5,6.3,0.9,avoid,open-meteo,,,1.6,5.2,,,28.0,calibrated
gudauri,Juin,6,6,15,74,5.7,6.2,1.2,avoid,open-meteo,,,7.0,7.9,,,25.0,calibrated
gudauri,Juillet,7,9,17,60,4.9,7.1,4.3,mid,open-meteo,,,9.3,7.3,,,27.0,calibrated
gudauri,Août,8,9,18,46,2.6,7.4,7.2,rec,open-meteo,,,8.5,7.4,,,27.0,calibrated
gudauri,Septembre,9,5,13,55,4.4,6.2,4.1,mid,open-meteo,,,5.3,5.5,,,31.0,calibrated
gudauri,Octobre,10,0,9,36,2.8,6.0,4.1,mid,open-meteo,,,-0.7,3.9,,,25.0,calibrated
gudauri,Novembre,11,-6,3,27,2.3,5.7,4.1,mid,open-meteo,,,-8.4,3.0,,,27.0,calibrated
gudauri,Décembre,12,-12,-1,30,2.5,5.0,1.1,avoid,open-meteo,,,-13.0,2.7,,,29.0,calibrated
whistler,Janvier,1,-3,3,61,10.1,1.3,0.5,avoid,open-meteo,,,-3.3,1.1,,,30.0,observed
whistler,Février,2,-4,2,58,5.8,2.8,0.6,avoid,open-meteo,,,-5.0,2.2,,,33.0,observed
whistler,Mars,3,-1,5,59,6.3,4.0,0.6,avoid,open-meteo,,,-2.4,3.9,,,38.0,observed
whistler,Avril,4,1,8,51,4.6,5.4,1.0,avoid,open-meteo,,,-0.2,4.8,,,37.0,observed
whistler,Mai,5,4,15,40,2.8,6.7,4.3,mid,open-meteo,,,5.0,5.0,,,35.0,observed
whistler,Juin,6,8,18,50,3.1,6.8,4.5,mid,open-meteo,,,8.4,5.9,,,29.0,observed
whistler,Juillet,7,12,23,28,1.7,8.1,8.1,rec,open-meteo,,,11.1,6.9,,,31.0,observed
whistler,Août,8,12,24,24,1.7,7.8,8.2,rec,open-meteo,,,11.2,5.6,,,31.0,observed
whistler,Septembre,9,9,18,39,4.5,6.5,4.6,mid,open-meteo,,,8.4,4.5,,,27.0,observed
whistler,Octobre,10,4,9,55,8.2,3.5,0.8,avoid,open-meteo,,,3.6,2.3,,,27.0,observed
whistler,Novembre,11,0,5,65,11.4,1.4,0.5,avoid,open-meteo,,,-1.6,1.3,,,30.0,observed
whistler,Décembre,12,-3,2,65,9.7,1.0,0.5,avoid,open-meteo,,,-4.7,1.2,,,31.0,observed
krasnaya-polyana,Janvier,1,-2,6,54,6.6,3.7,0.7,avoid,open-meteo,,,-2.4,1.9,,,26.0,calibrated
krasnaya-polyana,Février,2,-1,6,52,6.2,4.2,0.7,avoid,open-meteo,,,-0.8,2.9,,,27.0,calibrated
krasnaya-polyana,Mars,3,1,9,59,6.0,4.6,0.8,avoid,open-meteo,,,1.4,3.9,,,30.0,calibrated
krasnaya-polyana,Avril,4,4,15,52,4.8,6.2,4.2,mid,open-meteo,,,5.2,6.3,,,34.0,calibrated
krasnaya-polyana,Mai,5,9,18,61,6.9,6.4,4.3,mid,open-meteo,,,10.3,5.6,,,26.0,calibrated
krasnaya-polyana,Juin,6,14,23,65,5.0,7.1,7.4,rec,open-meteo,,,15.6,7.6,,,27.0,calibrated
krasnaya-polyana,Juillet,7,16,24,56,4.7,7.4,7.6,rec,open-meteo,,,17.3,7.6,,,27.0,calibrated
krasnaya-polyana,Août,8,16,26,48,3.2,7.2,7.8,rec,open-meteo,,,17.7,6.9,,,28.0,calibrated
krasnaya-polyana,Septembre,9,13,22,48,4.6,6.5,7.5,rec,open-meteo,,,13.5,5.5,,,24.0,calibrated
krasnaya-polyana,Octobre,10,8,18,42,5.1,5.7,4.5,mid,open-meteo,,,8.0,3.6,,,24.0,calibrated
krasnaya-polyana,Novembre,11,3,13,40,5.5,5.1,4.2,mid,open-meteo,,,2.6,2.4,,,26.0,calibrated
krasnaya-polyana,Décembre,12,0,9,50,6.3,3.9,0.9,avoid,open-meteo,,,-0.5,1.8,,,29.0,calibrated
sierra-nevada,Janvier,1,-2,5,26,1.9,6.0,4.1,mid,open-meteo,,,-6.6,3.3,,,27.0,calibrated
sierra-nevada,Février,2,-2,6,27,1.8,6.6,4.1,mid,open-meteo,,,-5.3,4.0,,,27.0,calibrated
sierra-nevada,Mars,3,-2,6,45,4.4,6.4,1.0,avoid,open-meteo,,,-3.7,5.1,,,36.0,calibrated
sierra-nevada,Avril,4,1,10,42,3.3,7.2,4.2,mid,open-meteo,,,-1.1,6.8,,,36.0,calibrated
sierra-nevada,Mai,5,4,14,40,2.4,8.0,4.3,mid,open-meteo,,,1.5,7.9,,,32.0,calibrated
sierra-nevada,Juin,6,9,20,29,1.9,8.8,7.8,rec,open-meteo,,,3.8,8.2,,,32.0,calibrated
sierra-nevada,Juillet,7,13,25,13,0.5,9.4,8.8,rec,open-meteo,,,3.7,8.5,,,36.0,calibrated
sierra-nevada,Août,8,13,24,26,1.1,8.3,8.2,rec,open-meteo,,,4.3,7.9,,,34.0,calibrated
sierra-nevada,Septembre,9,9,18,32,2.0,7.4,7.4,rec,open-meteo,,,4.0,6.7,,,28.0,calibrated
sierra-nevada,Octobre,10,6,15,29,1.9,6.5,4.4,mid,open-meteo,,,1.5,4.8,,,24.0,calibrated
sierra-nevada,Novembre,11,1,8,30,2.7,6.1,4.1,mid,open-meteo,,,-2.4,3.7,,,26.0,calibrated
sierra-nevada,Décembre,12,-1,6,27,2.3,5.9,4.1,mid,open-meteo,,,-4.5,3.2,,,28.0,calibrated
yongpyong,Janvier,1,-10,-2,17,1.2,6.1,4.2,mid,open-meteo,,,-10.7,2.9,,,29.0,calibrated
yongpyong,Février,2,-8,1,19,1.5,6.6,4.2,mid,open-meteo,,,-7.9,3.0,,,33.0,calibrated
yongpyong,Mars,3,-3,7,28,2.3,6.7,4.2,mid,open-meteo,,,-1.3,4.8,,,45.0,calibrated
yongpyong,Avril,4,2,13,27,2.4,7.4,4.4,mid,open-meteo,,,4.3,5.3,,,48.0,calibrated
yongpyong,Mai,5,8,18,32,2.7,7.5,7.4,rec,open-meteo,,,10.1,6.6,,,43.0,calibrated
yongpyong,Juin,6,13,22,43,4.1,6.9,7.6,rec,open-meteo,,,16.0,6.7,,,49.0,calibrated
yongpyong,Juillet,7,18,24,57,7.9,5.2,7.4,rec,open-meteo,,,21.5,5.7,,,37.0,calibrated
yongpyong,Août,8,19,25,66,8.6,5.0,7.3,rec,open-meteo,,,21.9,6.4,,,38.0,calibrated
yongpyong,Septembre,9,13,20,52,7.2,5.2,4.5,mid,open-meteo,,,16.4,4.4,,,29.0,calibrated
yongpyong,Octobre,10,6,14,35,4.0,5.6,4.3,mid,open-meteo,,,8.5,3.6,,,27.0,calibrated
yongpyong,Novembre,11,-1,8,21,1.5,6.1,4.2,mid,open-meteo,,,0.9,3.0,,,27.0,calibrated
yongpyong,Décembre,12,-8,0,16,1.2,6.1,4.2,mid,open-meteo,,,-8.2,2.7,,,29.0,calibrated
grandvalira,Janvier,1,-7,0,38,3.4,4.7,0.9,avoid,open-meteo,,,-9.5,2.7,,,25.0,calibrated
grandvalira,Février,2,-6,2,37,2.7,5.8,1.0,avoid,open-meteo,,,-8.5,3.8,,,27.0,calibrated
grandvalira,Mars,3,-5,1,46,3.5,5.8,0.9,avoid,open-meteo,,,-5.5,5.5,,,31.0,calibrated
grandvalira,Avril,4,-3,4,46,3.0,6.4,0.9,avoid,open-meteo,,,-3.2,6.8,,,34.0,calibrated
grandvalira,Mai,5,0,8,51,3.2,6.8,1.1,avoid,open-meteo,,,0.6,6.6,,,29.0,calibrated
grandvalira,Juin,6,5,14,52,3.1,7.4,4.2,mid,open-meteo,,,5.2,6.8,,,28.0,calibrated
grandvalira,Juillet,7,8,18,41,2.6,8.1,7.3,rec,open-meteo,,,7.2,7.8,,,27.0,calibrated
grandvalira,Août,8,8,18,43,2.7,7.5,7.3,rec,open-meteo,,,6.9,6.9,,,28.0,calibrated
grandvalira,Septembre,9,5,13,39,2.4,6.5,4.2,mid,open-meteo,,,4.3,4.9,,,26.0,calibrated
grandvalira,Octobre,10,2,10,34,2.5,6.0,4.2,mid,open-meteo,,,1.0,3.8,,,24.0,calibrated
grandvalira,Novembre,11,-4,3,44,3.2,4.8,0.8,avoid,open-meteo,,,-4.0,2.8,,,25.0,calibrated
grandvalira,Décembre,12,-5,2,37,3.5,4.8,1.0,avoid,open-meteo,,,-7.3,2.3,,,27.0,calibrated
lech,janvier,1,-8,0,51,5.6,3.0,0.6,avoid,open-meteo-archive,,,-8.5,1.9,,,26.0,calibrated
lech,fevrier,2,-6,3,47,4.5,4.1,0.8,avoid,open-meteo-archive,,,-6.7,2.8,,,26.0,calibrated
lech,mars,3,-4,5,50,4.4,4.5,0.7,avoid,open-meteo-archive,,,-4.3,3.9,,,29.0,calibrated
lech,avril,4,-1,8,48,4.1,5.6,1.0,avoid,open-meteo-archive,,,-1.5,5.6,,,31.0,calibrated
lech,mai,5,2,11,69,6.2,4.4,0.8,avoid,open-meteo-archive,,,3.4,5.2,,,28.0,calibrated
lech,juin,6,7,17,68,5.8,5.5,4.2,mid,open-meteo-archive,,,8.5,5.6,,,28.0,calibrated
lech,juillet,7,9,19,64,5.6,5.4,4.3,mid,open-meteo-archive,,,10.3,6.3,,,26.0,calibrated
lech,aout,8,9,19,62,5.8,4.9,4.3,mid,open-meteo-archive,,,10.3,5.7,,,27.0,calibrated
lech,septembre,9,6,16,53,4.9,5.0,4.2,mid,open-meteo-archive,,,6.5,4.0,,,25.0,calibrated
lech,octobre,10,2,12,43,4.2,4.3,4.1,mid,open-meteo-archive,,,2.6,2.7,,,23.0,calibrated
lech,novembre,11,-3,6,43,4.0,3.5,0.8,avoid,open-meteo-archive,,,-3.2,2.2,,,26.0,calibrated
lech,decembre,12,-6,3,48,4.9,2.8,0.7,avoid,open-meteo-archive,,,-7.0,1.8,,,28.0,calibrated
big-white,janvier,1,-11,-4,49,2.4,2.6,0.7,avoid,open-meteo-archive,,,-10.9,1.1,,,31.0,calibrated
big-white,fevrier,2,-12,-4,51,2.5,3.7,0.7,avoid,open-meteo-archive,,,-11.8,2.2,,,35.0,calibrated
big-white,mars,3,-8,0,50,2.6,4.3,0.7,avoid,open-meteo-archive,,,-9.0,3.8,,,41.0,calibrated
big-white,avril,4,-5,4,46,2.6,5.6,0.9,avoid,open-meteo-archive,,,-6.8,5.0,,,40.0,calibrated
big-white,mai,5,0,12,42,2.5,6.5,4.2,mid,open-meteo-archive,,,-1.2,5.7,,,36.0,calibrated
big-white,juin,6,3,15,48,2.9,7.1,4.3,mid,open-meteo-archive,,,1.6,6.2,,,31.0,calibrated
big-white,juillet,7,7,21,26,1.6,8.6,7.9,rec,open-meteo-archive,,,2.9,6.9,,,34.0,calibrated
big-white,aout,8,8,20,25,1.4,7.7,7.7,rec,open-meteo-archive,,,3.0,5.9,,,32.0,calibrated
big-white,septembre,9,3,13,35,2.2,5.9,4.2,mid,open-meteo-archive,,,1.2,4.8,,,29.0,calibrated
big-white,octobre,10,-2,6,43,2.9,4.1,0.9,avoid,open-meteo-archive,,,-3.2,2.8,,,28.0,calibrated
big-white,novembre,11,-7,-2,52,3.3,2.8,0.6,avoid,open-meteo-archive,,,-7.8,1.4,,,38.0,calibrated
big-white,decembre,12,-11,-6,53,2.7,2.4,0.6,avoid,open-meteo-archive,,,-11.9,1.2,,,32.0,calibrated
baqueira-beret,janvier,1,-6,1,42,4.4,3.7,0.8,avoid,open-meteo-archive,,,-7.3,2.6,,,25.0,calibrated
baqueira-beret,fevrier,2,-5,2,43,3.8,4.8,0.9,avoid,open-meteo-archive,,,-6.1,3.6,,,27.0,calibrated
baqueira-beret,mars,3,-4,4,49,3.6,4.9,0.8,avoid,open-meteo-archive,,,-3.4,5.2,,,31.0,calibrated
baqueira-beret,avril,4,-1,6,48,3.5,5.6,0.9,avoid,open-meteo-archive,,,-1.0,6.4,,,33.0,calibrated
baqueira-beret,mai,5,2,10,55,3.4,5.7,1.0,avoid,open-meteo-archive,,,2.7,6.4,,,28.0,calibrated
baqueira-beret,juin,6,7,16,59,3.7,6.4,4.2,mid,open-meteo-archive,,,7.3,6.8,,,27.0,calibrated
baqueira-beret,juillet,7,10,20,45,2.5,7.2,7.4,rec,open-meteo-archive,,,9.6,7.7,,,27.0,calibrated
baqueira-beret,aout,8,10,20,47,2.4,6.6,7.3,rec,open-meteo-archive,,,9.1,6.9,,,27.0,calibrated
baqueira-beret,septembre,9,6,16,45,3.0,5.9,4.3,mid,open-meteo-archive,,,6.4,5.1,,,25.0,calibrated
baqueira-beret,octobre,10,4,13,40,3.0,5.0,4.2,mid,open-meteo-archive,,,3.3,3.4,,,23.0,calibrated
baqueira-beret,novembre,11,-2,5,46,4.0,3.8,0.7,avoid,open-meteo-archive,,,-1.8,2.8,,,25.0,calibrated
baqueira-beret,decembre,12,-3,4,37,4.4,3.8,0.9,avoid,open-meteo-archive,,,-5.0,2.2,,,28.0,calibrated
portillo,janvier,1,7,16,29,1.8,8.4,7.3,rec,open-meteo-archive,,,-0.1,10.5,,,45.0,calibrated
portillo,fevrier,2,7,16,28,1.3,8.4,7.3,rec,open-meteo-archive,,,-1.3,9.7,,,40.0,calibrated
portillo,mars,3,6,15,16,0.9,7.9,7.3,rec,open-meteo-archive,,,-4.0,8.4,,,38.0,calibrated
portillo,avril,4,3,12,22,1.9,6.9,4.4,mid,open-meteo-archive,,,-8.4,6.1,,,30.0,calibrated
portillo,mai,5,-1,6,27,2.5,5.6,4.1,mid,open-meteo-archive,,,-11.9,4.5,,,30.0,calibrated
portillo,juin,6,-4,1,31,5.1,5.0,1.1,avoid,open-meteo-archive,,,-15.2,3.5,,,31.0,calibrated
portillo,juillet,7,-5,1,26,3.1,5.2,4.1,mid,open-meteo-archive,,,-16.9,4.9,,,32.0,calibrated
portillo,aout,8,-4,2,27,3.5,5.8,4.1,mid,open-meteo-archive,,,-16.5,6.0,,,35.0,calibrated
portillo,septembre,9,-3,3,25,2.7,6.7,4.1,mid,open-meteo-archive,,,-13.1,7.2,,,43.0,calibrated
portillo,octobre,10,-1,6,33,2.5,7.1,4.1,mid,open-meteo-archive,,,-9.0,8.8,,,44.0,calibrated
portillo,novembre,11,1,9,36,2.6,7.9,4.2,mid,open-meteo-archive,,,-4.8,10.2,,,48.0,calibrated
portillo,decembre,12,4,14,29,1.3,8.6,4.5,mid,open-meteo-archive,,,-2.3,10.6,,,49.0,calibrated
queenstown-ski,janvier,1,12,21,37,3.6,6.7,7.6,rec,open-meteo-archive,,,10.4,7.2,,,12.0,calibrated
queenstown-ski,fevrier,2,12,21,37,4.2,7.0,7.6,rec,open-meteo-archive,,,10.4,6.8,,,12.0,calibrated
queenstown-ski,mars,3,11,19,34,3.2,5.6,7.3,rec,open-meteo-archive,,,9.6,5.5,,,14.0,calibrated
queenstown-ski,avril,4,8,15,43,3.8,4.4,4.2,mid,open-meteo-archive,,,7.4,3.2,,,16.0,calibrated
queenstown-ski,mai,5,5,11,43,4.2,3.5,1.2,avoid,open-meteo-archive,,,5.6,2.4,,,19.0,calibrated
queenstown-ski,juin,6,2,7,39,3.3,3.2,0.9,avoid,open-meteo-archive,,,3.3,1.6,,,20.0,calibrated
queenstown-ski,juillet,7,2,6,45,4.1,3.0,0.8,avoid,open-meteo-archive,,,2.3,2.1,,,22.0,calibrated
queenstown-ski,aout,8,2,7,44,3.2,4.0,0.9,avoid,open-meteo-archive,,,2.7,2.7,,,24.0,calibrated
queenstown-ski,septembre,9,3,10,44,5.6,5.0,1.2,avoid,open-meteo-archive,,,3.6,3.9,,,26.0,calibrated
queenstown-ski,octobre,10,5,13,48,4.4,5.3,4.1,mid,open-meteo-archive,,,5.0,5.6,,,21.0,calibrated
queenstown-ski,novembre,11,8,16,47,3.9,6.2,4.3,mid,open-meteo-archive,,,7.1,6.8,,,18.0,calibrated
queenstown-ski,decembre,12,11,19,48,4.0,6.3,4.5,mid,open-meteo-archive,,,9.0,7.0,,,17.0,calibrated
gstaad,janvier,1,-6,2,50,5.1,3.0,0.7,avoid,open-meteo-archive,,,-5.3,1.9,,,25.0,calibrated
gstaad,fevrier,2,-5,4,45,3.9,4.2,0.8,avoid,open-meteo-archive,,,-3.8,2.6,,,26.0,calibrated
gstaad,mars,3,-2,7,46,4.1,4.7,0.9,avoid,open-meteo-archive,,,-1.8,3.9,,,28.0,calibrated
gstaad,avril,4,0,11,47,3.8,5.7,4.1,mid,open-meteo-archive,,,0.8,5.4,,,31.0,calibrated
gstaad,mai,5,4,14,65,6.0,4.8,1.1,avoid,open-meteo-archive,,,5.7,4.9,,,28.0,calibrated
gstaad,juin,6,8,19,65,5.7,5.9,4.3,mid,open-meteo-archive,,,10.6,6.1,,,27.0,calibrated
gstaad,juillet,7,11,21,55,4.4,6.2,7.3,rec,open-meteo-archive,,,12.0,6.4,,,26.0,calibrated
gstaad,aout,8,10,21,53,4.4,5.7,7.3,rec,open-meteo-archive,,,12.0,5.9,,,27.0,calibrated
gstaad,septembre,9,7,18,50,3.9,5.4,4.4,mid,open-meteo-archive,,,8.8,4.1,,,25.0,calibrated
gstaad,octobre,10,3,14,40,3.5,4.6,4.2,mid,open-meteo-archive,,,5.0,2.8,,,23.0,calibrated
gstaad,novembre,11,-1,8,45,4.4,3.5,0.9,avoid,open-meteo-archive,,,-0.4,2.2,,,26.0,calibrated
gstaad,decembre,12,-4,5,44,5.1,3.0,0.7,avoid,open-meteo-archive,,,-3.9,1.7,,,27.0,calibrated
la-plagne,Janvier,1,-11,-2,47,6.0,4.4,0.8,avoid,open-meteo,,,-13.2,2.2,,,25.0,calibrated
la-plagne,Février,2,-9,0,42,3.8,5.2,0.9,avoid,open-meteo,,,-11.7,3.2,,,26.0,calibrated
la-plagne,Mars,3,-8,1,48,4.7,5.6,0.8,avoid,open-meteo,,,-8.9,4.5,,,29.0,calibrated
la-plagne,Avril,4,-4,3,42,3.5,6.8,1.0,avoid,open-meteo,,,-5.4,6.2,,,31.0,calibrated
la-plagne,Mai,5,-1,7,58,4.5,6.3,0.9,avoid,open-meteo,,,-0.3,6.2,,,28.0,calibrated
la-plagne,Juin,6,4,14,57,3.5,7.1,4.2,mid,open-meteo,,,5.0,6.5,,,27.0,calibrated
la-plagne,Juillet,7,7,16,47,3.1,7.8,4.4,mid,open-meteo,,,6.5,7.3,,,26.0,calibrated
la-plagne,Août,8,7,17,38,3.0,7.6,7.2,rec,open-meteo,,,6.2,6.6,,,27.0,calibrated
la-plagne,Septembre,9,3,12,44,3.2,6.2,4.2,mid,open-meteo,,,3.2,4.4,,,25.0,calibrated
la-plagne,Octobre,10,0,8,40,3.7,5.6,4.1,mid,open-meteo,,,-0.6,3.0,,,22.0,calibrated
la-plagne,Novembre,11,-8,1,46,5.2,4.5,0.8,avoid,open-meteo,,,-7.3,2.5,,,26.0,calibrated
la-plagne,Décembre,12,-9,-2,47,6.2,4.1,0.8,avoid,open-meteo,,,-11.6,1.9,,,27.0,calibrated
cortina-dampezzo,Janvier,1,-7,2,24,1.8,5.2,4.1,mid,open-meteo,,,-8.3,2.0,,,26.0,calibrated
cortina-dampezzo,Février,2,-4,4,29,2.6,5.6,4.1,mid,open-meteo,,,-5.9,2.5,,,25.0,calibrated
cortina-dampezzo,Mars,3,-3,6,35,2.7,6.4,4.1,mid,open-meteo,,,-3.3,3.6,,,28.0,calibrated
cortina-dampezzo,Avril,4,1,9,44,4.1,6.6,4.1,mid,open-meteo,,,0.3,5.1,,,31.0,calibrated
cortina-dampezzo,Mai,5,4,13,73,5.6,5.1,0.9,avoid,open-meteo,,,5.8,4.6,,,27.0,calibrated
cortina-dampezzo,Juin,6,10,20,74,5.7,6.2,4.3,mid,open-meteo,,,10.9,6.2,,,28.0,calibrated
cortina-dampezzo,Juillet,7,11,21,75,6.0,6.2,4.4,mid,open-meteo,,,12.7,6.7,,,27.0,calibrated
cortina-dampezzo,Août,8,12,21,69,5.0,6.1,4.5,mid,open-meteo,,,12.6,6.1,,,28.0,calibrated
cortina-dampezzo,Septembre,9,8,17,54,3.7,5.9,4.3,mid,open-meteo,,,8.9,4.2,,,26.0,calibrated
cortina-dampezzo,Octobre,10,4,13,36,4.3,5.8,4.2,mid,open-meteo,,,5.1,2.4,,,21.0,calibrated
cortina-dampezzo,Novembre,11,-1,6,33,4.3,4.8,1.1,avoid,open-meteo,,,-1.2,2.2,,,25.0,calibrated
cortina-dampezzo,Décembre,12,-4,3,24,3.0,5.0,4.1,mid,open-meteo,,,-6.1,1.7,,,28.0,calibrated
shahdag,Janvier,1,-15,-7,16,0.8,6.0,4.2,mid,open-meteo,,,-19.7,3.3,,,31.0,calibrated
shahdag,Février,2,-14,-6,19,0.9,6.5,4.2,mid,open-meteo,,,-17.9,4.6,,,32.0,calibrated
shahdag,Mars,3,-10,-3,32,2.0,6.8,4.1,mid,open-meteo,,,-13.3,6.5,,,38.0,calibrated
shahdag,Avril,4,-6,1,29,2.0,7.5,4.1,mid,open-meteo,,,-8.1,6.8,,,33.0,calibrated
shahdag,Mai,5,-2,6,47,3.1,7.3,1.1,avoid,open-meteo,,,-2.2,6.3,,,33.0,calibrated
shahdag,Juin,6,2,10,59,4.3,7.1,1.1,avoid,open-meteo,,,2.7,7.6,,,32.0,calibrated
shahdag,Juillet,7,5,13,53,3.8,7.4,4.2,mid,open-meteo,,,5.1,6.4,,,32.0,calibrated
shahdag,Août,8,5,13,52,2.9,7.0,4.2,mid,open-meteo,,,4.5,6.8,,,32.0,calibrated
shahdag,Septembre,9,2,9,46,3.0,6.4,4.1,mid,open-meteo,,,1.1,5.5,,,33.0,calibrated
shahdag,Octobre,10,-3,4,27,1.8,6.5,4.1,mid,open-meteo,,,-5.1,4.8,,,26.0,calibrated
shahdag,Novembre,11,-8,0,18,1.0,6.0,4.1,mid,open-meteo,,,-13.3,3.5,,,28.0,calibrated
shahdag,Décembre,12,-12,-5,17,0.9,5.8,4.1,mid,open-meteo,,,-17.1,3.1,,,31.0,calibrated
furano,Janvier,1,-11,-4,62,2.5,3.0,0.6,avoid,open-meteo,,,-10.4,2.0,,,29.0,calibrated
furano,Février,2,-10,-3,61,2.6,3.8,0.6,avoid,open-meteo,,,-9.7,3.1,,,34.0,calibrated
furano,Mars,3,-5,3,48,2.8,5.2,0.8,avoid,open-meteo,,,-4.6,4.4,,,37.0,calibrated
furano,Avril,4,0,10,50,3.3,5.7,4.1,mid,open-meteo,,,0.2,5.2,,,39.0,calibrated
furano,Mai,5,7,18,45,3.3,6.2,4.5,mid,open-meteo,,,7.1,5.3,,,36.0,calibrated
furano,Juin,6,12,21,47,4.0,6.4,7.4,rec,open-meteo,,,12.3,6.2,,,33.0,calibrated
furano,Juillet,7,17,26,48,4.3,6.5,7.8,rec,open-meteo,,,17.7,6.1,,,33.0,calibrated
furano,Août,8,17,25,55,6.1,5.3,7.5,rec,open-meteo,,,17.7,5.5,,,18.0,calibrated
furano,Septembre,9,12,21,42,4.3,6.0,7.5,rec,open-meteo,,,13.1,5.2,,,25.0,calibrated
furano,Octobre,10,5,14,50,4.3,5.0,4.1,mid,open-meteo,,,5.9,3.1,,,26.0,calibrated
furano,Novembre,11,-1,7,66,4.7,3.0,0.6,avoid,open-meteo,,,-0.9,2.0,,,28.0,calibrated
furano,Décembre,12,-8,-2,74,3.8,1.8,0.5,avoid,open-meteo,,,-7.7,1.8,,,31.0,calibrated
niseko,Janvier,1,-9,-2,65,3.3,2.8,0.5,avoid,open-meteo,,,-8.0,2.0,,,29.0,calibrated
niseko,Février,2,-9,-1,67,3.1,3.6,0.5,avoid,open-meteo,,,-7.6,3.3,,,35.0,calibrated
niseko,Mars,3,-4,4,47,2.8,5.3,0.8,avoid,open-meteo,,,-3.1,4.4,,,36.0,calibrated
niseko,Avril,4,0,10,43,3.1,6.3,4.1,mid,open-meteo,,,1.3,5.6,,,37.0,calibrated
niseko,Mai,5,7,18,44,3.5,6.6,4.5,mid,open-meteo,,,8.0,5.8,,,35.0,calibrated
niseko,Juin,6,12,21,46,4.6,6.3,7.4,rec,open-meteo,,,13.2,6.0,,,32.0,calibrated
niseko,Juillet,7,17,25,47,4.8,6.3,7.7,rec,open-meteo,,,18.5,5.7,,,32.0,calibrated
niseko,Août,8,18,26,57,6.7,5.3,7.5,rec,open-meteo,,,19.2,5.5,,,21.0,calibrated
niseko,Septembre,9,13,22,43,4.7,6.0,7.5,rec,open-meteo,,,14.7,5.3,,,27.0,calibrated
niseko,Octobre,10,5,15,46,4.1,5.3,4.2,mid,open-meteo,,,7.2,3.1,,,27.0,calibrated
niseko,Novembre,11,-1,7,62,4.4,3.4,0.6,avoid,open-meteo,,,0.6,2.1,,,29.0,calibrated
niseko,Décembre,12,-8,-1,79,4.0,1.9,0.5,avoid,open-meteo,,,-6.1,1.8,,,31.0,calibrated
hintertux,Janvier,1,-12,-5,68,3.8,1.9,0.5,avoid,open-meteo,,,-17.4,2.1,,,26.0,calibrated
hintertux,Février,2,-11,-4,62,3.2,2.9,0.6,avoid,open-meteo,,,-15.7,2.8,,,27.0,calibrated
hintertux,Mars,3,-7,1,65,3.5,3.5,0.6,avoid,open-meteo,,,-13.4,4.3,,,29.0,calibrated
hintertux,Avril,4,-2,7,68,4.1,4.0,0.6,avoid,open-meteo,,,-10.0,5.9,,,31.0,calibrated
hintertux,Mai,5,3,12,72,5.8,4.1,0.8,avoid,open-meteo,,,-5.1,5.4,,,30.0,calibrated
hintertux,Juin,6,6,15,76,6.8,4.2,0.9,avoid,open-meteo,,,-0.4,5.9,,,30.0,calibrated
hintertux,Juillet,7,3,9,68,5.2,5.8,0.8,avoid,open-meteo,,,1.7,6.4,,,29.0,calibrated
hintertux,Août,8,4,10,70,5.6,5.3,0.8,avoid,open-meteo,,,1.9,6.1,,,29.0,calibrated
hintertux,Septembre,9,1,7,66,4.2,4.3,0.6,avoid,open-meteo,,,-1.9,4.3,,,27.0,calibrated
hintertux,Octobre,10,-4,3,64,3.8,3.1,0.6,avoid,open-meteo,,,-5.6,2.8,,,24.0,calibrated
hintertux,Novembre,11,-8,-2,66,4.0,2.0,0.5,avoid,open-meteo,,,-11.5,2.3,,,26.0,calibrated
hintertux,Décembre,12,-12,-5,68,4.1,1.4,0.5,avoid,open-meteo,,,-15.3,1.8,,,28.0,calibrated
les-deux-alpes,Janvier,1,-9,-1,55,3.1,3.1,0.6,avoid,open-meteo,,,-9.4,2.2,,,25.0,calibrated
les-deux-alpes,Février,2,-8,1,52,2.9,4.0,0.7,avoid,open-meteo,,,-7.6,3.3,,,27.0,calibrated
les-deux-alpes,Mars,3,-4,5,58,3.2,4.4,0.6,avoid,open-meteo,,,-5.0,4.6,,,30.0,calibrated
les-deux-alpes,Avril,4,0,10,62,4.0,4.6,0.8,avoid,open-meteo,,,-2.3,6.1,,,31.0,calibrated
les-deux-alpes,Mai,5,5,14,65,4.8,4.8,1.1,avoid,open-meteo,,,2.5,5.9,,,28.0,calibrated
les-deux-alpes,Juin,6,8,18,62,4.5,5.4,4.3,mid,open-meteo,,,7.4,6.7,,,28.0,calibrated
les-deux-alpes,Juillet,7,9,19,38,2.8,7.9,7.4,rec,open-meteo,,,8.5,7.5,,,27.0,calibrated
les-deux-alpes,Août,8,9,18,42,3.0,7.3,7.3,rec,open-meteo,,,7.9,6.6,,,27.0,calibrated
les-deux-alpes,Septembre,9,5,14,55,3.8,5.4,4.1,mid,open-meteo,,,5.4,4.9,,,25.0,calibrated
les-deux-alpes,Octobre,10,-1,8,58,3.5,4.1,0.8,avoid,open-meteo,,,1.8,3.3,,,22.0,calibrated
les-deux-alpes,Novembre,11,-6,2,55,3.2,2.8,0.6,avoid,open-meteo,,,-4.1,2.5,,,26.0,calibrated
les-deux-alpes,Décembre,12,-9,-1,58,3.5,2.5,0.6,avoid,open-meteo,,,-7.6,2.0,,,28.0,calibrated
val-gardena,Janvier,1,-11,-4,27,1.5,4.4,1.1,avoid,open-meteo,,,-12.9,2.0,,,26.0,calibrated
val-gardena,Février,2,-9,-2,29,2.0,5.1,1.1,avoid,open-meteo,,,-10.9,2.7,,,26.0,calibrated
val-gardena,Mars,3,-8,0,33,2.2,5.7,1.1,avoid,open-meteo,,,-8.8,4.0,,,30.0,calibrated
val-gardena,Avril,4,-5,3,41,3.1,6.1,1.0,avoid,open-meteo,,,-5.2,5.4,,,32.0,calibrated
val-gardena,Mai,5,-1,7,65,4.7,4.9,0.7,avoid,open-meteo,,,-0.2,5.1,,,29.0,calibrated
val-gardena,Juin,6,4,14,66,4.7,6.2,1.2,avoid,open-meteo,,,4.7,6.5,,,30.0,calibrated
val-gardena,Juillet,7,6,16,65,4.2,6.0,4.2,mid,open-meteo,,,6.3,6.8,,,29.0,calibrated
val-gardena,Août,8,6,15,62,4.8,5.5,4.1,mid,open-meteo,,,6.5,6.1,,,29.0,calibrated
val-gardena,Septembre,9,3,11,44,3.5,5.8,4.1,mid,open-meteo,,,2.9,4.3,,,27.0,calibrated
val-gardena,Octobre,10,0,7,31,3.6,5.0,4.1,mid,open-meteo,,,-0.6,2.6,,,22.0,calibrated
val-gardena,Novembre,11,-5,1,29,3.5,4.0,1.0,avoid,open-meteo,,,-6.4,2.2,,,25.0,calibrated
val-gardena,Décembre,12,-9,-2,26,2.4,4.0,1.1,avoid,open-meteo,,,-10.8,1.7,,,28.0,calibrated
val-thorens,Janvier,1,-11,-4,44,5.3,4.4,0.8,avoid,open-meteo,,,-13.3,2.3,,,25.0,calibrated
val-thorens,Février,2,-9,-1,40,3.4,5.3,0.9,avoid,open-meteo,,,-11.9,3.3,,,26.0,calibrated
val-thorens,Mars,3,-9,-1,45,4.2,5.6,0.9,avoid,open-meteo,,,-9.2,4.4,,,29.0,calibrated
val-thorens,Avril,4,-5,2,47,3.2,6.3,0.9,avoid,open-meteo,,,-5.6,6.2,,,31.0,calibrated
val-thorens,Mai,5,-2,6,56,4.1,6.3,0.8,avoid,open-meteo,,,-0.4,6.3,,,29.0,calibrated
val-thorens,Juin,6,3,13,61,3.3,6.7,4.1,mid,open-meteo,,,4.7,6.4,,,28.0,calibrated
val-thorens,Juillet,7,6,16,46,2.5,7.8,4.4,mid,open-meteo,,,6.0,7.3,,,27.0,calibrated
val-thorens,Août,8,6,16,43,2.7,7.4,4.4,mid,open-meteo,,,5.6,6.7,,,27.0,calibrated
val-thorens,Septembre,9,2,12,43,2.8,6.3,4.2,mid,open-meteo,,,2.8,4.6,,,26.0,calibrated
val-thorens,Octobre,10,-1,8,36,3.4,5.6,4.1,mid,open-meteo,,,-1.0,3.2,,,23.0,calibrated
val-thorens,Novembre,11,-7,0,46,4.5,4.4,0.8,avoid,open-meteo,,,-7.7,2.5,,,26.0,calibrated
val-thorens,Décembre,12,-9,-2,45,5.8,4.2,0.8,avoid,open-meteo,,,-12.0,2.0,,,28.0,calibrated
les-menuires,Janvier,1,-10,-1,44,5.4,4.5,0.8,avoid,open-meteo,,,-11.3,2.1,,,26.0,calibrated
les-menuires,Février,2,-8,2,39,3.6,5.3,1.0,avoid,open-meteo,,,-9.4,3.1,,,27.0,calibrated
les-menuires,Mars,3,-6,3,44,4.7,5.7,0.9,avoid,open-meteo,,,-6.4,4.1,,,30.0,calibrated
les-menuires,Avril,4,-3,6,46,3.4,6.4,1.0,avoid,open-meteo,,,-3.1,5.8,,,32.0,calibrated
les-menuires,Mai,5,0,10,58,4.6,6.3,1.0,avoid,open-meteo,,,1.8,6.0,,,29.0,calibrated
les-menuires,Juin,6,5,16,58,3.9,6.9,4.2,mid,open-meteo,,,6.9,6.1,,,28.0,calibrated
les-menuires,Juillet,7,8,19,38,2.5,8.2,7.5,rec,open-meteo,,,8.1,7.3,,,27.0,calibrated
les-menuires,Août,8,7,20,37,2.7,7.6,7.5,rec,open-meteo,,,7.6,6.6,,,28.0,calibrated
les-menuires,Septembre,9,4,15,40,3.0,6.4,4.3,mid,open-meteo,,,4.7,4.5,,,26.0,calibrated
les-menuires,Octobre,10,-1,11,36,3.5,5.7,4.2,mid,open-meteo,,,0.7,3.1,,,23.0,calibrated
les-menuires,Novembre,11,-5,3,45,4.7,4.6,0.8,avoid,open-meteo,,,-5.5,2.4,,,27.0,calibrated
les-menuires,Décembre,12,-8,0,42,6.0,4.4,0.8,avoid,open-meteo,,,-9.8,1.9,,,28.0,calibrated
flaine,Janvier,1,-6,2,45,6.0,4.1,0.8,avoid,open-meteo,,,-8.4,1.9,,,23.0,calibrated
flaine,Février,2,-5,5,41,4.5,5.2,0.9,avoid,open-meteo,,,-6.8,2.9,,,24.0,calibrated
flaine,Mars,3,-3,6,45,4.8,5.8,1.0,avoid,open-meteo,,,-4.0,4.2,,,28.0,calibrated
flaine,Avril,4,0,11,48,4.4,6.6,4.1,mid,open-meteo,,,-1.0,5.9,,,31.0,calibrated
flaine,Mai,5,4,14,61,6.2,6.4,4.1,mid,open-meteo,,,4.2,5.8,,,27.0,calibrated
flaine,Juin,6,8,19,57,4.7,7.0,4.5,mid,open-meteo,,,9.0,6.1,,,26.0,calibrated
flaine,Juillet,7,11,21,45,3.9,7.9,7.5,rec,open-meteo,,,9.9,6.8,,,26.0,calibrated
flaine,Août,8,11,22,39,3.4,7.5,7.7,rec,open-meteo,,,9.7,6.2,,,27.0,calibrated
flaine,Septembre,9,7,16,46,4.1,6.1,4.3,mid,open-meteo,,,7.1,4.2,,,24.0,calibrated
flaine,Octobre,10,4,13,37,4.2,5.7,4.2,mid,open-meteo,,,3.1,2.8,,,20.0,calibrated
flaine,Novembre,11,-2,6,45,5.4,4.4,0.9,avoid,open-meteo,,,-2.4,2.3,,,24.0,calibrated
flaine,Décembre,12,-5,3,43,6.2,4.2,0.8,avoid,open-meteo,,,-7.0,1.8,,,25.0,calibrated
serre-chevalier,Janvier,1,-9,0,37,3.6,4.9,1.0,avoid,open-meteo,,,-11.4,2.3,,,25.0,calibrated
serre-chevalier,Février,2,-7,2,35,3.0,5.7,1.1,avoid,open-meteo,,,-9.6,3.4,,,27.0,calibrated
serre-chevalier,Mars,3,-6,3,35,3.5,6.4,1.1,avoid,open-meteo,,,-7.1,4.9,,,29.0,calibrated
serre-chevalier,Avril,4,-2,6,36,3.0,7.3,4.1,mid,open-meteo,,,-3.4,5.9,,,31.0,calibrated
serre-chevalier,Mai,5,1,11,48,3.8,7.2,4.1,mid,open-meteo,,,1.6,6.4,,,28.0,calibrated
serre-chevalier,Juin,6,6,18,51,3.1,7.8,4.5,mid,open-meteo,,,6.4,7.0,,,27.0,calibrated
serre-chevalier,Juillet,7,9,22,35,1.9,8.6,7.9,rec,open-meteo,,,7.1,7.7,,,27.0,calibrated
serre-chevalier,Août,8,9,22,27,2.1,8.1,8.0,rec,open-meteo,,,6.4,7.0,,,27.0,calibrated
serre-chevalier,Septembre,9,5,17,35,2.5,6.7,4.6,mid,open-meteo,,,4.0,4.9,,,25.0,calibrated
serre-chevalier,Octobre,10,2,12,33,4.4,5.9,4.2,mid,open-meteo,,,0.7,3.3,,,21.0,calibrated
serre-chevalier,Novembre,11,-4,4,41,4.7,4.7,0.9,avoid,open-meteo,,,-5.3,2.6,,,26.0,calibrated
serre-chevalier,Décembre,12,-7,1,36,4.3,4.7,1.0,avoid,open-meteo,,,-9.7,2.2,,,28.0,calibrated
la-clusaz,Janvier,1,-4,4,46,5.8,4.0,0.8,avoid,open-meteo,,,-4.6,1.8,,,25.0,calibrated
la-clusaz,Février,2,-3,6,40,4.1,5.2,1.0,avoid,open-meteo,,,-3.1,2.6,,,25.0,calibrated
la-clusaz,Mars,3,-1,8,46,4.9,5.8,1.1,avoid,open-meteo,,,-1.0,3.8,,,28.0,calibrated
la-clusaz,Avril,4,2,12,45,4.0,6.6,4.2,mid,open-meteo,,,1.8,5.4,,,31.0,calibrated
la-clusaz,Mai,5,5,15,63,5.6,6.1,4.1,mid,open-meteo,,,6.8,5.5,,,28.0,calibrated
la-clusaz,Juin,6,10,20,60,4.8,7.0,4.5,mid,open-meteo,,,11.6,6.1,,,27.0,calibrated
la-clusaz,Juillet,7,12,23,47,3.6,7.8,7.7,rec,open-meteo,,,12.3,6.8,,,27.0,calibrated
la-clusaz,Août,8,13,23,43,3.6,7.3,7.7,rec,open-meteo,,,12.3,6.3,,,28.0,calibrated
la-clusaz,Septembre,9,9,18,46,4.0,6.1,4.5,mid,open-meteo,,,9.5,4.3,,,25.0,calibrated
la-clusaz,Octobre,10,5,15,38,4.2,5.6,4.3,mid,open-meteo,,,5.9,2.9,,,21.0,calibrated
la-clusaz,Novembre,11,0,8,45,5.0,4.2,1.0,avoid,open-meteo,,,0.7,2.2,,,26.0,calibrated
la-clusaz,Décembre,12,-2,6,44,6.5,4.1,0.8,avoid,open-meteo,,,-3.3,1.6,,,26.0,calibrated
les-gets,Janvier,1,-5,3,48,5.9,3.9,0.7,avoid,open-meteo,,,-6.1,1.7,,,25.0,calibrated
les-gets,Février,2,-4,5,43,4.3,5.1,0.9,avoid,open-meteo,,,-4.5,2.6,,,25.0,calibrated
les-gets,Mars,3,-2,7,45,4.7,5.8,1.0,avoid,open-meteo,,,-2.1,3.9,,,29.0,calibrated
les-gets,Avril,4,1,11,48,4.5,6.6,4.1,mid,open-meteo,,,0.6,5.4,,,31.0,calibrated
les-gets,Mai,5,4,14,62,6.2,6.3,4.1,mid,open-meteo,,,5.6,5.5,,,28.0,calibrated
les-gets,Juin,6,10,19,62,5.6,6.9,4.4,mid,open-meteo,,,10.3,6.1,,,27.0,calibrated
les-gets,Juillet,7,11,21,51,4.7,7.6,7.4,rec,open-meteo,,,11.1,6.8,,,27.0,calibrated
les-gets,Août,8,12,22,44,4.1,7.3,7.6,rec,open-meteo,,,11.1,6.2,,,28.0,calibrated
les-gets,Septembre,9,8,17,49,4.4,6.0,4.4,mid,open-meteo,,,8.3,4.2,,,25.0,calibrated
les-gets,Octobre,10,5,13,40,4.4,5.5,4.2,mid,open-meteo,,,4.6,2.7,,,21.0,calibrated
les-gets,Novembre,11,0,7,47,5.0,4.1,0.9,avoid,open-meteo,,,-0.7,2.2,,,25.0,calibrated
les-gets,Décembre,12,-4,4,45,5.9,4.1,0.8,avoid,open-meteo,,,-4.8,1.6,,,27.0,calibrated
montgenevre,Janvier,1,-10,-1,34,2.6,5.1,1.0,avoid,open-meteo,,,-12.1,2.3,,,25.0,calibrated
montgenevre,Février,2,-8,2,30,2.2,5.9,4.1,mid,open-meteo,,,-9.9,3.3,,,25.0,calibrated
montgenevre,Mars,3,-7,3,33,2.8,6.5,4.1,mid,open-meteo,,,-7.0,4.7,,,28.0,calibrated
montgenevre,Avril,4,-3,6,35,2.4,7.4,4.1,mid,open-meteo,,,-3.4,5.9,,,31.0,calibrated
montgenevre,Mai,5,1,11,45,3.5,7.4,4.2,mid,open-meteo,,,1.5,6.4,,,28.0,calibrated
montgenevre,Juin,6,6,18,38,2.3,8.5,7.4,rec,open-meteo,,,5.9,7.0,,,27.0,calibrated
montgenevre,Juillet,7,9,22,19,1.0,9.4,8.4,rec,open-meteo,,,6.1,7.6,,,27.0,calibrated
montgenevre,Août,8,9,22,21,1.2,8.3,8.2,rec,open-meteo,,,5.7,6.8,,,27.0,calibrated
montgenevre,Septembre,9,5,17,26,1.6,7.1,7.4,rec,open-meteo,,,3.6,4.8,,,25.0,calibrated
montgenevre,Octobre,10,1,12,29,3.1,6.1,4.3,mid,open-meteo,,,0.6,3.2,,,21.0,calibrated
montgenevre,Novembre,11,-4,4,39,4.0,4.9,0.9,avoid,open-meteo,,,-5.3,2.6,,,25.0,calibrated
montgenevre,Décembre,12,-8,0,36,3.3,4.8,1.0,avoid,open-meteo,,,-10.1,2.1,,,27.0,calibrated
laax,Janvier,1,-8,0,41,2.9,4.2,0.8,avoid,open-meteo,,,-9.0,1.9,,,24.0,calibrated
laax,Février,2,-6,4,37,2.2,5.0,1.0,avoid,open-meteo,,,-7.2,2.6,,,25.0,calibrated
laax,Mars,3,-4,6,40,2.4,5.8,1.1,avoid,open-meteo,,,-4.9,3.6,,,28.0,calibrated
laax,Avril,4,-1,10,48,3.1,6.5,4.1,mid,open-meteo,,,-1.9,5.4,,,31.0,calibrated
laax,Mai,5,3,13,65,4.8,5.4,1.0,avoid,open-meteo,,,3.3,5.2,,,28.0,calibrated
laax,Juin,6,8,19,56,4.5,7.1,4.5,mid,open-meteo,,,8.0,5.7,,,26.0,calibrated
laax,Juillet,7,10,20,57,4.8,7.1,4.6,mid,open-meteo,,,10.0,6.4,,,26.0,calibrated
laax,Août,8,9,21,50,5.3,6.7,7.4,rec,open-meteo,,,9.7,5.9,,,27.0,calibrated
laax,Septembre,9,6,17,43,3.5,6.2,4.4,mid,open-meteo,,,6.2,4.0,,,25.0,calibrated
laax,Octobre,10,2,12,39,4.0,5.4,4.2,mid,open-meteo,,,2.4,2.7,,,22.0,calibrated
laax,Novembre,11,-3,5,38,2.8,4.2,0.9,avoid,open-meteo,,,-3.2,2.2,,,25.0,calibrated
laax,Décembre,12,-6,2,41,3.0,4.0,0.8,avoid,open-meteo,,,-7.3,1.7,,,27.0,calibrated
engelberg,Janvier,1,-4,3,53,5.1,1.6,0.6,avoid,open-meteo,,,-5.2,1.7,,,25.0,observed
engelberg,Février,2,-1,5,47,3.9,3.2,0.7,avoid,open-meteo,,,-3.6,2.4,,,26.0,observed
engelberg,Mars,3,0,6,48,4.4,4.1,0.8,avoid,open-meteo,,,-1.4,3.5,,,29.0,observed
engelberg,Avril,4,2,10,48,5.0,4.9,1.1,avoid,open-meteo,,,1.4,4.9,,,32.0,observed
engelberg,Mai,5,6,13,70,6.7,4.8,0.9,avoid,open-meteo,,,6.4,5.2,,,29.0,observed
engelberg,Juin,6,11,19,74,8.0,5.3,4.2,mid,open-meteo,,,11.8,5.8,,,28.0,observed
engelberg,Juillet,7,13,20,78,9.1,5.3,4.3,mid,open-meteo,,,13.7,6.2,,,26.0,observed
engelberg,Août,8,13,21,70,8.0,5.0,4.4,mid,open-meteo,,,13.6,5.6,,,28.0,observed
engelberg,Septembre,9,10,17,63,6.5,4.4,4.2,mid,open-meteo,,,10.0,4.1,,,26.0,observed
engelberg,Octobre,10,6,14,45,5.1,3.6,4.1,mid,open-meteo,,,5.9,2.6,,,23.0,observed
engelberg,Novembre,11,1,7,48,4.7,2.0,0.7,avoid,open-meteo,,,-0.1,2.0,,,26.0,observed
engelberg,Décembre,12,-1,5,47,4.9,1.0,0.6,avoid,open-meteo,,,-3.9,1.5,,,27.0,observed
wengen,Janvier,1,-4,3,53,5.2,3.8,0.7,avoid,open-meteo,,,-5.9,1.7,,,25.0,calibrated
wengen,Février,2,-3,5,47,3.9,4.5,0.8,avoid,open-meteo,,,-5.5,2.5,,,25.0,calibrated
wengen,Mars,3,-2,6,49,4.3,5.5,0.9,avoid,open-meteo,,,-3.2,3.6,,,28.0,calibrated
wengen,Avril,4,1,10,55,5.5,6.1,1.1,avoid,open-meteo,,,-0.1,5.0,,,31.0,calibrated
wengen,Mai,5,5,13,72,8.3,5.2,0.9,avoid,open-meteo,,,4.9,5.1,,,29.0,calibrated
wengen,Juin,6,9,18,65,7.8,6.4,4.3,mid,open-meteo,,,9.6,5.8,,,27.0,calibrated
wengen,Juillet,7,11,20,60,6.4,6.9,4.5,mid,open-meteo,,,11.2,6.2,,,26.0,calibrated
wengen,Août,8,12,20,51,6.4,6.8,7.3,rec,open-meteo,,,11.2,5.7,,,28.0,calibrated
wengen,Septembre,9,9,16,58,6.4,5.6,4.2,mid,open-meteo,,,8.3,4.1,,,26.0,calibrated
wengen,Octobre,10,6,13,45,4.9,5.3,4.1,mid,open-meteo,,,4.3,2.7,,,23.0,calibrated
wengen,Novembre,11,0,7,48,4.9,3.9,0.8,avoid,open-meteo,,,-0.5,2.1,,,26.0,calibrated
wengen,Décembre,12,-2,4,45,4.7,3.8,0.8,avoid,open-meteo,,,-4.3,1.6,,,27.0,calibrated
mayrhofen,Janvier,1,-4,6,49,3.8,0.1,0.6,avoid,open-meteo,,,-3.9,1.9,,,25.0,observed
mayrhofen,Février,2,-1,8,46,3.2,2.4,0.8,avoid,open-meteo,,,-1.9,2.6,,,25.0,observed
mayrhofen,Mars,3,1,10,49,3.5,4.2,1.0,avoid,open-meteo,,,0.5,4.2,,,28.0,observed
mayrhofen,Avril,4,4,14,52,4.0,4.1,4.1,mid,open-meteo,,,3.4,5.5,,,30.0,observed
mayrhofen,Mai,5,7,18,67,6.3,5.9,4.3,mid,open-meteo,,,8.3,5.3,,,28.0,observed
mayrhofen,Juin,6,12,24,62,5.6,5.5,7.3,rec,open-meteo,,,13.3,5.6,,,28.0,observed
mayrhofen,Juillet,7,14,25,65,6.2,5.9,7.4,rec,open-meteo,,,15.2,6.1,,,26.0,observed
mayrhofen,Août,8,14,25,56,6.1,5.7,7.5,rec,open-meteo,,,15.2,5.7,,,27.0,observed
mayrhofen,Septembre,9,11,22,49,5.2,4.6,7.4,rec,open-meteo,,,11.3,4.1,,,25.0,observed
mayrhofen,Octobre,10,7,18,41,4.2,2.8,4.4,mid,open-meteo,,,7.6,2.8,,,22.0,observed
mayrhofen,Novembre,11,1,11,43,3.8,0.7,0.9,avoid,open-meteo,,,1.6,2.2,,,25.0,observed
mayrhofen,Décembre,12,-2,8,45,3.6,0.4,0.7,avoid,open-meteo,,,-2.0,1.6,,,27.0,observed
zell-am-see,Janvier,1,-4,4,51,3.3,3.6,0.7,avoid,open-meteo,,,-4.1,1.8,,,23.0,calibrated
zell-am-see,Février,2,-2,7,43,3.0,4.6,1.0,avoid,open-meteo,,,-3.2,2.6,,,23.0,calibrated
zell-am-see,Mars,3,0,10,47,2.8,5.3,4.1,mid,open-meteo,,,-0.9,4.0,,,26.0,calibrated
zell-am-see,Avril,4,3,14,49,3.0,6.1,4.2,mid,open-meteo,,,2.2,5.1,,,29.0,calibrated
zell-am-see,Mai,5,7,18,65,4.8,5.4,4.2,mid,open-meteo,,,7.5,5.6,,,26.0,calibrated
zell-am-see,Juin,6,12,24,55,4.3,6.7,7.5,rec,open-meteo,,,12.1,5.8,,,26.0,calibrated
zell-am-see,Juillet,7,14,24,60,4.9,6.4,7.4,rec,open-meteo,,,13.9,6.4,,,26.0,calibrated
zell-am-see,Août,8,14,25,50,4.7,6.6,7.7,rec,open-meteo,,,14.4,6.0,,,26.0,calibrated
zell-am-see,Septembre,9,11,21,44,4.1,6.1,7.4,rec,open-meteo,,,10.5,4.1,,,24.0,calibrated
zell-am-see,Octobre,10,6,17,40,3.5,5.2,4.4,mid,open-meteo,,,7.0,2.8,,,19.0,calibrated
zell-am-see,Novembre,11,1,10,40,3.2,4.2,4.1,mid,open-meteo,,,1.6,2.2,,,23.0,calibrated
zell-am-see,Décembre,12,-1,6,46,3.2,3.5,0.8,avoid,open-meteo,,,-1.9,1.5,,,25.0,calibrated
schladming,Janvier,1,-4,4,52,4.1,3.4,0.7,avoid,open-meteo,,,-3.8,1.7,,,25.0,calibrated
schladming,Février,2,-2,6,48,3.9,4.3,0.8,avoid,open-meteo,,,-2.2,2.3,,,25.0,calibrated
schladming,Mars,3,0,8,50,3.6,5.3,1.0,avoid,open-meteo,,,-0.1,3.7,,,28.0,calibrated
schladming,Avril,4,3,13,51,3.5,6.2,4.1,mid,open-meteo,,,2.8,5.2,,,30.0,calibrated
schladming,Mai,5,6,16,69,5.8,5.3,4.1,mid,open-meteo,,,8.0,5.3,,,28.0,calibrated
schladming,Juin,6,12,22,64,5.6,6.5,7.3,rec,open-meteo,,,13.0,5.8,,,28.0,calibrated
schladming,Juillet,7,14,24,69,6.7,6.1,7.3,rec,open-meteo,,,14.7,6.2,,,27.0,calibrated
schladming,Août,8,14,24,60,6.3,6.3,7.4,rec,open-meteo,,,14.9,6.0,,,27.0,calibrated
schladming,Septembre,9,10,20,51,5.3,5.9,4.6,mid,open-meteo,,,10.8,3.9,,,26.0,calibrated
schladming,Octobre,10,6,16,42,3.8,5.2,4.3,mid,open-meteo,,,7.5,2.8,,,22.0,calibrated
schladming,Novembre,11,1,9,42,3.6,4.1,1.1,avoid,open-meteo,,,1.7,2.1,,,24.0,calibrated
schladming,Décembre,12,-2,6,50,4.2,3.3,0.7,avoid,open-meteo,,,-1.9,1.5,,,26.0,calibrated
courmayeur,Janvier,1,-6,3,44,4.7,4.5,0.8,avoid,open-meteo,,,-7.6,2.3,,,25.0,calibrated
courmayeur,Février,2,-4,5,42,3.2,5.3,0.9,avoid,open-meteo,,,-5.5,3.2,,,26.0,calibrated
courmayeur,Mars,3,-2,7,43,4.2,6.0,1.1,avoid,open-meteo,,,-3.1,4.3,,,29.0,calibrated
courmayeur,Avril,4,1,10,41,3.6,7.0,4.2,mid,open-meteo,,,-0.0,6.3,,,31.0,calibrated
courmayeur,Mai,5,4,15,51,4.4,7.0,4.2,mid,open-meteo,,,4.9,6.3,,,28.0,calibrated
courmayeur,Juin,6,9,21,52,4.4,7.5,7.4,rec,open-meteo,,,10.1,6.7,,,27.0,calibrated
courmayeur,Juillet,7,12,24,33,2.5,8.6,8.1,rec,open-meteo,,,11.0,7.3,,,27.0,calibrated
courmayeur,Août,8,11,24,33,2.6,7.8,8.0,rec,open-meteo,,,10.8,6.8,,,27.0,calibrated
courmayeur,Septembre,9,8,19,36,2.6,6.6,7.4,rec,open-meteo,,,7.9,4.6,,,26.0,calibrated
courmayeur,Octobre,10,4,15,39,4.0,5.7,4.3,mid,open-meteo,,,4.5,3.0,,,22.0,calibrated
courmayeur,Novembre,11,-2,7,41,5.0,4.7,1.0,avoid,open-meteo,,,-2.0,2.6,,,26.0,calibrated
courmayeur,Décembre,12,-5,4,41,4.8,4.4,0.9,avoid,open-meteo,,,-6.2,2.0,,,27.0,calibrated
mammoth-mountain,Janvier,1,-8,1,30,5.1,5.9,1.2,avoid,open-meteo,,,-10.3,3.7,,,34.0,calibrated
mammoth-mountain,Février,2,-9,2,33,5.0,6.2,1.2,avoid,open-meteo,,,-10.7,5.0,,,40.0,calibrated
mammoth-mountain,Mars,3,-7,2,36,4.5,6.9,1.2,avoid,open-meteo,,,-8.4,6.4,,,44.0,calibrated
mammoth-mountain,Avril,4,-3,7,20,1.6,8.3,4.3,mid,open-meteo,,,-5.4,7.9,,,45.0,calibrated
mammoth-mountain,Mai,5,0,12,24,1.1,8.9,4.5,mid,open-meteo,,,-2.1,8.6,,,43.0,calibrated
mammoth-mountain,Juin,6,6,21,9,0.4,9.8,8.5,rec,open-meteo,,,0.4,8.8,,,40.0,calibrated
mammoth-mountain,Juillet,7,10,25,9,0.3,9.7,9.0,rec,open-meteo,,,1.5,8.6,,,46.0,calibrated
mammoth-mountain,Août,8,9,24,11,0.5,9.1,8.7,rec,open-meteo,,,0.6,8.1,,,39.0,calibrated
mammoth-mountain,Septembre,9,6,20,8,0.3,8.4,8.2,rec,open-meteo,,,-1.9,7.1,,,37.0,calibrated
mammoth-mountain,Octobre,10,1,15,9,0.8,7.5,7.4,rec,open-meteo,,,-5.7,5.5,,,33.0,calibrated
mammoth-mountain,Novembre,11,-3,8,20,2.1,6.3,4.2,mid,open-meteo,,,-9.4,4.0,,,36.0,calibrated
mammoth-mountain,Décembre,12,-7,3,27,4.0,5.8,4.1,mid,open-meteo,,,-10.7,3.3,,,36.0,calibrated
stowe,Janvier,1,-12,-1,46,2.7,3.0,0.7,avoid,open-meteo,,,-10.6,1.8,,,26.0,calibrated
stowe,Février,2,-11,0,48,2.7,3.8,0.7,avoid,open-meteo,,,-10.1,3.0,,,28.0,calibrated
stowe,Mars,3,-5,4,46,3.1,4.7,0.8,avoid,open-meteo,,,-6.5,3.8,,,32.0,calibrated
stowe,Avril,4,0,11,49,3.8,4.9,4.1,mid,open-meteo,,,-0.5,5.0,,,33.0,calibrated
stowe,Mai,5,7,19,42,3.3,6.5,7.3,rec,open-meteo,,,7.2,5.7,,,28.0,calibrated
stowe,Juin,6,13,23,51,4.0,6.8,7.5,rec,open-meteo,,,12.6,6.3,,,30.0,calibrated
stowe,Juillet,7,16,26,48,4.1,7.2,7.8,rec,open-meteo,,,16.4,7.2,,,30.0,calibrated
stowe,Août,8,15,25,50,3.3,6.6,7.7,rec,open-meteo,,,15.8,5.9,,,28.0,calibrated
stowe,Septembre,9,11,21,30,2.7,6.7,7.7,rec,open-meteo,,,12.4,5.2,,,24.0,calibrated
stowe,Octobre,10,5,14,43,4.1,4.4,4.2,mid,open-meteo,,,6.0,3.4,,,25.0,calibrated
stowe,Novembre,11,-2,5,52,3.4,2.9,0.6,avoid,open-meteo,,,-1.8,2.2,,,24.0,calibrated
stowe,Décembre,12,-8,0,51,3.4,2.6,0.6,avoid,open-meteo,,,-6.4,1.7,,,27.0,calibrated
killington,Janvier,1,-16,-7,41,3.1,3.8,0.8,avoid,open-meteo,,,-15.6,1.8,,,26.0,calibrated
killington,Février,2,-15,-6,43,3.0,4.4,0.8,avoid,open-meteo,,,-15.1,3.2,,,29.0,calibrated
killington,Mars,3,-11,-2,41,3.2,5.5,0.9,avoid,open-meteo,,,-12.1,3.9,,,32.0,calibrated
killington,Avril,4,-5,4,49,3.9,5.3,0.8,avoid,open-meteo,,,-6.1,4.7,,,33.0,calibrated
killington,Mai,5,2,12,45,3.3,6.5,4.2,mid,open-meteo,,,1.3,5.6,,,29.0,calibrated
killington,Juin,6,7,17,50,3.6,6.8,4.4,mid,open-meteo,,,6.5,6.7,,,31.0,calibrated
killington,Juillet,7,11,20,48,4.3,7.4,7.4,rec,open-meteo,,,10.2,7.2,,,32.0,calibrated
killington,Août,8,10,18,46,3.2,7.2,4.5,mid,open-meteo,,,9.6,6.2,,,28.0,calibrated
killington,Septembre,9,6,15,32,3.0,6.8,4.4,mid,open-meteo,,,6.3,5.1,,,24.0,calibrated
killington,Octobre,10,0,8,41,4.3,5.1,1.1,avoid,open-meteo,,,0.2,3.7,,,25.0,calibrated
killington,Novembre,11,-8,-1,45,3.3,3.9,0.8,avoid,open-meteo,,,-7.4,2.4,,,25.0,calibrated
killington,Décembre,12,-13,-5,44,3.4,3.5,0.8,avoid,open-meteo,,,-11.6,1.8,,,27.0,calibrated
sun-valley,Janvier,1,-11,0,34,1.9,5.1,1.0,avoid,open-meteo,,,-10.2,2.5,,,34.0,calibrated
sun-valley,Février,2,-11,0,37,2.6,5.6,1.0,avoid,open-meteo,,,-9.4,3.8,,,38.0,calibrated
sun-valley,Mars,3,-8,3,37,2.2,6.4,1.1,avoid,open-meteo,,,-6.6,5.5,,,43.0,calibrated
sun-valley,Avril,4,-4,8,29,1.3,7.8,4.2,mid,open-meteo,,,-3.9,7.0,,,44.0,calibrated
sun-valley,Mai,5,0,14,38,1.8,7.9,4.3,mid,open-meteo,,,0.7,7.5,,,45.0,calibrated
sun-valley,Juin,6,5,21,23,1.1,9.4,8.1,rec,open-meteo,,,3.3,7.9,,,37.0,calibrated
sun-valley,Juillet,7,10,28,10,0.4,9.9,9.3,rec,open-meteo,,,3.9,7.9,,,41.0,calibrated
sun-valley,Août,8,10,27,15,0.8,8.7,8.9,rec,open-meteo,,,3.8,7.3,,,40.0,calibrated
sun-valley,Septembre,9,5,21,21,1.0,7.5,7.9,rec,open-meteo,,,1.2,6.0,,,34.0,calibrated
sun-valley,Octobre,10,-1,12,21,1.4,6.6,4.4,mid,open-meteo,,,-2.2,4.5,,,30.0,calibrated
sun-valley,Novembre,11,-6,5,27,1.4,5.6,4.1,mid,open-meteo,,,-7.5,2.9,,,33.0,calibrated
sun-valley,Décembre,12,-12,0,33,2.2,4.9,1.0,avoid,open-meteo,,,-10.6,2.4,,,35.0,calibrated
lake-louise,Janvier,1,-12,-5,31,1.2,3.5,0.9,avoid,open-meteo,,,-12.3,1.3,,,32.0,calibrated
lake-louise,Février,2,-14,-5,41,1.7,4.4,0.9,avoid,open-meteo,,,-13.1,2.4,,,36.0,calibrated
lake-louise,Mars,3,-9,0,40,1.6,5.5,1.0,avoid,open-meteo,,,-9.1,4.2,,,40.0,calibrated
lake-louise,Avril,4,-5,4,42,1.4,6.5,1.0,avoid,open-meteo,,,-5.6,5.4,,,43.0,calibrated
lake-louise,Mai,5,1,10,38,1.9,7.9,4.2,mid,open-meteo,,,0.1,6.2,,,42.0,calibrated
lake-louise,Juin,6,4,14,52,2.9,7.3,4.2,mid,open-meteo,,,4.4,6.6,,,37.0,calibrated
lake-louise,Juillet,7,9,20,46,2.2,8.0,7.4,rec,open-meteo,,,7.3,7.0,,,36.0,calibrated
lake-louise,Août,8,9,20,37,1.8,7.5,7.5,rec,open-meteo,,,6.9,5.9,,,34.0,calibrated
lake-louise,Septembre,9,4,14,40,1.8,6.0,4.2,mid,open-meteo,,,3.7,4.6,,,31.0,calibrated
lake-louise,Octobre,10,-3,4,38,2.1,4.6,0.9,avoid,open-meteo,,,-2.1,2.7,,,33.0,calibrated
lake-louise,Novembre,11,-10,-2,44,2.0,2.9,0.7,avoid,open-meteo,,,-8.7,1.6,,,33.0,calibrated
lake-louise,Décembre,12,-13,-6,42,2.0,2.7,0.7,avoid,open-meteo,,,-13.6,1.2,,,35.0,calibrated
revelstoke,Janvier,1,-6,0,56,3.2,2.3,0.6,avoid,open-meteo,,,-7.4,1.1,,,31.0,calibrated
revelstoke,Février,2,-6,1,61,3.6,3.4,0.6,avoid,open-meteo,,,-7.7,2.0,,,35.0,calibrated
revelstoke,Mars,3,-2,6,54,3.2,4.7,0.7,avoid,open-meteo,,,-4.2,3.6,,,41.0,calibrated
revelstoke,Avril,4,2,10,47,2.4,6.2,4.1,mid,open-meteo,,,-1.6,4.7,,,41.0,calibrated
revelstoke,Mai,5,4,17,40,3.0,7.4,4.5,mid,open-meteo,,,4.2,5.6,,,40.0,calibrated
revelstoke,Juin,6,9,20,50,3.8,7.3,7.3,rec,open-meteo,,,8.8,5.9,,,33.0,calibrated
revelstoke,Juillet,7,13,26,35,2.5,8.6,8.2,rec,open-meteo,,,10.9,6.7,,,35.0,calibrated
revelstoke,Août,8,13,26,27,2.2,8.1,8.4,rec,open-meteo,,,10.6,5.8,,,32.0,calibrated
revelstoke,Septembre,9,9,19,46,3.6,6.0,4.6,mid,open-meteo,,,8.5,4.5,,,28.0,calibrated
revelstoke,Octobre,10,3,9,56,4.8,3.9,0.8,avoid,open-meteo,,,3.4,2.3,,,31.0,calibrated
revelstoke,Novembre,11,-1,4,62,5.0,1.9,0.5,avoid,open-meteo,,,-2.1,1.3,,,33.0,calibrated
revelstoke,Décembre,12,-6,-1,61,4.3,1.4,0.5,avoid,open-meteo,,,-6.9,1.0,,,32.0,calibrated
bansko,Janvier,1,-3,6,32,3.1,5.2,1.2,avoid,open-meteo,,,-5.4,2.4,,,25.0,calibrated
bansko,Février,2,-2,8,31,2.1,5.7,4.1,mid,open-meteo,,,-2.9,3.5,,,27.0,calibrated
bansko,Mars,3,0,11,43,3.2,5.8,4.1,mid,open-meteo,,,-0.9,4.9,,,30.0,calibrated
bansko,Avril,4,3,16,38,2.7,7.1,4.5,mid,open-meteo,,,2.4,6.3,,,33.0,calibrated
bansko,Mai,5,7,19,45,2.8,7.2,7.3,rec,open-meteo,,,7.3,6.4,,,27.0,calibrated
bansko,Juin,6,12,24,29,1.6,8.8,8.2,rec,open-meteo,,,11.3,7.9,,,28.0,calibrated
bansko,Juillet,7,14,26,18,1.2,9.3,8.8,rec,open-meteo,,,12.3,7.9,,,31.0,calibrated
bansko,Août,8,14,26,17,1.0,8.6,8.7,rec,open-meteo,,,11.4,7.0,,,30.0,calibrated
bansko,Septembre,9,10,23,18,1.3,7.5,8.3,rec,open-meteo,,,8.3,5.4,,,26.0,calibrated
bansko,Octobre,10,6,18,22,2.0,6.5,7.5,rec,open-meteo,,,4.7,4.5,,,25.0,calibrated
bansko,Novembre,11,3,12,36,4.3,5.1,4.2,mid,open-meteo,,,1.3,2.7,,,23.0,calibrated
bansko,Décembre,12,-1,7,34,3.1,4.9,4.1,mid,open-meteo,,,-2.4,1.9,,,25.0,calibrated
jasna,Janvier,1,-12,-6,44,2.2,2.4,0.7,avoid,open-meteo,,,-11.0,1.2,,,23.0,calibrated
jasna,Février,2,-10,-3,49,2.9,3.2,0.7,avoid,open-meteo,,,-8.9,1.5,,,24.0,calibrated
jasna,Mars,3,-8,0,35,1.8,5.5,1.0,avoid,open-meteo,,,-7.9,3.1,,,27.0,calibrated
jasna,Avril,4,-4,5,48,2.6,6.0,0.9,avoid,open-meteo,,,-4.0,4.6,,,31.0,calibrated
jasna,Mai,5,0,9,60,3.8,6.3,0.9,avoid,open-meteo,,,1.1,5.6,,,28.0,calibrated
jasna,Juin,6,6,15,57,3.9,7.1,4.2,mid,open-meteo,,,6.0,6.2,,,28.0,calibrated
jasna,Juillet,7,7,16,57,4.1,7.0,4.3,mid,open-meteo,,,6.8,6.4,,,29.0,calibrated
jasna,Août,8,7,16,49,3.6,7.0,4.3,mid,open-meteo,,,7.6,5.5,,,30.0,calibrated
jasna,Septembre,9,4,12,44,3.3,5.9,4.2,mid,open-meteo,,,3.7,3.7,,,27.0,calibrated
jasna,Octobre,10,-1,6,38,2.6,4.6,1.0,avoid,open-meteo,,,-0.2,2.4,,,23.0,calibrated
jasna,Novembre,11,-5,0,40,2.7,2.9,0.8,avoid,open-meteo,,,-4.7,1.7,,,24.0,calibrated
jasna,Décembre,12,-9,-4,43,2.4,1.6,0.7,avoid,open-meteo,,,-8.3,1.2,,,24.0,calibrated
thredbo,Janvier,1,11,21,43,3.5,7.9,7.6,rec,open-meteo,,,8.1,8.3,,,16.0,calibrated
thredbo,Février,2,10,19,32,2.5,8.0,7.5,rec,open-meteo,,,7.2,8.5,,,16.0,calibrated
thredbo,Mars,3,9,17,36,2.9,7.1,7.2,rec,open-meteo,,,5.7,7.1,,,18.0,calibrated
thredbo,Avril,4,5,12,31,3.3,6.4,4.3,mid,open-meteo,,,3.1,5.0,,,16.0,calibrated
thredbo,Mai,5,1,8,38,4.3,5.8,4.1,mid,open-meteo,,,-0.3,3.5,,,16.0,calibrated
thredbo,Juin,6,-1,4,42,5.2,4.8,0.9,avoid,open-meteo,,,-2.1,2.3,,,17.0,calibrated
thredbo,Juillet,7,-2,3,52,5.7,4.3,0.7,avoid,open-meteo,,,-3.3,2.9,,,20.0,calibrated
thredbo,Août,8,-2,4,48,5.8,5.3,0.8,avoid,open-meteo,,,-2.6,3.7,,,22.0,calibrated
thredbo,Septembre,9,0,7,44,5.0,6.3,1.1,avoid,open-meteo,,,-1.3,5.3,,,22.0,calibrated
thredbo,Octobre,10,2,11,45,4.6,7.0,4.2,mid,open-meteo,,,1.4,6.9,,,21.0,calibrated
thredbo,Novembre,11,6,15,48,5.4,7.5,4.3,mid,open-meteo,,,3.7,8.1,,,22.0,calibrated
thredbo,Décembre,12,8,18,39,4.0,8.3,7.3,rec,open-meteo,,,5.6,9.0,,,23.0,calibrated
perisher,Janvier,1,10,19,50,4.5,7.5,4.6,mid,open-meteo,,,8.1,8.6,,,16.0,calibrated
perisher,Février,2,8,18,43,3.1,7.5,7.3,rec,open-meteo,,,7.2,8.6,,,16.0,calibrated
perisher,Mars,3,7,15,42,3.4,6.8,4.3,mid,open-meteo,,,5.7,7.2,,,18.0,calibrated
perisher,Avril,4,4,12,31,2.9,6.4,4.3,mid,open-meteo,,,3.1,4.9,,,16.0,calibrated
perisher,Mai,5,0,7,37,3.4,5.9,4.1,mid,open-meteo,,,-0.3,3.6,,,16.0,calibrated
perisher,Juin,6,-2,3,40,3.9,4.8,0.9,avoid,open-meteo,,,-2.1,2.3,,,17.0,calibrated
perisher,Juillet,7,-3,2,46,4.4,4.7,0.8,avoid,open-meteo,,,-3.3,2.9,,,20.0,calibrated
perisher,Août,8,-3,3,46,4.7,5.3,0.8,avoid,open-meteo,,,-2.6,3.7,,,22.0,calibrated
perisher,Septembre,9,-2,6,46,4.1,6.3,1.0,avoid,open-meteo,,,-1.3,5.2,,,22.0,calibrated
perisher,Octobre,10,1,10,46,3.9,7.0,4.1,mid,open-meteo,,,1.4,7.1,,,21.0,calibrated
perisher,Novembre,11,4,14,53,5.4,7.2,4.2,mid,open-meteo,,,3.7,8.2,,,22.0,calibrated
perisher,Décembre,12,7,17,45,4.0,8.0,4.5,mid,open-meteo,,,5.6,9.0,,,23.0,calibrated
valle-nevado,Janvier,1,7,16,38,1.7,8.4,7.2,rec,open-meteo,,,2.2,10.3,,,51.0,calibrated
valle-nevado,Février,2,7,16,31,1.2,8.2,7.3,rec,open-meteo,,,1.7,9.4,,,49.0,calibrated
valle-nevado,Mars,3,6,15,21,0.8,7.9,7.3,rec,open-meteo,,,-0.7,8.2,,,47.0,calibrated
valle-nevado,Avril,4,2,11,25,2.0,7.1,4.3,mid,open-meteo,,,-4.8,5.8,,,32.0,calibrated
valle-nevado,Mai,5,-2,5,28,2.8,6.3,4.1,mid,open-meteo,,,-9.7,4.1,,,35.0,calibrated
valle-nevado,Juin,6,-5,1,32,4.8,5.6,1.1,avoid,open-meteo,,,-14.2,3.2,,,35.0,calibrated
valle-nevado,Juillet,7,-5,1,23,2.4,6.4,4.1,mid,open-meteo,,,-16.4,4.4,,,43.0,calibrated
valle-nevado,Août,8,-4,2,25,2.8,6.8,4.1,mid,open-meteo,,,-15.5,5.3,,,45.0,calibrated
valle-nevado,Septembre,9,-3,3,23,2.1,7.4,4.2,mid,open-meteo,,,-11.3,6.5,,,50.0,calibrated
valle-nevado,Octobre,10,-2,6,31,1.8,7.9,4.1,mid,open-meteo,,,-6.4,8.0,,,45.0,calibrated
valle-nevado,Novembre,11,2,11,46,1.9,7.7,4.2,mid,open-meteo,,,-1.9,9.7,,,49.0,calibrated
valle-nevado,Décembre,12,5,14,35,1.4,8.7,4.4,mid,open-meteo,,,0.5,10.3,,,54.0,calibrated
gulmarg,Janvier,1,-8,-2,33,3.4,6.1,1.1,avoid,open-meteo,,,-13.8,4.2,,,76.0,calibrated
gulmarg,Février,2,-6,0,31,3.4,6.4,4.1,mid,open-meteo,,,-11.7,4.9,,,75.0,calibrated
gulmarg,Mars,3,-3,3,39,4.2,6.7,1.1,avoid,open-meteo,,,-5.3,6.2,,,74.0,calibrated
gulmarg,Avril,4,1,9,55,4.7,6.5,1.0,avoid,open-meteo,,,-0.2,6.8,,,53.0,calibrated
gulmarg,Mai,5,5,14,73,5.2,6.2,1.0,avoid,open-meteo,,,3.9,8.7,,,48.0,calibrated
gulmarg,Juin,6,8,18,75,4.9,6.6,4.2,mid,open-meteo,,,7.7,8.5,,,52.0,calibrated
gulmarg,Juillet,7,12,20,83,7.6,5.6,4.2,mid,open-meteo,,,12.2,8.6,,,53.0,calibrated
gulmarg,Août,8,11,20,81,6.3,5.6,4.2,mid,open-meteo,,,11.6,7.1,,,38.0,calibrated
gulmarg,Septembre,9,8,18,57,3.3,6.5,4.4,mid,open-meteo,,,7.2,7.7,,,41.0,calibrated
gulmarg,Octobre,10,2,13,42,2.0,6.4,4.2,mid,open-meteo,,,0.2,6.2,,,42.0,calibrated
gulmarg,Novembre,11,-2,6,23,1.8,6.5,4.2,mid,open-meteo,,,-5.7,4.7,,,59.0,calibrated
gulmarg,Décembre,12,-5,2,14,0.9,6.6,4.2,mid,open-meteo,,,-12.9,3.7,,,76.0,calibrated
oukaimeden,Janvier,1,-2,6,14,0.9,6.9,4.2,mid,open-meteo,,,-9.3,4.8,,,26.0,calibrated
oukaimeden,Février,2,-3,6,26,1.8,6.9,4.1,mid,open-meteo,,,-7.0,6.0,,,28.0,calibrated
oukaimeden,Mars,3,-2,7,32,1.8,7.1,4.1,mid,open-meteo,,,-4.7,7.0,,,33.0,calibrated
oukaimeden,Avril,4,2,11,47,2.3,7.3,4.1,mid,open-meteo,,,-1.5,8.5,,,37.0,calibrated
oukaimeden,Mai,5,6,16,49,2.6,7.5,4.4,mid,open-meteo,,,0.7,8.9,,,37.0,calibrated
oukaimeden,Juin,6,10,20,36,1.9,8.2,7.6,rec,open-meteo,,,3.0,9.2,,,35.0,calibrated
oukaimeden,Juillet,7,14,23,28,1.5,8.5,8.1,rec,open-meteo,,,2.3,9.1,,,52.0,calibrated
oukaimeden,Août,8,13,23,48,2.7,7.4,7.6,rec,open-meteo,,,4.0,8.7,,,46.0,calibrated
oukaimeden,Septembre,9,9,18,45,2.3,6.8,4.5,mid,open-meteo,,,3.9,7.9,,,36.0,calibrated
oukaimeden,Octobre,10,6,15,35,1.7,6.7,4.4,mid,open-meteo,,,1.0,6.3,,,27.0,calibrated
oukaimeden,Novembre,11,2,10,25,1.3,6.6,4.3,mid,open-meteo,,,-3.7,4.9,,,31.0,calibrated
oukaimeden,Décembre,12,-1,7,17,1.3,6.6,4.2,mid,open-meteo,,,-7.1,4.5,,,26.0,calibrated
bakuriani,Janvier,1,-8,0,37,2.2,0.3,0.7,avoid,open-meteo,,,-9.2,2.6,,,26.0,observed
bakuriani,Février,2,-7,2,42,2.3,0.4,0.6,avoid,open-meteo,,,-7.4,3.6,,,28.0,observed
bakuriani,Mars,3,-4,4,52,3.4,0.4,0.5,avoid,open-meteo,,,-4.2,4.5,,,31.0,observed
bakuriani,Avril,4,0,10,54,3.4,0.4,0.7,avoid,open-meteo,,,0.1,6.4,,,29.0,observed
bakuriani,Mai,5,4,15,75,5.2,0.5,0.7,avoid,open-meteo,,,5.2,5.9,,,27.0,observed
bakuriani,Juin,6,9,19,66,4.5,0.5,4.1,mid,open-meteo,,,10.2,7.6,,,24.0,observed
bakuriani,Juillet,7,12,20,51,3.2,0.5,4.3,mid,open-meteo,,,12.0,7.8,,,28.0,observed
bakuriani,Août,8,12,22,36,1.6,0.4,7.3,rec,open-meteo,,,11.5,7.0,,,26.0,observed
bakuriani,Septembre,9,8,17,46,3.0,0.4,4.2,mid,open-meteo,,,8.5,5.9,,,26.0,observed
bakuriani,Octobre,10,3,13,38,2.8,0.4,1.1,avoid,open-meteo,,,3.4,4.0,,,24.0,observed
bakuriani,Novembre,11,-2,7,31,2.1,0.3,0.8,avoid,open-meteo,,,-2.5,2.8,,,26.0,observed
bakuriani,Décembre,12,-6,3,35,2.4,0.3,0.7,avoid,open-meteo,,,-6.6,2.4,,,29.0,observed
perouse,Janvier,1,0,8,30,2.1,4.1,4.1,mid,open-meteo,,,0.9,2.0,,,33.0,calibrated
perouse,Février,2,1,10,34,2.6,4.7,4.1,mid,open-meteo,,,1.9,3.1,,,42.0,calibrated
perouse,Mars,3,3,13,36,2.7,5.5,4.2,mid,open-meteo,,,2.8,4.1,,,31.0,calibrated
perouse,Avril,4,6,17,34,2.3,6.6,7.2,rec,open-meteo,,,5.1,6.1,,,33.0,calibrated
perouse,Mai,5,10,21,44,2.7,6.7,7.5,rec,open-meteo,,,9.4,6.7,,,30.0,calibrated
perouse,Juin,6,15,27,29,2.0,8.3,8.5,rec,open-meteo,,,12.6,7.3,,,32.0,calibrated
perouse,Juillet,7,18,31,15,1.0,9.2,8.7,rec,open-meteo,,,13.6,7.5,,,33.0,calibrated
perouse,Août,8,18,30,22,1.4,8.1,8.5,rec,open-meteo,,,13.7,6.8,,,33.0,calibrated
perouse,Septembre,9,14,24,30,3.2,6.6,8.0,rec,open-meteo,,,11.9,5.1,,,28.0,calibrated
perouse,Octobre,10,10,19,33,3.2,5.3,7.3,rec,open-meteo,,,9.9,3.3,,,24.0,calibrated
perouse,Novembre,11,6,13,38,3.5,4.2,4.2,mid,open-meteo,,,6.3,2.5,,,29.0,calibrated
perouse,Décembre,12,2,9,31,3.2,3.9,4.1,mid,open-meteo,,,2.9,1.9,,,29.0,calibrated
luanda,Janvier,1,24,30,36,2.2,7.0,5.4,mid,open-meteo,,,22.3,,,,,observed
luanda,Février,2,25,30,38,3.3,7.2,5.4,mid,open-meteo,,,22.8,,,,,observed
luanda,Mars,3,24,30,45,3.4,6.7,5.2,mid,open-meteo,,,23.2,,,,,observed
luanda,Avril,4,25,30,56,3.9,6.4,5.0,mid,open-meteo,,,23.7,,,,,observed
luanda,Mai,5,23,30,8,0.4,7.4,6.1,mid,open-meteo,,,22.3,,,,,observed
luanda,Juin,6,20,28,0,0.0,6.9,9.2,rec,open-meteo,,,19.4,,,,,observed
luanda,Juillet,7,19,26,0,0.0,5.4,8.8,rec,open-meteo,,,17.9,,,,,observed
luanda,Août,8,20,26,2,0.1,4.8,8.6,rec,open-meteo,,,18.0,,,,,observed
luanda,Septembre,9,21,26,4,0.2,5.0,8.6,rec,open-meteo,,,19.1,,,,,observed
luanda,Octobre,10,23,28,12,0.5,5.4,8.6,rec,open-meteo,,,20.7,,,,,observed
luanda,Novembre,11,24,30,43,3.4,6.2,5.2,mid,open-meteo,,,22.1,,,,,observed
luanda,Décembre,12,24,30,46,3.2,6.5,5.2,mid,open-meteo,,,22.1,,,,,observed
bujumbura,Janvier,1,20,27,53,3.9,5.4,7.6,rec,open-meteo,,,19.0,,,,,observed
bujumbura,Février,2,21,28,35,2.6,5.6,8.1,rec,open-meteo,,,19.2,,,,,observed
bujumbura,Mars,3,21,28,41,3.0,5.7,8.0,rec,open-meteo,,,19.3,,,,,observed
bujumbura,Avril,4,20,26,56,6.0,5.5,7.5,rec,open-meteo,,,19.3,,,,,observed
bujumbura,Mai,5,20,26,37,2.4,6.8,8.0,rec,open-meteo,,,18.7,,,,,observed
bujumbura,Juin,6,20,26,4,0.3,8.5,9.1,rec,open-meteo,,,17.2,,,,,observed
bujumbura,Juillet,7,19,26,3,0.1,8.8,9.2,rec,open-meteo,,,16.0,,,,,observed
bujumbura,Août,8,20,28,4,0.2,8.1,9.3,rec,open-meteo,,,15.8,,,,,observed
bujumbura,Septembre,9,21,29,12,0.6,7.1,8.8,rec,open-meteo,,,16.4,,,,,observed
bujumbura,Octobre,10,21,28,30,1.6,6.1,8.3,rec,open-meteo,,,17.3,,,,,observed
bujumbura,Novembre,11,21,27,44,2.4,5.0,7.8,rec,open-meteo,,,18.1,,,,,observed
bujumbura,Décembre,12,20,27,48,4.0,5.3,7.7,rec,open-meteo,,,18.7,,,,,observed
bangui,Janvier,1,22,36,4,0.1,7.1,4.8,mid,open-meteo,,,14.2,,,,,observed
bangui,Février,2,24,36,10,0.4,7.4,4.8,mid,open-meteo,,,16.4,,,,,observed
bangui,Mars,3,24,33,32,2.0,6.7,5.0,mid,open-meteo,,,21.2,,,,,observed
bangui,Avril,4,24,32,41,3.5,6.5,5.0,mid,open-meteo,,,22.1,,,,,observed
bangui,Mai,5,24,31,48,3.4,6.2,5.0,mid,open-meteo,,,22.4,,,,,observed
bangui,Juin,6,23,31,60,4.0,6.1,4.8,mid,open-meteo,,,22.2,,,,,observed
bangui,Juillet,7,23,30,74,4.7,5.2,4.6,mid,open-meteo,,,22.1,,,,,observed
bangui,Août,8,22,29,77,6.2,5.2,4.6,mid,open-meteo,,,22.1,,,,,observed
bangui,Septembre,9,22,30,75,5.8,5.4,4.6,mid,open-meteo,,,22.2,,,,,observed
bangui,Octobre,10,23,30,73,6.0,5.4,4.6,mid,open-meteo,,,22.3,,,,,observed
bangui,Novembre,11,23,31,39,2.1,6.6,5.2,mid,open-meteo,,,21.6,,,,,observed
bangui,Décembre,12,23,33,7,0.4,7.6,5.5,mid,open-meteo,,,18.2,,,,,observed
moroni,Janvier,1,26,29,85,16.6,6.0,4.6,mid,open-meteo,,,24.8,,,,,observed
moroni,Février,2,26,30,87,10.2,6.3,4.5,mid,open-meteo,,,25.0,,,,,observed
moroni,Mars,3,26,30,86,10.4,7.3,4.6,mid,open-meteo,,,25.2,,,,,observed
moroni,Avril,4,25,30,88,11.8,6.4,4.5,mid,open-meteo,,,25.0,,,,,observed
moroni,Mai,5,24,29,76,6.5,7.5,4.8,mid,open-meteo,,,23.5,,,,,observed
moroni,Juin,6,23,28,71,3.3,7.7,7.6,rec,open-meteo,,,21.9,,,,,observed
moroni,Juillet,7,22,27,60,3.4,7.6,7.7,rec,open-meteo,,,20.8,,,,,observed
moroni,Août,8,21,27,71,4.3,7.5,7.5,rec,open-meteo,,,20.9,,,,,observed
moroni,Septembre,9,22,28,67,4.3,7.4,7.6,rec,open-meteo,,,21.5,,,,,observed
moroni,Octobre,10,23,29,55,3.6,7.6,5.2,mid,open-meteo,,,22.3,,,,,observed
moroni,Novembre,11,24,30,67,5.0,7.7,4.9,mid,open-meteo,,,23.5,,,,,observed
moroni,Décembre,12,25,30,86,7.5,6.8,4.6,mid,open-meteo,,,24.4,,,,,observed
brazzaville,Janvier,1,23,29,56,4.5,5.5,5.0,mid,open-meteo,,,22.6,,,,,observed
brazzaville,Février,2,23,30,57,5.2,5.9,4.9,mid,open-meteo,,,22.9,,,,,observed
brazzaville,Mars,3,23,30,58,5.2,6.2,4.9,mid,open-meteo,,,22.9,,,,,observed
brazzaville,Avril,4,23,30,63,5.8,6.0,4.8,mid,open-meteo,,,23.1,,,,,observed
brazzaville,Mai,5,23,30,42,2.7,5.7,5.2,mid,open-meteo,,,22.7,,,,,observed
brazzaville,Juin,6,21,30,3,0.1,4.7,5.9,mid,open-meteo,,,20.5,,,,,observed
brazzaville,Juillet,7,20,30,2,0.1,4.1,5.9,mid,open-meteo,,,19.0,,,,,observed
brazzaville,Août,8,21,30,11,0.6,4.3,5.7,mid,open-meteo,,,19.0,,,,,observed
brazzaville,Septembre,9,22,31,24,1.4,4.8,5.4,mid,open-meteo,,,20.2,,,,,observed
brazzaville,Octobre,10,23,31,62,5.3,4.9,4.7,mid,open-meteo,,,21.8,,,,,observed
brazzaville,Novembre,11,22,29,76,8.5,5.2,4.6,mid,open-meteo,,,22.5,,,,,observed
brazzaville,Décembre,12,23,29,76,6.5,5.0,4.6,mid,open-meteo,,,22.6,,,,,observed
kinshasa,Janvier,1,23,29,53,4.2,4.4,4.9,mid,open-meteo,,,22.5,,,,,observed
kinshasa,Février,2,23,30,57,5.1,5.0,4.9,mid,open-meteo,,,22.8,,,,,observed
kinshasa,Mars,3,23,30,55,4.8,5.3,4.9,mid,open-meteo,,,22.8,,,,,observed
kinshasa,Avril,4,23,30,63,5.7,5.1,4.8,mid,open-meteo,,,23.0,,,,,observed
kinshasa,Mai,5,23,30,40,2.6,5.3,5.2,mid,open-meteo,,,22.7,,,,,observed
kinshasa,Juin,6,21,30,3,0.1,4.8,5.9,mid,open-meteo,,,20.2,,,,,observed
kinshasa,Juillet,7,20,30,2,0.1,4.3,5.9,mid,open-meteo,,,18.7,,,,,observed
kinshasa,Août,8,21,30,9,0.6,5.0,5.8,mid,open-meteo,,,18.6,,,,,observed
kinshasa,Septembre,9,22,31,24,1.2,4.6,5.3,mid,open-meteo,,,20.0,,,,,observed
kinshasa,Octobre,10,23,31,60,5.1,4.8,4.7,mid,open-meteo,,,21.7,,,,,observed
kinshasa,Novembre,11,23,29,77,8.1,4.5,4.6,mid,open-meteo,,,22.4,,,,,observed
kinshasa,Décembre,12,23,29,76,6.2,4.1,4.6,mid,open-meteo,,,22.6,,,,,observed
djibouti,Janvier,1,22,27,15,0.5,7.9,8.8,rec,open-meteo,,,19.1,,,,,observed
djibouti,Février,2,23,28,19,0.5,7.9,8.8,rec,open-meteo,,,20.0,,,,,observed
djibouti,Mars,3,24,29,23,0.7,8.4,8.6,rec,open-meteo,,,21.8,,,,,observed
djibouti,Avril,4,26,31,25,1.4,8.8,5.7,mid,open-meteo,,,23.8,,,,,observed
djibouti,Mai,5,28,34,16,1.0,9.7,5.3,mid,open-meteo,,,23.8,,,,,observed
djibouti,Juin,6,30,39,1,0.1,9.4,6.1,avoid,open-meteo,,,20.7,,,,,observed
djibouti,Juillet,7,32,40,5,0.3,8.4,5.6,avoid,open-meteo,,,17.8,,,,,observed
djibouti,Août,8,31,40,13,0.7,8.7,5.4,avoid,open-meteo,,,19.9,,,,,observed
djibouti,Septembre,9,30,37,5,0.3,9.0,4.7,mid,open-meteo,,,22.5,,,,,observed
djibouti,Octobre,10,27,32,17,0.8,9.5,5.7,mid,open-meteo,,,22.9,,,,,observed
djibouti,Novembre,11,25,30,22,1.1,9.0,5.9,mid,open-meteo,,,21.1,,,,,observed
djibouti,Décembre,12,23,28,17,0.5,8.2,8.9,rec,open-meteo,,,19.5,,,,,observed
asmara,Janvier,1,10,20,21,0.7,9.4,8.0,rec,open-meteo,,,5.6,,,,,observed
asmara,Février,2,11,22,24,0.7,9.2,8.2,rec,open-meteo,,,6.0,,,,,observed
asmara,Mars,3,12,24,23,0.8,8.9,8.4,rec,open-meteo,,,5.0,,,,,observed
asmara,Avril,4,13,24,45,2.0,8.8,7.9,rec,open-meteo,,,7.7,,,,,observed
asmara,Mai,5,14,24,32,1.5,8.3,8.1,rec,open-meteo,,,7.0,,,,,observed
asmara,Juin,6,14,25,21,0.8,7.3,8.3,rec,open-meteo,,,6.6,,,,,observed
asmara,Juillet,7,14,22,65,3.7,4.9,4.5,mid,open-meteo,,,12.2,,,,,observed
asmara,Août,8,14,22,69,4.7,5.1,4.5,mid,open-meteo,,,12.6,,,,,observed
asmara,Septembre,9,13,24,11,0.6,7.1,8.5,rec,open-meteo,,,8.3,,,,,observed
asmara,Octobre,10,12,21,27,1.1,8.8,7.9,rec,open-meteo,,,8.1,,,,,observed
asmara,Novembre,11,11,20,34,1.6,9.2,7.7,rec,open-meteo,,,9.2,,,,,observed
asmara,Décembre,12,10,20,25,0.9,9.1,7.9,rec,open-meteo,,,7.4,,,,,observed
conakry,Janvier,1,24,30,0,0.0,7.2,6.3,mid,open-meteo,,,21.6,,,,,observed
conakry,Février,2,24,30,0,0.0,7.9,6.3,mid,open-meteo,,,21.9,,,,,observed
conakry,Mars,3,24,30,2,0.1,8.1,6.3,mid,open-meteo,,,21.9,,,,,observed
conakry,Avril,4,25,30,8,0.3,7.4,6.1,mid,open-meteo,,,22.4,,,,,observed
conakry,Mai,5,26,30,42,3.1,6.7,5.3,mid,open-meteo,,,23.5,,,,,observed
conakry,Juin,6,25,28,90,11.2,5.1,4.5,mid,open-meteo,,,23.8,,,,,observed
conakry,Juillet,7,24,27,99,27.5,3.5,5.2,avoid,open-meteo,,,23.2,,,,,observed
conakry,Août,8,24,27,99,26.9,2.8,5.2,avoid,open-meteo,,,23.1,,,,,observed
conakry,Septembre,9,24,28,97,19.4,4.5,4.4,mid,open-meteo,,,23.4,,,,,observed
conakry,Octobre,10,24,29,90,8.2,6.1,4.5,mid,open-meteo,,,23.9,,,,,observed
conakry,Novembre,11,25,29,54,3.3,6.9,5.1,mid,open-meteo,,,24.1,,,,,observed
conakry,Décembre,12,24,30,5,0.2,6.9,6.1,mid,open-meteo,,,22.4,,,,,observed
bissau,Janvier,1,21,33,0,0.0,8.0,8.4,rec,open-meteo,,,10.5,,,,,observed
bissau,Février,2,21,34,0,0.0,8.0,5.5,mid,open-meteo,,,11.2,,,,,observed
bissau,Mars,3,22,34,0,0.0,9.0,5.6,mid,open-meteo,,,15.0,,,,,observed
bissau,Avril,4,23,33,0,0.0,9.0,5.8,mid,open-meteo,,,18.0,,,,,observed
bissau,Mai,5,24,32,2,0.1,8.0,5.9,mid,open-meteo,,,20.1,,,,,observed
bissau,Juin,6,25,31,32,2.0,7.0,5.4,mid,open-meteo,,,22.8,,,,,observed
bissau,Juillet,7,25,29,90,13.5,6.0,4.5,mid,open-meteo,,,23.6,,,,,observed
bissau,Août,8,24,28,93,16.3,5.0,4.5,mid,open-meteo,,,23.6,,,,,observed
bissau,Septembre,9,25,29,88,11.2,6.0,4.5,mid,open-meteo,,,23.9,,,,,observed
bissau,Octobre,10,25,30,65,4.7,7.0,4.9,mid,open-meteo,,,24.5,,,,,observed
bissau,Novembre,11,24,32,12,0.6,8.0,5.7,mid,open-meteo,,,21.5,,,,,observed
bissau,Décembre,12,22,32,1,0.0,8.0,8.7,rec,open-meteo,,,13.5,,,,,observed
malabo,Janvier,1,26,29,23,0.8,3.9,5.5,mid,open-meteo,,,23.0,,,,,observed
malabo,Février,2,26,29,29,1.4,4.3,5.4,mid,open-meteo,,,23.4,,,,,observed
malabo,Mars,3,26,29,50,4.9,3.5,4.9,mid,open-meteo,,,23.9,,,,,observed
malabo,Avril,4,26,29,58,4.4,3.8,4.8,mid,open-meteo,,,24.1,,,,,observed
malabo,Mai,5,25,28,73,6.5,3.2,4.6,mid,open-meteo,,,24.1,,,,,observed
malabo,Juin,6,24,27,86,13.9,2.2,4.4,mid,open-meteo,,,23.4,,,,,observed
malabo,Juillet,7,24,26,87,13.8,1.4,4.3,mid,open-meteo,,,22.8,,,,,observed
malabo,Août,8,24,26,82,15.1,1.7,4.3,mid,open-meteo,,,22.7,,,,,observed
malabo,Septembre,9,24,26,90,13.5,1.6,4.3,mid,open-meteo,,,23.0,,,,,observed
malabo,Octobre,10,24,27,81,9.9,2.3,4.4,mid,open-meteo,,,23.4,,,,,observed
malabo,Novembre,11,25,28,60,3.8,2.9,4.8,mid,open-meteo,,,23.6,,,,,observed
malabo,Décembre,12,26,28,25,0.9,3.8,5.5,mid,open-meteo,,,23.3,,,,,observed
maseru,Janvier,1,15,27,46,3.8,9.3,8.2,rec,open-meteo,,,11.6,,,,,observed
maseru,Février,2,14,26,40,3.7,9.3,8.2,rec,open-meteo,,,12.3,,,,,observed
maseru,Mars,3,12,24,35,2.4,8.4,8.1,rec,open-meteo,,,10.4,,,,,observed
maseru,Avril,4,8,21,31,2.3,8.0,7.8,rec,open-meteo,,,7.8,,,,,observed
maseru,Mai,5,4,18,11,0.7,8.0,7.8,rec,open-meteo,,,3.2,,,,,observed
maseru,Juin,6,0,16,6,0.4,7.7,7.6,rec,open-meteo,,,-1.0,,,,,observed
maseru,Juillet,7,0,16,8,0.5,8.2,7.6,rec,open-meteo,,,-3.6,,,,,observed
maseru,Août,8,2,19,7,0.5,9.0,8.1,rec,open-meteo,,,-2.9,,,,,observed
maseru,Septembre,9,7,24,13,0.8,9.3,8.7,rec,open-meteo,,,-0.3,,,,,observed
maseru,Octobre,10,10,26,20,1.5,8.9,8.7,rec,open-meteo,,,2.8,,,,,observed
maseru,Novembre,11,11,26,33,2.8,9.3,8.4,rec,open-meteo,,,7.1,,,,,observed
maseru,Décembre,12,14,27,41,3.5,9.9,8.3,rec,open-meteo,,,10.1,,,,,observed
monrovia,Janvier,1,24,29,59,2.3,5.1,4.9,mid,open-meteo,,,23.7,,,,,observed
monrovia,Février,2,24,29,55,2.5,5.9,5.0,mid,open-meteo,,,24.1,,,,,observed
monrovia,Mars,3,25,29,68,3.8,6.4,4.8,mid,open-meteo,,,24.3,,,,,observed
monrovia,Avril,4,25,29,86,5.3,6.5,4.6,mid,open-meteo,,,24.5,,,,,observed
monrovia,Mai,5,24,29,95,10.8,5.0,4.4,mid,open-meteo,,,24.2,,,,,observed
monrovia,Juin,6,24,28,99,19.2,3.5,4.3,mid,open-meteo,,,23.4,,,,,observed
monrovia,Juillet,7,24,27,93,15.7,2.7,4.3,mid,open-meteo,,,22.5,,,,,observed
monrovia,Août,8,23,26,92,19.5,2.6,4.3,mid,open-meteo,,,22.5,,,,,observed
monrovia,Septembre,9,23,27,96,18.8,3.2,4.3,mid,open-meteo,,,23.1,,,,,observed
monrovia,Octobre,10,23,28,97,11.2,3.9,4.4,mid,open-meteo,,,23.4,,,,,observed
monrovia,Novembre,11,24,28,95,6.1,4.9,4.4,mid,open-meteo,,,23.7,,,,,observed
monrovia,Décembre,12,24,29,64,2.7,5.0,4.8,mid,open-meteo,,,23.6,,,,,observed
tripoli,Janvier,1,10,17,23,1.2,5.5,7.3,rec,open-meteo,,,5.9,,,,,observed
tripoli,Février,2,10,18,22,1.1,6.7,7.5,rec,open-meteo,,,6.9,,,,,observed
tripoli,Mars,3,12,20,15,0.7,7.3,7.9,rec,open-meteo,,,7.9,,,,,observed
tripoli,Avril,4,14,24,8,0.4,8.5,8.7,rec,open-meteo,,,10.2,,,,,observed
tripoli,Mai,5,18,27,5,0.2,9.9,9.4,rec,open-meteo,,,12.5,,,,,observed
tripoli,Juin,6,21,30,2,0.1,9.9,9.4,rec,open-meteo,,,15.4,,,,,observed
tripoli,Juillet,7,23,32,1,0.0,11.5,6.4,mid,open-meteo,,,18.3,,,,,observed
tripoli,Août,8,24,33,3,0.1,10.9,6.0,mid,open-meteo,,,19.6,,,,,observed
tripoli,Septembre,9,23,32,11,0.6,8.6,5.8,mid,open-meteo,,,18.5,,,,,observed
tripoli,Octobre,10,20,28,18,0.8,7.3,8.7,rec,open-meteo,,,15.2,,,,,observed
tripoli,Novembre,11,16,23,16,0.9,6.2,8.2,rec,open-meteo,,,10.3,,,,,observed
tripoli,Décembre,12,12,19,28,1.8,5.3,7.4,rec,open-meteo,,,8.1,,,,,observed
bamako,Janvier,1,18,33,1,0.0,8.9,8.5,rec,open-meteo,,,-0.4,,,,,observed
bamako,Février,2,21,35,0,0.0,9.0,5.3,mid,open-meteo,,,-1.2,,,,,observed
bamako,Mars,3,24,38,1,0.0,8.6,6.3,avoid,open-meteo,,,3.8,,,,,observed
bamako,Avril,4,26,39,3,0.1,7.7,5.8,avoid,open-meteo,,,10.0,,,,,observed
bamako,Mai,5,27,38,16,1.0,7.8,5.6,avoid,open-meteo,,,17.7,,,,,observed
bamako,Juin,6,25,35,39,2.5,7.8,4.6,mid,open-meteo,,,21.0,,,,,observed
bamako,Juillet,7,23,31,66,6.4,7.0,4.8,mid,open-meteo,,,22.3,,,,,observed
bamako,Août,8,23,29,74,7.2,7.0,4.8,mid,open-meteo,,,22.3,,,,,observed
bamako,Septembre,9,23,30,63,4.7,7.4,4.9,mid,open-meteo,,,22.5,,,,,observed
bamako,Octobre,10,23,33,25,1.6,8.2,5.2,mid,open-meteo,,,20.2,,,,,observed
bamako,Novembre,11,21,34,1,0.0,9.0,5.5,mid,open-meteo,,,9.9,,,,,observed
bamako,Décembre,12,19,33,0,0.0,8.7,8.5,rec,open-meteo,,,2.9,,,,,observed
nouakchott,Janvier,1,16,28,0,0.0,7.5,9.3,rec,open-meteo,,,-2.4,,,,,observed
nouakchott,Février,2,17,29,1,0.0,7.8,9.2,rec,open-meteo,,,0.2,,,,,observed
nouakchott,Mars,3,18,31,0,0.0,8.4,9.1,rec,open-meteo,,,5.9,,,,,observed
nouakchott,Avril,4,20,32,0,0.0,9.0,8.8,rec,open-meteo,,,10.9,,,,,observed
nouakchott,Mai,5,21,32,1,0.0,9.1,8.8,rec,open-meteo,,,13.1,,,,,observed
nouakchott,Juin,6,23,34,1,0.0,8.0,5.4,mid,open-meteo,,,15.5,,,,,observed
nouakchott,Juillet,7,24,30,5,0.3,7.7,6.2,mid,open-meteo,,,20.7,,,,,observed
nouakchott,Août,8,25,31,10,0.7,8.2,6.0,mid,open-meteo,,,22.4,,,,,observed
nouakchott,Septembre,9,26,34,7,0.7,7.6,5.3,mid,open-meteo,,,21.4,,,,,observed
nouakchott,Octobre,10,25,36,3,0.1,8.4,4.9,mid,open-meteo,,,14.2,,,,,observed
nouakchott,Novembre,11,21,33,0,0.0,8.1,8.4,rec,open-meteo,,,6.8,,,,,observed
nouakchott,Décembre,12,18,30,0,0.0,7.0,9.0,rec,open-meteo,,,1.8,,,,,observed
niamey,Janvier,1,16,32,0,0.0,9.2,8.8,rec,open-meteo,,,-5.1,,,,,observed
niamey,Février,2,19,35,0,0.0,9.2,5.3,mid,open-meteo,,,-5.9,,,,,observed
niamey,Mars,3,23,39,1,0.0,8.5,6.0,avoid,open-meteo,,,-2.0,,,,,observed
niamey,Avril,4,26,41,1,0.0,8.6,5.6,avoid,open-meteo,,,5.4,,,,,observed
niamey,Mai,5,28,40,6,0.2,8.6,5.6,avoid,open-meteo,,,16.0,,,,,observed
niamey,Juin,6,28,38,18,1.1,8.2,5.6,avoid,open-meteo,,,19.8,,,,,observed
niamey,Juillet,7,26,34,37,2.4,7.9,4.8,mid,open-meteo,,,21.5,,,,,observed
niamey,Août,8,24,32,53,5.0,7.3,4.9,mid,open-meteo,,,22.4,,,,,observed
niamey,Septembre,9,25,34,23,1.5,8.3,5.1,mid,open-meteo,,,21.7,,,,,observed
niamey,Octobre,10,24,37,5,0.2,9.2,4.8,mid,open-meteo,,,14.8,,,,,observed
niamey,Novembre,11,20,36,0,0.0,9.8,5.1,mid,open-meteo,,,2.7,,,,,observed
niamey,Décembre,12,18,33,0,0.0,9.7,8.6,rec,open-meteo,,,-2.1,,,,,observed
sao-tome,Janvier,1,25,28,85,7.3,4.6,4.5,mid,open-meteo,,,24.2,,,,,observed
sao-tome,Février,2,25,29,84,7.3,4.8,4.5,mid,open-meteo,,,24.7,,,,,observed
sao-tome,Mars,3,26,29,79,8.0,4.5,4.6,mid,open-meteo,,,24.8,,,,,observed
sao-tome,Avril,4,26,29,78,7.7,4.2,4.6,mid,open-meteo,,,24.8,,,,,observed
sao-tome,Mai,5,25,28,75,7.2,4.7,4.7,mid,open-meteo,,,24.4,,,,,observed
sao-tome,Juin,6,24,27,43,2.4,5.5,5.2,mid,open-meteo,,,22.9,,,,,observed
sao-tome,Juillet,7,23,27,46,1.9,5.2,7.8,rec,open-meteo,,,21.9,,,,,observed
sao-tome,Août,8,23,27,60,3.9,4.8,4.9,mid,open-meteo,,,22.0,,,,,observed
sao-tome,Septembre,9,24,27,80,7.8,4.0,4.5,mid,open-meteo,,,23.0,,,,,observed
sao-tome,Octobre,10,24,27,88,12.8,3.7,4.4,mid,open-meteo,,,23.7,,,,,observed
sao-tome,Novembre,11,25,28,86,11.3,4.5,4.5,mid,open-meteo,,,23.9,,,,,observed
sao-tome,Décembre,12,25,28,91,9.7,4.6,4.5,mid,open-meteo,,,24.1,,,,,observed
mogadiscio,Janvier,1,24,31,4,0.1,8.6,6.2,mid,open-meteo,,,20.6,,,,,observed
mogadiscio,Février,2,24,31,3,0.1,8.9,6.3,mid,open-meteo,,,21.3,,,,,observed
mogadiscio,Mars,3,25,32,13,0.4,9.1,5.8,mid,open-meteo,,,22.5,,,,,observed
mogadiscio,Avril,4,26,32,44,2.0,8.7,5.1,mid,open-meteo,,,23.2,,,,,observed
mogadiscio,Mai,5,25,30,61,2.3,8.8,5.1,mid,open-meteo,,,23.1,,,,,observed
mogadiscio,Juin,6,24,28,56,1.6,7.3,7.8,rec,open-meteo,,,21.7,,,,,observed
mogadiscio,Juillet,7,23,27,63,2.1,7.3,7.6,rec,open-meteo,,,20.8,,,,,observed
mogadiscio,Août,8,23,28,59,1.9,8.2,7.8,rec,open-meteo,,,20.9,,,,,observed
mogadiscio,Septembre,9,24,28,41,1.2,8.8,8.3,rec,open-meteo,,,21.3,,,,,observed
mogadiscio,Octobre,10,24,30,39,1.3,8.6,5.5,mid,open-meteo,,,22.1,,,,,observed
mogadiscio,Novembre,11,24,30,57,3.3,8.7,5.2,mid,open-meteo,,,22.5,,,,,observed
mogadiscio,Décembre,12,24,31,22,0.6,8.3,5.8,mid,open-meteo,,,21.6,,,,,observed
khartoum,Janvier,1,16,30,0,0.0,10.2,9.5,rec,open-meteo,,,2.5,,,,,observed
khartoum,Février,2,18,32,0,0.0,10.5,9.0,rec,open-meteo,,,0.1,,,,,observed
khartoum,Mars,3,21,37,0,0.0,10.2,4.9,mid,open-meteo,,,-1.9,,,,,observed
khartoum,Avril,4,24,39,0,0.0,10.6,3.3,avoid,open-meteo,,,-1.3,,,,,observed
khartoum,Mai,5,28,41,2,0.1,10.0,2.5,avoid,open-meteo,,,3.7,,,,,observed
khartoum,Juin,6,28,40,2,0.1,9.3,2.6,avoid,open-meteo,,,11.2,,,,,observed
khartoum,Juillet,7,28,38,8,0.3,8.7,2.9,avoid,open-meteo,,,16.7,,,,,observed
khartoum,Août,8,26,37,20,1.0,8.8,4.5,mid,open-meteo,,,19.0,,,,,observed
khartoum,Septembre,9,27,39,5,0.2,9.1,2.8,avoid,open-meteo,,,15.7,,,,,observed
khartoum,Octobre,10,26,39,1,0.0,9.9,3.1,avoid,open-meteo,,,9.5,,,,,observed
khartoum,Novembre,11,21,35,0,0.0,10.1,5.4,mid,open-meteo,,,6.3,,,,,observed
khartoum,Décembre,12,18,31,0,0.0,10.3,9.4,rec,open-meteo,,,5.1,,,,,observed
djouba,Janvier,1,23,37,1,0.1,9.0,4.8,mid,open-meteo,,,8.2,,,,,observed
djouba,Février,2,24,38,4,0.2,8.3,6.1,avoid,open-meteo,,,9.5,,,,,observed
djouba,Mars,3,26,38,12,0.5,6.8,5.6,avoid,open-meteo,,,14.9,,,,,observed
djouba,Avril,4,25,36,36,2.0,6.6,4.4,mid,open-meteo,,,18.3,,,,,observed
djouba,Mai,5,24,34,43,2.7,6.7,4.6,mid,open-meteo,,,20.1,,,,,observed
djouba,Juin,6,23,32,44,2.6,6.9,5.0,mid,open-meteo,,,19.9,,,,,observed
djouba,Juillet,7,22,31,48,3.5,5.9,5.0,mid,open-meteo,,,20.3,,,,,observed
djouba,Août,8,22,31,51,3.4,6.6,5.0,mid,open-meteo,,,20.6,,,,,observed
djouba,Septembre,9,22,32,42,2.5,7.6,5.1,mid,open-meteo,,,20.6,,,,,observed
djouba,Octobre,10,23,33,43,3.8,7.8,4.9,mid,open-meteo,,,20.3,,,,,observed
djouba,Novembre,11,23,34,22,1.3,7.9,5.0,mid,open-meteo,,,17.8,,,,,observed
djouba,Décembre,12,23,36,4,0.2,8.4,4.9,mid,open-meteo,,,12.7,,,,,observed
mbabane,Janvier,1,16,24,62,6.3,5.6,7.4,rec,open-meteo,,,16.0,,,,,observed
mbabane,Février,2,16,24,67,7.4,5.7,7.3,rec,open-meteo,,,16.5,,,,,observed
mbabane,Mars,3,15,23,51,3.8,6.3,7.5,rec,open-meteo,,,15.4,,,,,observed
mbabane,Avril,4,13,22,43,3.1,6.5,7.6,rec,open-meteo,,,12.7,,,,,observed
mbabane,Mai,5,10,21,23,1.3,7.3,7.9,rec,open-meteo,,,8.9,,,,,observed
mbabane,Juin,6,8,19,13,0.5,7.8,7.8,rec,open-meteo,,,4.7,,,,,observed
mbabane,Juillet,7,8,20,11,0.7,7.7,8.0,rec,open-meteo,,,3.1,,,,,observed
mbabane,Août,8,10,22,22,0.9,7.9,8.1,rec,open-meteo,,,5.2,,,,,observed
mbabane,Septembre,9,11,22,29,1.8,7.0,7.9,rec,open-meteo,,,8.5,,,,,observed
mbabane,Octobre,10,12,23,46,3.2,5.8,7.5,rec,open-meteo,,,11.4,,,,,observed
mbabane,Novembre,11,14,24,56,3.9,5.4,7.4,rec,open-meteo,,,13.9,,,,,observed
mbabane,Décembre,12,16,25,67,5.4,5.5,7.3,rec,open-meteo,,,15.8,,,,,observed
ndjamena,Janvier,1,16,32,0,0.0,9.6,8.9,rec,open-meteo,,,-3.7,,,,,observed
ndjamena,Février,2,19,35,0,0.0,9.8,5.4,mid,open-meteo,,,-5.1,,,,,observed
ndjamena,Mars,3,26,40,0,0.1,9.1,5.9,avoid,open-meteo,,,-3.1,,,,,observed
ndjamena,Avril,4,27,42,0,0.0,9.1,5.7,avoid,open-meteo,,,2.0,,,,,observed
ndjamena,Mai,5,28,40,5,0.1,9.2,5.7,avoid,open-meteo,,,12.9,,,,,observed
ndjamena,Juin,6,28,39,24,1.1,8.6,5.3,avoid,open-meteo,,,19.1,,,,,observed
ndjamena,Juillet,7,26,34,52,3.9,6.9,4.5,mid,open-meteo,,,22.0,,,,,observed
ndjamena,Août,8,24,31,73,8.1,6.5,4.7,mid,open-meteo,,,22.7,,,,,observed
ndjamena,Septembre,9,24,33,40,3.3,7.6,4.9,mid,open-meteo,,,22.8,,,,,observed
ndjamena,Octobre,10,24,37,12,0.7,9.2,4.7,mid,open-meteo,,,15.1,,,,,observed
ndjamena,Novembre,11,22,36,0,0.0,10.0,5.1,mid,open-meteo,,,3.3,,,,,observed
ndjamena,Décembre,12,18,33,0,0.0,9.8,8.6,rec,open-meteo,,,-0.7,,,,,observed
san-salvador,Janvier,1,19,30,6,0.2,9.7,9.2,rec,open-meteo,,,15.6,,,,,observed
san-salvador,Février,2,20,31,5,0.2,9.8,9.1,rec,open-meteo,,,15.6,,,,,observed
san-salvador,Mars,3,20,32,18,0.6,9.5,5.7,mid,open-meteo,,,16.7,,,,,observed
san-salvador,Avril,4,21,31,52,2.2,8.1,5.1,mid,open-meteo,,,18.6,,,,,observed
san-salvador,Mai,5,22,29,85,6.8,7.1,4.6,mid,open-meteo,,,21.1,,,,,observed
san-salvador,Juin,6,21,28,90,9.7,5.8,4.5,mid,open-meteo,,,21.4,,,,,observed
san-salvador,Juillet,7,22,29,78,5.4,7.7,7.4,rec,open-meteo,,,20.7,,,,,observed
san-salvador,Août,8,21,28,85,7.5,8.3,7.4,rec,open-meteo,,,21.2,,,,,observed
san-salvador,Septembre,9,21,28,97,9.6,6.0,4.5,mid,open-meteo,,,21.4,,,,,observed
san-salvador,Octobre,10,21,27,83,7.9,6.8,7.3,rec,open-meteo,,,20.8,,,,,observed
san-salvador,Novembre,11,20,28,46,3.4,8.9,8.2,rec,open-meteo,,,18.8,,,,,observed
san-salvador,Décembre,12,20,30,14,0.4,9.5,6.2,mid,open-meteo,,,16.7,,,,,observed
paramaribo,Janvier,1,24,28,70,3.8,6.2,4.9,mid,open-meteo,,,22.1,,,,,calibrated
paramaribo,Février,2,24,28,64,3.7,6.2,7.6,rec,open-meteo,,,21.8,,,,,calibrated
paramaribo,Mars,3,24,28,61,2.8,6.5,5.0,mid,open-meteo,,,22.0,,,,,calibrated
paramaribo,Avril,4,24,29,77,7.7,5.4,4.6,mid,open-meteo,,,22.8,,,,,calibrated
paramaribo,Mai,5,24,29,95,10.4,4.5,4.4,mid,open-meteo,,,23.5,,,,,calibrated
paramaribo,Juin,6,24,29,98,10.7,4.5,4.3,mid,open-meteo,,,23.6,,,,,calibrated
paramaribo,Juillet,7,24,29,92,8.3,5.2,4.4,mid,open-meteo,,,23.6,,,,,calibrated
paramaribo,Août,8,24,30,69,4.6,6.4,4.8,mid,open-meteo,,,23.7,,,,,calibrated
paramaribo,Septembre,9,25,31,49,2.2,7.2,5.1,mid,open-meteo,,,23.7,,,,,calibrated
paramaribo,Octobre,10,25,32,44,2.5,7.3,5.0,mid,open-meteo,,,23.6,,,,,calibrated
paramaribo,Novembre,11,25,30,73,4.4,6.0,4.7,mid,open-meteo,,,23.5,,,,,calibrated
paramaribo,Décembre,12,24,29,83,5.9,5.4,4.6,mid,open-meteo,,,22.9,,,,,calibrated
caracas,Janvier,1,18,25,42,1.5,7.4,7.9,rec,open-meteo,,,17.5,,,,,observed
caracas,Février,2,18,26,31,1.2,7.6,8.2,rec,open-meteo,,,17.1,,,,,observed
caracas,Mars,3,18,26,46,2.0,7.6,7.9,rec,open-meteo,,,17.6,,,,,observed
caracas,Avril,4,19,27,62,3.4,6.1,7.6,rec,open-meteo,,,18.9,,,,,observed
caracas,Mai,5,20,27,55,3.3,5.9,7.7,rec,open-meteo,,,19.4,,,,,observed
caracas,Juin,6,20,27,67,3.8,6.1,7.5,rec,open-meteo,,,19.3,,,,,observed
caracas,Juillet,7,20,27,71,4.5,6.8,7.5,rec,open-meteo,,,19.3,,,,,observed
caracas,Août,8,20,27,76,5.7,7.0,7.4,rec,open-meteo,,,19.4,,,,,observed
caracas,Septembre,9,20,27,76,6.4,7.1,7.4,rec,open-meteo,,,19.7,,,,,observed
caracas,Octobre,10,20,27,85,7.7,6.8,4.6,mid,open-meteo,,,20.0,,,,,observed
caracas,Novembre,11,20,26,84,7.2,7.0,4.6,mid,open-meteo,,,19.9,,,,,observed
caracas,Décembre,12,19,25,57,2.4,6.9,7.6,rec,open-meteo,,,18.7,,,,,observed
dacca,Janvier,1,13,24,5,0.2,6.2,8.5,rec,open-meteo,,,13.3,,,,,observed
dacca,Février,2,16,27,9,0.5,7.3,8.9,rec,open-meteo,,,14.7,,,,,observed
dacca,Mars,3,20,31,24,1.6,7.7,5.7,mid,open-meteo,,,18.0,,,,,observed
dacca,Avril,4,24,33,43,5.2,7.5,4.8,mid,open-meteo,,,22.5,,,,,observed
dacca,Mai,5,25,32,67,8.1,6.7,4.6,mid,open-meteo,,,24.4,,,,,observed
dacca,Juin,6,26,32,88,10.4,4.8,5.2,avoid,open-meteo,,,25.7,,,,,observed
dacca,Juillet,7,26,31,92,10.1,4.5,4.3,mid,open-meteo,,,25.6,,,,,observed
dacca,Août,8,26,31,90,9.3,4.6,4.4,mid,open-meteo,,,25.4,,,,,observed
dacca,Septembre,9,26,31,83,8.5,4.8,4.4,mid,open-meteo,,,25.4,,,,,observed
dacca,Octobre,10,24,31,50,6.3,6.2,5.0,mid,open-meteo,,,23.4,,,,,observed
dacca,Novembre,11,19,29,8,1.1,6.9,8.8,rec,open-meteo,,,18.3,,,,,observed
dacca,Décembre,12,15,25,5,1.0,6.0,8.6,rec,open-meteo,,,14.8,,,,,observed
bandar-seri-begawan,Janvier,1,24,29,85,9.7,6.9,4.6,mid,open-meteo,,,24.0,,,,,observed
bandar-seri-begawan,Février,2,24,29,72,5.8,7.4,4.9,mid,open-meteo,,,23.7,,,,,observed
bandar-seri-begawan,Mars,3,24,29,77,5.8,7.4,4.8,mid,open-meteo,,,24.1,,,,,observed
bandar-seri-begawan,Avril,4,25,30,85,6.9,8.0,4.7,mid,open-meteo,,,24.5,,,,,observed
bandar-seri-begawan,Mai,5,25,30,81,9.6,7.7,4.7,mid,open-meteo,,,24.9,,,,,observed
bandar-seri-begawan,Juin,6,25,30,73,8.3,7.2,4.8,mid,open-meteo,,,24.3,,,,,observed
bandar-seri-begawan,Juillet,7,25,30,71,8.3,7.2,4.8,mid,open-meteo,,,24.1,,,,,observed
bandar-seri-begawan,Août,8,25,30,72,8.5,7.3,4.8,mid,open-meteo,,,24.1,,,,,observed
bandar-seri-begawan,Septembre,9,25,30,76,8.1,6.6,4.7,mid,open-meteo,,,24.0,,,,,observed
bandar-seri-begawan,Octobre,10,24,30,87,10.3,6.8,4.5,mid,open-meteo,,,24.1,,,,,observed
bandar-seri-begawan,Novembre,11,24,29,92,10.4,7.2,4.6,mid,open-meteo,,,24.2,,,,,observed
bandar-seri-begawan,Décembre,12,24,29,90,10.8,6.6,4.5,mid,open-meteo,,,24.1,,,,,observed
bagdad,Janvier,1,6,16,13,0.7,6.2,7.4,rec,open-meteo,,,4.2,,,,,observed
bagdad,Février,2,8,19,18,1.2,7.2,7.7,rec,open-meteo,,,4.0,,,,,observed
bagdad,Mars,3,12,24,15,1.2,7.9,8.5,rec,open-meteo,,,5.8,,,,,observed
bagdad,Avril,4,17,30,10,0.7,8.5,8.9,rec,open-meteo,,,6.5,,,,,observed
bagdad,Mai,5,24,37,3,0.2,9.7,4.8,mid,open-meteo,,,5.5,,,,,observed
bagdad,Juin,6,28,42,0,0.0,11.6,2.9,avoid,open-meteo,,,5.2,,,,,observed
bagdad,Juillet,7,31,45,0,0.0,11.2,2.8,avoid,open-meteo,,,6.8,,,,,observed
bagdad,Août,8,31,45,0,0.0,11.4,2.9,avoid,open-meteo,,,8.3,,,,,observed
bagdad,Septembre,9,27,42,0,0.0,10.5,2.7,avoid,open-meteo,,,7.2,,,,,observed
bagdad,Octobre,10,21,34,4,0.4,8.8,5.5,mid,open-meteo,,,6.5,,,,,observed
bagdad,Novembre,11,13,24,14,1.0,7.1,8.4,rec,open-meteo,,,7.7,,,,,observed
bagdad,Décembre,12,9,18,12,0.9,6.3,7.6,rec,open-meteo,,,6.5,,,,,observed
islamabad,Janvier,1,5,16,27,3.2,6.3,4.5,mid,open-meteo,,,3.7,,,,,observed
islamabad,Février,2,8,19,25,2.8,6.6,7.5,rec,open-meteo,,,4.7,,,,,observed
islamabad,Mars,3,11,22,35,4.3,6.5,7.7,rec,open-meteo,,,8.4,,,,,observed
islamabad,Avril,4,16,28,32,3.0,8.4,8.5,rec,open-meteo,,,10.8,,,,,observed
islamabad,Mai,5,20,33,24,1.3,10.3,8.1,rec,open-meteo,,,12.3,,,,,observed
islamabad,Juin,6,24,35,21,1.4,10.0,5.0,mid,open-meteo,,,16.2,,,,,observed
islamabad,Juillet,7,24,32,66,6.9,8.5,4.7,mid,open-meteo,,,22.7,,,,,observed
islamabad,Août,8,24,31,64,7.5,8.1,4.9,mid,open-meteo,,,22.9,,,,,observed
islamabad,Septembre,9,22,31,35,2.7,8.7,5.5,mid,open-meteo,,,20.0,,,,,observed
islamabad,Octobre,10,16,28,14,1.1,8.9,9.1,rec,open-meteo,,,12.0,,,,,observed
islamabad,Novembre,11,11,22,15,2.0,8.3,8.3,rec,open-meteo,,,8.1,,,,,observed
islamabad,Décembre,12,6,18,9,0.9,6.3,7.7,rec,open-meteo,,,4.3,,,,,observed
karachi,Janvier,1,14,24,3,0.3,8.7,8.9,rec,open-meteo,,,9.2,,,,,observed
karachi,Février,2,17,27,3,0.1,8.9,9.3,rec,open-meteo,,,12.0,,,,,observed
karachi,Mars,3,21,30,3,0.1,8.8,6.4,mid,open-meteo,,,16.3,,,,,observed
karachi,Avril,4,24,32,1,0.0,9.2,6.1,mid,open-meteo,,,21.0,,,,,observed
karachi,Mai,5,27,33,1,0.0,9.6,5.9,mid,open-meteo,,,24.1,,,,,observed
karachi,Juin,6,28,33,15,0.4,7.7,5.4,mid,open-meteo,,,25.4,,,,,observed
karachi,Juillet,7,28,32,26,2.6,5.0,5.1,mid,open-meteo,,,25.4,,,,,observed
karachi,Août,8,27,30,26,3.8,4.8,5.4,mid,open-meteo,,,24.8,,,,,observed
karachi,Septembre,9,26,31,5,0.4,7.3,6.1,mid,open-meteo,,,23.9,,,,,observed
karachi,Octobre,10,24,32,3,0.2,9.1,6.0,mid,open-meteo,,,20.6,,,,,observed
karachi,Novembre,11,20,30,1,0.0,9.1,9.3,rec,open-meteo,,,14.5,,,,,observed
karachi,Décembre,12,16,26,1,0.1,8.8,9.2,rec,open-meteo,,,8.8,,,,,observed
damas,Janvier,1,3,13,21,1.3,5.3,4.4,mid,open-meteo,,,2.0,,,,,observed
damas,Février,2,4,15,18,1.0,6.4,7.2,rec,open-meteo,,,1.2,,,,,observed
damas,Mars,3,7,19,17,0.9,7.3,7.7,rec,open-meteo,,,2.4,,,,,observed
damas,Avril,4,10,25,12,0.5,8.3,8.7,rec,open-meteo,,,2.4,,,,,observed
damas,Mai,5,15,30,3,0.1,10.4,9.4,rec,open-meteo,,,4.0,,,,,observed
damas,Juin,6,18,34,1,0.0,11.9,5.9,mid,open-meteo,,,6.5,,,,,observed
damas,Juillet,7,20,38,0,0.0,11.8,3.9,avoid,open-meteo,,,8.7,,,,,observed
damas,Août,8,20,38,0,0.0,11.4,3.8,avoid,open-meteo,,,10.1,,,,,observed
damas,Septembre,9,18,34,0,0.0,10.2,5.7,mid,open-meteo,,,8.9,,,,,observed
damas,Octobre,10,15,28,5,0.2,8.6,9.3,rec,open-meteo,,,6.6,,,,,observed
damas,Novembre,11,9,20,14,0.9,6.9,7.9,rec,open-meteo,,,4.7,,,,,observed
damas,Décembre,12,5,15,17,0.9,5.3,4.5,mid,open-meteo,,,3.8,,,,,observed
dili,Janvier,1,26,30,86,6.7,6.1,4.5,mid,open-meteo,,,25.2,,,,,observed
dili,Février,2,25,29,88,7.4,5.7,4.5,mid,open-meteo,,,25.2,,,,,observed
dili,Mars,3,25,30,83,6.6,7.6,4.7,mid,open-meteo,,,25.0,,,,,observed
dili,Avril,4,25,30,62,4.8,7.8,5.0,mid,open-meteo,,,23.6,,,,,observed
dili,Mai,5,25,31,40,1.9,8.6,5.4,mid,open-meteo,,,22.2,,,,,observed
dili,Juin,6,24,31,25,1.5,8.2,5.7,mid,open-meteo,,,20.8,,,,,observed
dili,Juillet,7,23,31,17,1.1,8.8,5.9,mid,open-meteo,,,19.3,,,,,observed
dili,Août,8,22,31,12,0.4,9.4,6.1,mid,open-meteo,,,18.5,,,,,observed
dili,Septembre,9,23,32,24,0.9,9.6,5.6,mid,open-meteo,,,19.8,,,,,observed
dili,Octobre,10,24,32,29,1.4,9.6,5.5,mid,open-meteo,,,22.0,,,,,observed
dili,Novembre,11,25,32,59,3.6,9.0,4.9,mid,open-meteo,,,23.9,,,,,observed
dili,Décembre,12,26,30,84,6.3,7.1,4.6,mid,open-meteo,,,25.0,,,,,observed
achgabat,Janvier,1,1,9,18,0.9,3.6,4.2,mid,open-meteo,,,-1.3,,,,,observed
achgabat,Février,2,2,11,30,1.7,4.2,4.2,mid,open-meteo,,,0.2,,,,,observed
achgabat,Mars,3,7,17,29,1.8,4.7,4.5,mid,open-meteo,,,5.0,,,,,observed
achgabat,Avril,4,12,23,20,1.1,6.5,8.1,rec,open-meteo,,,7.3,,,,,observed
achgabat,Mai,5,19,29,14,0.9,8.9,9.0,rec,open-meteo,,,9.3,,,,,observed
achgabat,Juin,6,24,36,2,0.2,11.2,5.2,mid,open-meteo,,,7.4,,,,,observed
achgabat,Juillet,7,27,38,3,0.1,11.4,3.6,avoid,open-meteo,,,8.4,,,,,observed
achgabat,Août,8,25,36,1,0.0,11.2,5.2,mid,open-meteo,,,5.4,,,,,observed
achgabat,Septembre,9,20,31,1,0.1,9.6,9.2,rec,open-meteo,,,4.5,,,,,observed
achgabat,Octobre,10,12,22,10,0.6,7.0,8.3,rec,open-meteo,,,3.9,,,,,observed
achgabat,Novembre,11,6,14,15,0.6,5.2,4.5,mid,open-meteo,,,2.1,,,,,observed
achgabat,Décembre,12,2,10,14,0.5,3.4,4.2,mid,open-meteo,,,0.4,,,,,observed
minsk,Janvier,1,-6,-2,43,1.8,1.2,0.6,avoid,open-meteo,,,-5.3,,,,,observed
minsk,Février,2,-6,-1,34,1.3,2.1,0.8,avoid,open-meteo,,,-4.9,,,,,observed
minsk,Mars,3,-3,5,35,1.3,4.4,1.0,avoid,open-meteo,,,-2.7,,,,,observed
minsk,Avril,4,3,12,39,1.9,6.6,4.2,mid,open-meteo,,,1.5,,,,,observed
minsk,Mai,5,8,18,38,2.1,8.2,7.4,rec,open-meteo,,,6.2,,,,,observed
minsk,Juin,6,13,22,36,2.3,9.2,7.9,rec,open-meteo,,,11.6,,,,,observed
minsk,Juillet,7,15,24,50,3.3,8.6,7.8,rec,open-meteo,,,13.6,,,,,observed
minsk,Août,8,15,24,31,2.0,7.7,8.1,rec,open-meteo,,,13.2,,,,,observed
minsk,Septembre,9,10,17,32,2.1,5.7,4.5,mid,open-meteo,,,9.0,,,,,observed
minsk,Octobre,10,4,10,37,2.1,3.1,4.1,mid,open-meteo,,,5.0,,,,,observed
minsk,Novembre,11,0,3,36,1.7,1.1,0.7,avoid,open-meteo,,,0.4,,,,,observed
minsk,Décembre,12,-4,0,48,1.8,0.8,0.6,avoid,open-meteo,,,-2.7,,,,,observed
pristina,Janvier,1,-2,6,31,2.1,2.3,0.9,avoid,open-meteo,,,-3.7,,,,,observed
pristina,Février,2,-1,6,27,1.4,3.4,1.1,avoid,open-meteo,,,-1.3,,,,,observed
pristina,Mars,3,1,9,35,2.1,4.6,4.1,mid,open-meteo,,,-0.1,,,,,observed
pristina,Avril,4,6,18,31,1.8,6.1,7.3,rec,open-meteo,,,2.8,,,,,observed
pristina,Mai,5,12,23,38,2.1,7.4,7.8,rec,open-meteo,,,7.7,,,,,observed
pristina,Juin,6,14,24,39,2.4,8.2,7.9,rec,open-meteo,,,11.9,,,,,observed
pristina,Juillet,7,17,28,21,1.2,9.7,9.0,rec,open-meteo,,,12.0,,,,,observed
pristina,Août,8,17,29,19,1.0,9.3,8.9,rec,open-meteo,,,11.8,,,,,observed
pristina,Septembre,9,13,24,23,1.6,7.5,8.2,rec,open-meteo,,,9.3,,,,,observed
pristina,Octobre,10,8,18,23,1.5,5.6,7.4,rec,open-meteo,,,6.4,,,,,observed
pristina,Novembre,11,4,13,28,2.3,3.2,4.2,mid,open-meteo,,,3.1,,,,,observed
pristina,Décembre,12,-2,6,28,1.7,2.3,1.0,avoid,open-meteo,,,-1.0,,,,,observed
tarawa,Janvier,1,26,28,57,7.9,7.1,5.2,mid,open-meteo,,,23.6,,,,,observed
tarawa,Février,2,26,28,56,6.7,6.8,5.2,mid,open-meteo,,,23.7,,,,,observed
tarawa,Mars,3,27,28,66,9.5,6.7,5.0,mid,open-meteo,,,23.7,,,,,observed
tarawa,Avril,4,26,29,67,6.4,6.7,4.9,mid,open-meteo,,,23.9,,,,,observed
tarawa,Mai,5,27,29,62,4.8,7.4,5.0,mid,open-meteo,,,23.9,,,,,observed
tarawa,Juin,6,26,29,61,5.7,7.3,5.0,mid,open-meteo,,,23.6,,,,,observed
tarawa,Juillet,7,26,29,63,5.2,7.4,5.0,mid,open-meteo,,,23.6,,,,,observed
tarawa,Août,8,27,29,42,2.9,8.3,5.5,mid,open-meteo,,,23.1,,,,,observed
tarawa,Septembre,9,27,29,46,3.1,8.1,5.4,mid,open-meteo,,,23.1,,,,,observed
tarawa,Octobre,10,27,30,38,2.9,8.4,5.5,mid,open-meteo,,,22.9,,,,,observed
tarawa,Novembre,11,26,29,41,3.1,8.0,5.5,mid,open-meteo,,,22.9,,,,,observed
tarawa,Décembre,12,27,29,54,7.0,6.1,5.1,mid,open-meteo,,,23.5,,,,,observed
palikir,Janvier,1,25,28,63,1929.4,5.9,6.9,avoid,open-meteo,,,23.0,,,,,calibrated
palikir,Février,2,25,28,62,1812.2,6.0,6.9,avoid,open-meteo,,,22.8,,,,,calibrated
palikir,Mars,3,25,28,71,2716.5,5.6,6.6,avoid,open-meteo,,,23.1,,,,,calibrated
palikir,Avril,4,25,28,80,2370.3,5.2,6.2,avoid,open-meteo,,,23.5,,,,,calibrated
palikir,Mai,5,25,28,86,3199.0,4.8,5.9,avoid,open-meteo,,,23.9,,,,,calibrated
palikir,Juin,6,25,28,92,2921.8,4.9,5.7,avoid,open-meteo,,,23.8,,,,,calibrated
palikir,Juillet,7,25,28,94,3106.8,4.8,5.7,avoid,open-meteo,,,23.8,,,,,calibrated
palikir,Août,8,25,29,92,3297.9,5.1,5.7,avoid,open-meteo,,,23.7,,,,,calibrated
palikir,Septembre,9,25,29,92,3069.2,4.9,5.6,avoid,open-meteo,,,23.7,,,,,calibrated
palikir,Octobre,10,25,29,87,3315.1,4.9,5.8,avoid,open-meteo,,,23.8,,,,,calibrated
palikir,Novembre,11,25,29,90,3130.5,4.7,5.7,avoid,open-meteo,,,23.7,,,,,calibrated
palikir,Décembre,12,25,28,80,2483.1,5.2,6.2,avoid,open-meteo,,,23.5,,,,,calibrated
majuro,Janvier,1,26,28,67,2165.4,7.2,6.9,avoid,open-meteo,,,23.5,,,,,observed
majuro,Février,2,26,28,65,1969.7,7.7,6.9,avoid,open-meteo,,,23.3,,,,,observed
majuro,Mars,3,26,28,77,2648.6,8.2,6.8,avoid,open-meteo,,,23.5,,,,,observed
majuro,Avril,4,26,28,82,3271.2,7.3,6.5,avoid,open-meteo,,,23.8,,,,,observed
majuro,Mai,5,26,28,86,3085.3,7.3,6.3,avoid,open-meteo,,,24.2,,,,,observed
majuro,Juin,6,26,28,87,3094.1,7.0,6.2,avoid,open-meteo,,,24.0,,,,,observed
majuro,Juillet,7,26,28,89,3533.2,7.0,6.2,avoid,open-meteo,,,24.0,,,,,observed
majuro,Août,8,26,28,87,3116.1,7.5,6.3,avoid,open-meteo,,,23.8,,,,,observed
majuro,Septembre,9,26,28,88,3398.2,7.3,6.3,avoid,open-meteo,,,23.8,,,,,observed
majuro,Octobre,10,26,28,90,3567.9,6.6,6.1,avoid,open-meteo,,,23.8,,,,,observed
majuro,Novembre,11,26,28,90,3647.6,6.4,6.0,avoid,open-meteo,,,23.9,,,,,observed
majuro,Décembre,12,26,28,81,3117.4,6.4,6.4,avoid,open-meteo,,,23.8,,,,,observed
funafuti,Janvier,1,27,29,76,3505.3,5.8,6.3,avoid,open-meteo,,,23.9,,,,,observed
funafuti,Février,2,27,29,80,3823.5,5.7,6.1,avoid,open-meteo,,,24.0,,,,,observed
funafuti,Mars,3,27,29,79,2297.8,6.0,6.2,avoid,open-meteo,,,23.8,,,,,observed
funafuti,Avril,4,27,29,79,2239.5,6.7,6.3,avoid,open-meteo,,,24.0,,,,,observed
funafuti,Mai,5,27,29,78,2345.6,6.3,6.3,avoid,open-meteo,,,24.2,,,,,observed
funafuti,Juin,6,27,29,74,1970.6,6.7,6.5,avoid,open-meteo,,,24.0,,,,,observed
funafuti,Juillet,7,27,28,76,2292.5,6.3,6.5,avoid,open-meteo,,,23.9,,,,,observed
funafuti,Août,8,26,28,80,2440.5,7.1,6.5,avoid,open-meteo,,,23.7,,,,,observed
funafuti,Septembre,9,26,28,73,1932.4,7.0,6.8,avoid,open-meteo,,,23.6,,,,,observed
funafuti,Octobre,10,26,29,75,2370.7,7.5,6.6,avoid,open-meteo,,,23.5,,,,,observed
funafuti,Novembre,11,27,29,78,2271.1,6.3,6.3,avoid,open-meteo,,,23.5,,,,,observed
funafuti,Décembre,12,27,29,84,3546.4,5.7,6.0,avoid,open-meteo,,,23.7,,,,,observed
basseterre,Janvier,1,24,26,48,1.5,8.0,7.9,rec,open-meteo,,,20.2,,,,,observed
basseterre,Février,2,24,26,51,1.9,8.0,7.8,rec,open-meteo,,,19.9,,,,,observed
basseterre,Mars,3,24,27,47,1.3,8.4,8.0,rec,open-meteo,,,20.0,,,,,observed
basseterre,Avril,4,24,27,51,1.9,8.2,7.9,rec,open-meteo,,,20.8,,,,,observed
basseterre,Mai,5,25,28,55,2.0,7.4,5.2,mid,open-meteo,,,22.1,,,,,observed
basseterre,Juin,6,26,29,55,1.8,7.7,5.2,mid,open-meteo,,,22.7,,,,,observed
basseterre,Juillet,7,26,29,63,2.5,7.6,5.0,mid,open-meteo,,,23.1,,,,,observed
basseterre,Août,8,26,29,65,3.2,8.3,5.0,mid,open-meteo,,,23.6,,,,,observed
basseterre,Septembre,9,26,29,67,4.0,7.7,5.0,mid,open-meteo,,,23.7,,,,,observed
basseterre,Octobre,10,26,29,65,3.5,7.5,5.0,mid,open-meteo,,,23.3,,,,,observed
basseterre,Novembre,11,25,28,59,3.4,7.6,5.2,mid,open-meteo,,,22.4,,,,,observed
basseterre,Décembre,12,24,27,53,1.8,7.7,7.8,rec,open-meteo,,,20.9,,,,,observed
chisinau,Janvier,1,-4,2,22,1.1,2.3,1.0,avoid,open-meteo,,,-3.6,,,,,observed
chisinau,Février,2,-2,6,22,0.9,3.4,4.1,mid,open-meteo,,,-2.4,,,,,observed
chisinau,Mars,3,1,11,25,1.2,5.0,4.2,mid,open-meteo,,,-0.2,,,,,observed
chisinau,Avril,4,6,16,29,2.0,7.0,7.2,rec,open-meteo,,,3.6,,,,,observed
chisinau,Mai,5,11,22,30,1.7,9.1,8.1,rec,open-meteo,,,8.5,,,,,observed
chisinau,Juin,6,16,26,32,2.3,10.0,8.5,rec,open-meteo,,,14.1,,,,,observed
chisinau,Juillet,7,18,28,26,1.5,10.5,8.9,rec,open-meteo,,,14.7,,,,,observed
chisinau,Août,8,18,29,15,0.8,9.9,9.1,rec,open-meteo,,,13.6,,,,,observed
chisinau,Septembre,9,13,24,20,1.4,7.3,8.3,rec,open-meteo,,,9.8,,,,,observed
chisinau,Octobre,10,7,16,19,1.4,5.2,7.2,rec,open-meteo,,,6.5,,,,,observed
chisinau,Novembre,11,3,9,25,1.5,2.7,4.1,mid,open-meteo,,,2.7,,,,,observed
chisinau,Décembre,12,-1,5,26,1.2,2.1,0.9,avoid,open-meteo,,,-0.8,,,,,observed
georgetown-guyana,Janvier,1,24,27,74,4.3,5.6,4.7,mid,open-meteo,,,22.2,,,,,observed
georgetown-guyana,Février,2,24,27,74,4.0,6.0,4.7,mid,open-meteo,,,22.0,,,,,observed
georgetown-guyana,Mars,3,25,28,64,3.5,6.4,5.0,mid,open-meteo,,,22.2,,,,,observed
georgetown-guyana,Avril,4,25,28,71,5.3,6.2,4.8,mid,open-meteo,,,22.8,,,,,observed
georgetown-guyana,Mai,5,25,28,95,10.9,5.0,4.4,mid,open-meteo,,,23.6,,,,,observed
georgetown-guyana,Juin,6,24,28,98,12.0,4.6,4.4,mid,open-meteo,,,23.7,,,,,observed
georgetown-guyana,Juillet,7,24,28,96,10.1,6.0,4.5,mid,open-meteo,,,23.8,,,,,observed
georgetown-guyana,Août,8,25,29,80,6.2,7.1,4.7,mid,open-meteo,,,24.1,,,,,observed
georgetown-guyana,Septembre,9,26,30,67,4.1,7.2,4.9,mid,open-meteo,,,24.3,,,,,observed
georgetown-guyana,Octobre,10,26,30,62,4.5,6.9,4.9,mid,open-meteo,,,24.1,,,,,observed
georgetown-guyana,Novembre,11,25,29,77,6.7,6.2,4.7,mid,open-meteo,,,23.8,,,,,observed
georgetown-guyana,Décembre,12,24,28,86,8.3,5.0,4.6,mid,open-meteo,,,23.1,,,,,observed
honiara,Janvier,1,25,30,88,11.5,6.0,4.5,mid,open-meteo,,,24.2,,,,,observed
honiara,Février,2,25,29,87,13.4,5.5,4.5,mid,open-meteo,,,24.2,,,,,observed
honiara,Mars,3,24,29,84,10.7,6.4,4.6,mid,open-meteo,,,24.0,,,,,observed
honiara,Avril,4,24,29,81,9.7,6.4,4.7,mid,open-meteo,,,24.0,,,,,observed
honiara,Mai,5,25,29,66,5.2,6.8,4.9,mid,open-meteo,,,23.9,,,,,observed
honiara,Juin,6,24,29,61,4.3,6.6,5.0,mid,open-meteo,,,23.4,,,,,observed
honiara,Juillet,7,24,29,52,4.8,6.0,5.1,mid,open-meteo,,,23.1,,,,,observed
honiara,Août,8,24,29,58,4.2,6.6,5.0,mid,open-meteo,,,23.0,,,,,observed
honiara,Septembre,9,24,29,63,5.0,6.4,4.9,mid,open-meteo,,,23.2,,,,,observed
honiara,Octobre,10,24,30,70,4.2,7.3,4.8,mid,open-meteo,,,23.3,,,,,observed
honiara,Novembre,11,24,29,82,8.6,7.2,4.7,mid,open-meteo,,,23.7,,,,,observed
honiara,Décembre,12,24,29,85,12.4,5.3,4.5,mid,open-meteo,,,24.0,,,,,observed
luxembourg,Janvier,1,0,5,46,3.0,1.7,0.6,avoid,open-meteo,,,0.2,,,,,observed
luxembourg,Février,2,0,7,42,2.6,2.8,0.8,avoid,open-meteo,,,0.8,,,,,observed
luxembourg,Mars,3,2,10,43,2.4,4.4,4.1,mid,open-meteo,,,1.9,,,,,observed
luxembourg,Avril,4,4,14,36,1.9,6.6,4.3,mid,open-meteo,,,3.8,,,,,observed
luxembourg,Mai,5,8,17,40,2.5,7.3,4.5,mid,open-meteo,,,7.7,,,,,observed
luxembourg,Juin,6,13,22,38,2.2,8.0,7.8,rec,open-meteo,,,11.8,,,,,observed
luxembourg,Juillet,7,14,23,32,2.0,8.3,8.0,rec,open-meteo,,,12.1,,,,,observed
luxembourg,Août,8,14,23,33,2.0,7.6,7.9,rec,open-meteo,,,12.7,,,,,observed
luxembourg,Septembre,9,11,20,32,2.3,5.8,7.5,rec,open-meteo,,,10.4,,,,,observed
luxembourg,Octobre,10,8,14,39,2.6,3.4,4.2,mid,open-meteo,,,8.3,,,,,observed
luxembourg,Novembre,11,4,9,45,2.7,1.7,0.8,avoid,open-meteo,,,4.0,,,,,observed
luxembourg,Décembre,12,2,6,47,2.7,1.4,0.7,avoid,open-meteo,,,2.1,,,,,observed
port-au-prince,Janvier,1,22,31,14,0.5,9.0,6.0,mid,open-meteo,,,17.5,,,,,observed
port-au-prince,Février,2,22,32,17,1.1,9.0,5.7,mid,open-meteo,,,17.2,,,,,observed
port-au-prince,Mars,3,23,32,29,1.9,9.0,5.4,mid,open-meteo,,,18.0,,,,,observed
port-au-prince,Avril,4,24,32,40,2.5,9.1,5.2,mid,open-meteo,,,19.1,,,,,observed
port-au-prince,Mai,5,25,33,29,2.6,8.1,5.1,mid,open-meteo,,,20.0,,,,,observed
port-au-prince,Juin,6,26,34,21,1.1,7.9,5.1,mid,open-meteo,,,20.2,,,,,observed
port-au-prince,Juillet,7,26,35,20,1.1,9.0,4.9,mid,open-meteo,,,20.2,,,,,observed
port-au-prince,Août,8,26,35,31,2.6,9.1,4.8,mid,open-meteo,,,20.9,,,,,observed
port-au-prince,Septembre,9,26,34,36,2.1,8.2,4.8,mid,open-meteo,,,21.5,,,,,observed
port-au-prince,Octobre,10,25,33,38,2.8,8.1,5.0,mid,open-meteo,,,21.1,,,,,observed
port-au-prince,Novembre,11,24,32,29,1.7,8.0,5.3,mid,open-meteo,,,20.0,,,,,observed
port-au-prince,Décembre,12,23,32,14,0.6,7.9,5.6,mid,open-meteo,,,18.3,,,,,observed
saint-georges-grenade,Janvier,1,24,27,48,1.7,8.8,8.1,rec,open-meteo,,,21.3,,,,,observed
saint-georges-grenade,Février,2,24,27,43,1.5,9.0,8.2,rec,open-meteo,,,21.0,,,,,observed
saint-georges-grenade,Mars,3,25,28,47,1.4,9.5,8.2,rec,open-meteo,,,21.3,,,,,observed
saint-georges-grenade,Avril,4,25,29,41,1.2,9.6,5.6,mid,open-meteo,,,22.0,,,,,observed
saint-georges-grenade,Mai,5,26,29,50,1.8,9.5,5.4,mid,open-meteo,,,22.9,,,,,observed
saint-georges-grenade,Juin,6,26,29,69,3.5,9.0,5.0,mid,open-meteo,,,23.3,,,,,observed
saint-georges-grenade,Juillet,7,26,28,79,4.2,9.1,4.9,mid,open-meteo,,,23.6,,,,,observed
saint-georges-grenade,Août,8,26,29,75,3.7,9.1,4.9,mid,open-meteo,,,24.0,,,,,observed
saint-georges-grenade,Septembre,9,26,30,65,3.2,9.1,5.0,mid,open-meteo,,,24.1,,,,,observed
saint-georges-grenade,Octobre,10,26,29,71,3.8,8.6,5.0,mid,open-meteo,,,24.0,,,,,observed
saint-georges-grenade,Novembre,11,26,28,75,4.6,8.5,5.0,mid,open-meteo,,,23.4,,,,,observed
saint-georges-grenade,Décembre,12,25,28,62,2.6,8.7,5.2,mid,open-meteo,,,22.2,,,,,observed
saint-marin,Janvier,1,1,8,32,2.5,3.9,4.1,mid,open-meteo,,,0.8,,,,,calibrated
saint-marin,Février,2,2,10,35,3.3,4.5,4.1,mid,open-meteo,,,1.9,,,,,calibrated
saint-marin,Mars,3,3,12,33,2.5,5.7,4.2,mid,open-meteo,,,2.7,,,,,calibrated
saint-marin,Avril,4,6,15,37,2.4,6.4,4.4,mid,open-meteo,,,5.5,,,,,calibrated
saint-marin,Mai,5,11,19,46,4.2,6.4,4.6,mid,open-meteo,,,9.6,,,,,calibrated
saint-marin,Juin,6,16,25,31,2.0,8.1,8.2,rec,open-meteo,,,13.2,,,,,calibrated
saint-marin,Juillet,7,18,28,25,1.5,8.6,8.7,rec,open-meteo,,,14.4,,,,,calibrated
saint-marin,Août,8,18,27,27,2.0,7.8,8.4,rec,open-meteo,,,14.7,,,,,calibrated
saint-marin,Septembre,9,14,22,33,3.2,6.4,7.7,rec,open-meteo,,,12.5,,,,,calibrated
saint-marin,Octobre,10,10,18,35,3.6,5.2,4.6,mid,open-meteo,,,10.0,,,,,calibrated
saint-marin,Novembre,11,6,13,41,3.7,3.6,4.1,mid,open-meteo,,,5.9,,,,,calibrated
saint-marin,Décembre,12,2,9,30,2.3,3.9,4.1,mid,open-meteo,,,2.6,,,,,calibrated
vaduz,Janvier,1,-3,6,53,4.9,2.3,0.6,avoid,open-meteo,,,-3.3,,,,,observed
vaduz,Février,2,-2,8,49,4.0,3.2,0.8,avoid,open-meteo,,,-1.1,,,,,observed
vaduz,Mars,3,1,11,48,4.1,4.2,1.1,avoid,open-meteo,,,1.3,,,,,observed
vaduz,Avril,4,5,15,49,5.0,5.2,4.2,mid,open-meteo,,,4.9,,,,,observed
vaduz,Mai,5,9,18,64,6.2,5.4,4.3,mid,open-meteo,,,9.5,,,,,observed
vaduz,Juin,6,14,23,59,5.7,6.0,7.4,rec,open-meteo,,,14.3,,,,,observed
vaduz,Juillet,7,15,24,59,5.7,6.4,7.4,rec,open-meteo,,,15.8,,,,,observed
vaduz,Août,8,15,24,53,6.5,5.9,7.5,rec,open-meteo,,,15.9,,,,,observed
vaduz,Septembre,9,11,21,48,4.8,4.9,7.3,rec,open-meteo,,,12.5,,,,,observed
vaduz,Octobre,10,8,17,43,4.2,3.7,4.3,mid,open-meteo,,,8.4,,,,,observed
vaduz,Novembre,11,3,11,45,4.0,2.2,1.0,avoid,open-meteo,,,2.6,,,,,observed
vaduz,Décembre,12,-1,8,46,4.5,1.8,0.8,avoid,open-meteo,,,-1.5,,,,,observed
moscou,Janvier,1,-9,-5,42,1.5,1.1,0.6,avoid,open-meteo,,,-8.7,,,,,observed
moscou,Février,2,-8,-3,34,1.3,2.5,0.8,avoid,open-meteo,,,-8.0,,,,,observed
moscou,Mars,3,-5,3,29,1.1,4.1,1.0,avoid,open-meteo,,,-4.8,,,,,observed
moscou,Avril,4,1,11,35,1.6,5.7,4.2,mid,open-meteo,,,0.3,,,,,observed
moscou,Mai,5,8,18,36,2.1,8.5,7.4,rec,open-meteo,,,5.3,,,,,observed
moscou,Juin,6,12,22,34,2.1,9.3,8.0,rec,open-meteo,,,10.5,,,,,observed
moscou,Juillet,7,15,24,45,2.7,8.7,7.9,rec,open-meteo,,,13.6,,,,,observed
moscou,Août,8,14,23,26,1.7,7.7,8.1,rec,open-meteo,,,12.7,,,,,observed
moscou,Septembre,9,9,17,29,1.6,4.9,4.5,mid,open-meteo,,,7.8,,,,,observed
moscou,Octobre,10,3,9,37,1.7,2.5,1.0,avoid,open-meteo,,,3.1,,,,,observed
moscou,Novembre,11,-2,2,36,1.7,1.1,0.7,avoid,open-meteo,,,-2.2,,,,,observed
moscou,Décembre,12,-6,-2,45,1.8,0.6,0.6,avoid,open-meteo,,,-5.8,,,,,observed
saint-petersbourg,Janvier,1,-7,-3,44,1.5,0.6,0.6,avoid,open-meteo,,,-6.9,,,,,observed
saint-petersbourg,Février,2,-6,-2,43,1.6,1.6,0.7,avoid,open-meteo,,,-6.4,,,,,observed
saint-petersbourg,Mars,3,-4,2,32,1.3,3.9,1.0,avoid,open-meteo,,,-4.2,,,,,observed
saint-petersbourg,Avril,4,0,8,39,1.7,5.9,4.1,mid,open-meteo,,,-0.4,,,,,observed
saint-petersbourg,Mai,5,7,15,33,1.5,8.2,4.5,mid,open-meteo,,,4.6,,,,,observed
saint-petersbourg,Juin,6,12,20,35,1.9,8.5,7.6,rec,open-meteo,,,10.4,,,,,observed
saint-petersbourg,Juillet,7,15,22,53,3.0,8.6,7.6,rec,open-meteo,,,13.6,,,,,observed
saint-petersbourg,Août,8,14,21,46,3.6,7.4,7.5,rec,open-meteo,,,13.2,,,,,observed
saint-petersbourg,Septembre,9,10,15,41,2.2,4.5,4.2,mid,open-meteo,,,9.3,,,,,observed
saint-petersbourg,Octobre,10,4,8,45,2.3,2.0,0.8,avoid,open-meteo,,,3.8,,,,,observed
saint-petersbourg,Novembre,11,-1,2,43,1.9,0.8,0.6,avoid,open-meteo,,,-0.7,,,,,observed
saint-petersbourg,Décembre,12,-4,-1,49,1.8,0.3,0.6,avoid,open-meteo,,,-4.2,,,,,observed
sotchi,Janvier,1,3,9,53,5.8,3.1,0.8,avoid,open-meteo,,,1.7,,,,,observed
sotchi,Février,2,4,10,46,4.9,3.7,1.0,avoid,open-meteo,,,2.4,,,,,observed
sotchi,Mars,3,5,12,50,4.3,4.7,4.1,mid,open-meteo,,,4.6,,,,,observed
sotchi,Avril,4,8,16,40,3.7,5.4,4.3,mid,open-meteo,,,8.6,,,,,observed
sotchi,Mai,5,14,20,42,3.8,7.1,7.4,rec,open-meteo,,,13.5,,,,,observed
sotchi,Juin,6,18,24,44,3.3,8.6,7.9,rec,open-meteo,,,18.6,,,,,observed
sotchi,Juillet,7,21,26,36,3.4,9.0,8.3,rec,open-meteo,,,20.4,,,,,observed
sotchi,Août,8,22,28,31,2.1,9.1,8.6,rec,open-meteo,,,20.8,,,,,observed
sotchi,Septembre,9,18,24,35,4.0,7.5,8.0,rec,open-meteo,,,16.7,,,,,observed
sotchi,Octobre,10,13,20,33,4.0,6.3,7.5,rec,open-meteo,,,11.8,,,,,observed
sotchi,Novembre,11,9,15,41,5.2,4.0,4.2,mid,open-meteo,,,7.2,,,,,observed
sotchi,Décembre,12,6,11,48,6.0,2.8,1.0,avoid,open-meteo,,,3.8,,,,,observed
kazan,Janvier,1,-13,-8,39,1.6,1.1,0.7,avoid,open-meteo,,,-11.9,,,,,observed
kazan,Février,2,-11,-6,41,1.6,2.5,0.7,avoid,open-meteo,,,-10.5,,,,,observed
kazan,Mars,3,-6,0,29,1.1,4.7,4.1,mid,open-meteo,,,-5.8,,,,,observed
kazan,Avril,4,0,8,31,1.7,7.1,4.2,mid,open-meteo,,,0.4,,,,,observed
kazan,Mai,5,9,18,28,1.4,9.4,7.6,rec,open-meteo,,,6.2,,,,,observed
kazan,Juin,6,13,22,25,1.2,10.3,8.3,rec,open-meteo,,,10.9,,,,,observed
kazan,Juillet,7,16,25,30,1.9,10.2,8.5,rec,open-meteo,,,14.1,,,,,observed
kazan,Août,8,15,24,22,1.5,8.2,8.3,rec,open-meteo,,,12.9,,,,,observed
kazan,Septembre,9,9,16,29,1.3,5.2,4.5,mid,open-meteo,,,7.7,,,,,observed
kazan,Octobre,10,2,8,38,1.9,2.5,0.9,avoid,open-meteo,,,2.3,,,,,observed
kazan,Novembre,11,-4,0,36,1.8,1.1,0.7,avoid,open-meteo,,,-3.8,,,,,observed
kazan,Décembre,12,-10,-5,37,1.5,0.7,0.7,avoid,open-meteo,,,-9.6,,,,,observed
novossibirsk,Janvier,1,-19,-12,33,1.0,2.2,0.8,avoid,open-meteo,,,-18.0,,,,,observed
novossibirsk,Février,2,-16,-10,27,0.9,3.8,1.0,avoid,open-meteo,,,-15.4,,,,,observed
novossibirsk,Mars,3,-8,-2,30,1.0,5.4,4.1,mid,open-meteo,,,-8.2,,,,,observed
novossibirsk,Avril,4,-1,9,27,1.0,7.1,4.2,mid,open-meteo,,,-2.2,,,,,observed
novossibirsk,Mai,5,6,17,34,1.5,8.5,7.3,rec,open-meteo,,,2.3,,,,,observed
novossibirsk,Juin,6,12,23,34,2.2,10.1,8.2,rec,open-meteo,,,10.6,,,,,observed
novossibirsk,Juillet,7,15,24,42,2.3,9.8,8.0,rec,open-meteo,,,13.7,,,,,observed
novossibirsk,Août,8,13,22,35,1.7,7.9,7.8,rec,open-meteo,,,12.0,,,,,observed
novossibirsk,Septembre,9,7,15,36,1.8,5.7,4.3,mid,open-meteo,,,5.6,,,,,observed
novossibirsk,Octobre,10,0,6,37,1.6,3.2,0.9,avoid,open-meteo,,,-1.7,,,,,observed
novossibirsk,Novembre,11,-11,-5,42,1.6,1.9,0.7,avoid,open-meteo,,,-9.8,,,,,observed
novossibirsk,Décembre,12,-16,-10,42,1.5,1.5,0.7,avoid,open-meteo,,,-15.9,,,,,observed
ekaterinbourg,Janvier,1,-16,-11,19,0.6,1.5,1.0,avoid,open-meteo,,,-15.9,,,,,observed
ekaterinbourg,Février,2,-14,-8,19,0.6,3.3,4.1,mid,open-meteo,,,-13.2,,,,,observed
ekaterinbourg,Mars,3,-8,0,19,0.7,5.3,4.1,mid,open-meteo,,,-8.1,,,,,observed
ekaterinbourg,Avril,4,-1,8,32,1.2,6.9,4.2,mid,open-meteo,,,-1.9,,,,,observed
ekaterinbourg,Mai,5,6,18,30,1.4,8.3,7.5,rec,open-meteo,,,2.3,,,,,observed
ekaterinbourg,Juin,6,11,21,42,2.3,9.1,7.7,rec,open-meteo,,,8.4,,,,,observed
ekaterinbourg,Juillet,7,14,23,36,2.7,8.7,8.0,rec,open-meteo,,,12.5,,,,,observed
ekaterinbourg,Août,8,13,21,30,2.1,7.0,7.7,rec,open-meteo,,,11.4,,,,,observed
ekaterinbourg,Septembre,9,6,14,32,1.5,4.8,4.3,mid,open-meteo,,,5.6,,,,,observed
ekaterinbourg,Octobre,10,0,5,32,1.2,2.5,0.9,avoid,open-meteo,,,-1.1,,,,,observed
ekaterinbourg,Novembre,11,-9,-4,28,1.1,1.7,0.9,avoid,open-meteo,,,-8.2,,,,,observed
ekaterinbourg,Décembre,12,-14,-9,22,0.8,1.2,0.9,avoid,open-meteo,,,-13.6,,,,,observed
vladivostok,Janvier,1,-14,-8,7,0.4,5.7,4.2,mid,open-meteo,,,-17.5,,,,,observed
vladivostok,Février,2,-11,-4,12,0.5,6.4,4.2,mid,open-meteo,,,-14.4,,,,,observed
vladivostok,Mars,3,-4,3,17,1.1,6.8,4.2,mid,open-meteo,,,-6.6,,,,,observed
vladivostok,Avril,4,1,9,22,1.4,6.1,4.2,mid,open-meteo,,,0.0,,,,,observed
vladivostok,Mai,5,8,13,33,2.6,5.5,4.2,mid,open-meteo,,,7.0,,,,,observed
vladivostok,Juin,6,12,17,39,3.2,4.4,4.4,mid,open-meteo,,,12.9,,,,,observed
vladivostok,Juillet,7,18,21,32,3.4,3.9,7.5,rec,open-meteo,,,18.3,,,,,observed
vladivostok,Août,8,19,23,53,6.9,4.8,7.4,rec,open-meteo,,,18.6,,,,,observed
vladivostok,Septembre,9,15,20,29,2.6,6.6,7.6,rec,open-meteo,,,13.5,,,,,observed
vladivostok,Octobre,10,7,13,23,1.9,6.3,4.4,mid,open-meteo,,,3.7,,,,,observed
vladivostok,Novembre,11,-2,3,22,1.8,5.3,4.1,mid,open-meteo,,,-6.3,,,,,observed
vladivostok,Décembre,12,-11,-5,8,0.4,4.8,4.2,mid,open-meteo,,,-16.0,,,,,observed
irkoutsk,Janvier,1,-23,-14,12,0.3,3.5,4.1,mid,open-meteo,,,-22.4,,,,,observed
irkoutsk,Février,2,-20,-10,9,0.3,5.6,4.2,mid,open-meteo,,,-19.6,,,,,observed
irkoutsk,Mars,3,-11,1,14,0.4,7.3,4.2,mid,open-meteo,,,-10.1,,,,,observed
irkoutsk,Avril,4,-2,10,20,0.7,8.3,4.4,mid,open-meteo,,,-5.7,,,,,observed
irkoutsk,Mai,5,3,16,28,1.3,8.9,7.3,rec,open-meteo,,,-0.1,,,,,observed
irkoutsk,Juin,6,11,23,33,2.0,9.2,8.1,rec,open-meteo,,,9.3,,,,,observed
irkoutsk,Juillet,7,14,25,40,3.5,8.6,8.0,rec,open-meteo,,,13.6,,,,,observed
irkoutsk,Août,8,13,22,38,3.1,7.5,7.8,rec,open-meteo,,,12.7,,,,,observed
irkoutsk,Septembre,9,6,16,35,2.2,6.1,4.4,mid,open-meteo,,,6.3,,,,,observed
irkoutsk,Octobre,10,-2,7,17,0.6,5.0,4.2,mid,open-meteo,,,-2.8,,,,,observed
irkoutsk,Novembre,11,-12,-4,13,0.4,3.2,4.1,mid,open-meteo,,,-10.7,,,,,observed
irkoutsk,Décembre,12,-20,-12,18,0.5,2.4,1.1,avoid,open-meteo,,,-19.6,,,,,observed
